layer,variant,op,start_cycle,end_cycle,core_id,tile_id,detail
vgg19_conv01_3x64,puma_fixed_adc,MVM,0.0,8196.0,0,0,4 mapped MVMU block(s)
vgg19_conv01_3x64,puma_fixed_adc,MVM,0.0,8196.0,1,0,4 mapped MVMU block(s)
vgg19_conv01_3x64,puma_fixed_adc,MVM,0.0,8196.0,2,0,1 mapped MVMU block(s)
vgg19_conv01_3x64,puma_fixed_adc,CHAIN_REDUCE,8196.0,8276.0,,,"3 core(s), 1 tile(s)"
vgg19_conv02_64x64,puma_fixed_adc,MVM,0.0,8196.0,0,0,4 mapped MVMU block(s)
vgg19_conv02_64x64,puma_fixed_adc,MVM,0.0,8196.0,1,0,4 mapped MVMU block(s)
vgg19_conv02_64x64,puma_fixed_adc,MVM,0.0,8196.0,2,0,1 mapped MVMU block(s)
vgg19_conv02_64x64,puma_fixed_adc,CHAIN_REDUCE,8196.0,8276.0,,,"3 core(s), 1 tile(s)"
vgg19_conv03_64x128,puma_fixed_adc,MVM,0.0,8196.0,0,0,4 mapped MVMU block(s)
vgg19_conv03_64x128,puma_fixed_adc,MVM,0.0,8196.0,1,0,4 mapped MVMU block(s)
vgg19_conv03_64x128,puma_fixed_adc,MVM,0.0,8196.0,2,0,4 mapped MVMU block(s)
vgg19_conv03_64x128,puma_fixed_adc,MVM,0.0,8196.0,3,0,4 mapped MVMU block(s)
vgg19_conv03_64x128,puma_fixed_adc,MVM,0.0,8196.0,4,1,2 mapped MVMU block(s)
vgg19_conv03_64x128,puma_fixed_adc,CHAIN_REDUCE,8196.0,8420.0,,,"5 core(s), 2 tile(s)"
vgg19_conv04_128x128,puma_fixed_adc,MVM,0.0,8196.0,0,0,4 mapped MVMU block(s)
vgg19_conv04_128x128,puma_fixed_adc,MVM,0.0,8196.0,1,0,4 mapped MVMU block(s)
vgg19_conv04_128x128,puma_fixed_adc,MVM,0.0,8196.0,2,0,4 mapped MVMU block(s)
vgg19_conv04_128x128,puma_fixed_adc,MVM,0.0,8196.0,3,0,4 mapped MVMU block(s)
vgg19_conv04_128x128,puma_fixed_adc,MVM,0.0,8196.0,4,1,4 mapped MVMU block(s)
vgg19_conv04_128x128,puma_fixed_adc,MVM,0.0,8196.0,5,1,4 mapped MVMU block(s)
vgg19_conv04_128x128,puma_fixed_adc,MVM,0.0,8196.0,6,1,4 mapped MVMU block(s)
vgg19_conv04_128x128,puma_fixed_adc,MVM,0.0,8196.0,7,1,4 mapped MVMU block(s)
vgg19_conv04_128x128,puma_fixed_adc,MVM,0.0,8196.0,8,2,4 mapped MVMU block(s)
vgg19_conv04_128x128,puma_fixed_adc,CHAIN_REDUCE,8196.0,8644.0,,,"9 core(s), 3 tile(s)"
vgg19_conv05_128x256,puma_fixed_adc,MVM,0.0,8196.0,0,0,4 mapped MVMU block(s)
vgg19_conv05_128x256,puma_fixed_adc,MVM,0.0,8196.0,1,0,4 mapped MVMU block(s)
vgg19_conv05_128x256,puma_fixed_adc,MVM,0.0,8196.0,2,0,4 mapped MVMU block(s)
vgg19_conv05_128x256,puma_fixed_adc,MVM,0.0,8196.0,3,0,4 mapped MVMU block(s)
vgg19_conv05_128x256,puma_fixed_adc,MVM,0.0,8196.0,4,1,4 mapped MVMU block(s)
vgg19_conv05_128x256,puma_fixed_adc,MVM,0.0,8196.0,5,1,4 mapped MVMU block(s)
vgg19_conv05_128x256,puma_fixed_adc,MVM,0.0,8196.0,6,1,4 mapped MVMU block(s)
vgg19_conv05_128x256,puma_fixed_adc,MVM,0.0,8196.0,7,1,4 mapped MVMU block(s)
vgg19_conv05_128x256,puma_fixed_adc,MVM,0.0,8196.0,8,2,4 mapped MVMU block(s)
vgg19_conv05_128x256,puma_fixed_adc,MVM,0.0,8196.0,9,2,4 mapped MVMU block(s)
vgg19_conv05_128x256,puma_fixed_adc,MVM,0.0,8196.0,10,2,4 mapped MVMU block(s)
vgg19_conv05_128x256,puma_fixed_adc,MVM,0.0,8196.0,11,2,4 mapped MVMU block(s)
vgg19_conv05_128x256,puma_fixed_adc,MVM,0.0,8196.0,12,3,4 mapped MVMU block(s)
vgg19_conv05_128x256,puma_fixed_adc,MVM,0.0,8196.0,13,3,4 mapped MVMU block(s)
vgg19_conv05_128x256,puma_fixed_adc,MVM,0.0,8196.0,14,3,4 mapped MVMU block(s)
vgg19_conv05_128x256,puma_fixed_adc,MVM,0.0,8196.0,15,3,4 mapped MVMU block(s)
vgg19_conv05_128x256,puma_fixed_adc,MVM,0.0,8196.0,16,4,4 mapped MVMU block(s)
vgg19_conv05_128x256,puma_fixed_adc,MVM,0.0,8196.0,17,4,4 mapped MVMU block(s)
vgg19_conv05_128x256,puma_fixed_adc,CHAIN_REDUCE,8196.0,9132.0,,,"18 core(s), 5 tile(s)"
vgg19_conv06_256x256,puma_fixed_adc,MVM,0.0,8196.0,0,0,4 mapped MVMU block(s)
vgg19_conv06_256x256,puma_fixed_adc,MVM,0.0,8196.0,1,0,4 mapped MVMU block(s)
vgg19_conv06_256x256,puma_fixed_adc,MVM,0.0,8196.0,2,0,4 mapped MVMU block(s)
vgg19_conv06_256x256,puma_fixed_adc,MVM,0.0,8196.0,3,0,4 mapped MVMU block(s)
vgg19_conv06_256x256,puma_fixed_adc,MVM,0.0,8196.0,4,1,4 mapped MVMU block(s)
vgg19_conv06_256x256,puma_fixed_adc,MVM,0.0,8196.0,5,1,4 mapped MVMU block(s)
vgg19_conv06_256x256,puma_fixed_adc,MVM,0.0,8196.0,6,1,4 mapped MVMU block(s)
vgg19_conv06_256x256,puma_fixed_adc,MVM,0.0,8196.0,7,1,4 mapped MVMU block(s)
vgg19_conv06_256x256,puma_fixed_adc,MVM,0.0,8196.0,8,2,4 mapped MVMU block(s)
vgg19_conv06_256x256,puma_fixed_adc,MVM,0.0,8196.0,9,2,4 mapped MVMU block(s)
vgg19_conv06_256x256,puma_fixed_adc,MVM,0.0,8196.0,10,2,4 mapped MVMU block(s)
vgg19_conv06_256x256,puma_fixed_adc,MVM,0.0,8196.0,11,2,4 mapped MVMU block(s)
vgg19_conv06_256x256,puma_fixed_adc,MVM,0.0,8196.0,12,3,4 mapped MVMU block(s)
vgg19_conv06_256x256,puma_fixed_adc,MVM,0.0,8196.0,13,3,4 mapped MVMU block(s)
vgg19_conv06_256x256,puma_fixed_adc,MVM,0.0,8196.0,14,3,4 mapped MVMU block(s)
vgg19_conv06_256x256,puma_fixed_adc,MVM,0.0,8196.0,15,3,4 mapped MVMU block(s)
vgg19_conv06_256x256,puma_fixed_adc,MVM,0.0,8196.0,16,4,4 mapped MVMU block(s)
vgg19_conv06_256x256,puma_fixed_adc,MVM,0.0,8196.0,17,4,4 mapped MVMU block(s)
vgg19_conv06_256x256,puma_fixed_adc,MVM,0.0,8196.0,18,4,4 mapped MVMU block(s)
vgg19_conv06_256x256,puma_fixed_adc,MVM,0.0,8196.0,19,4,4 mapped MVMU block(s)
vgg19_conv06_256x256,puma_fixed_adc,MVM,0.0,8196.0,20,5,4 mapped MVMU block(s)
vgg19_conv06_256x256,puma_fixed_adc,MVM,0.0,8196.0,21,5,4 mapped MVMU block(s)
vgg19_conv06_256x256,puma_fixed_adc,MVM,0.0,8196.0,22,5,4 mapped MVMU block(s)
vgg19_conv06_256x256,puma_fixed_adc,MVM,0.0,8196.0,23,5,4 mapped MVMU block(s)
vgg19_conv06_256x256,puma_fixed_adc,MVM,0.0,8196.0,24,6,4 mapped MVMU block(s)
vgg19_conv06_256x256,puma_fixed_adc,MVM,0.0,8196.0,25,6,4 mapped MVMU block(s)
vgg19_conv06_256x256,puma_fixed_adc,MVM,0.0,8196.0,26,6,4 mapped MVMU block(s)
vgg19_conv06_256x256,puma_fixed_adc,MVM,0.0,8196.0,27,6,4 mapped MVMU block(s)
vgg19_conv06_256x256,puma_fixed_adc,MVM,0.0,8196.0,28,7,4 mapped MVMU block(s)
vgg19_conv06_256x256,puma_fixed_adc,MVM,0.0,8196.0,29,7,4 mapped MVMU block(s)
vgg19_conv06_256x256,puma_fixed_adc,MVM,0.0,8196.0,30,7,4 mapped MVMU block(s)
vgg19_conv06_256x256,puma_fixed_adc,MVM,0.0,8196.0,31,7,4 mapped MVMU block(s)
vgg19_conv06_256x256,puma_fixed_adc,MVM,0.0,8196.0,32,8,4 mapped MVMU block(s)
vgg19_conv06_256x256,puma_fixed_adc,MVM,0.0,8196.0,33,8,4 mapped MVMU block(s)
vgg19_conv06_256x256,puma_fixed_adc,MVM,0.0,8196.0,34,8,4 mapped MVMU block(s)
vgg19_conv06_256x256,puma_fixed_adc,MVM,0.0,8196.0,35,8,4 mapped MVMU block(s)
vgg19_conv06_256x256,puma_fixed_adc,CHAIN_REDUCE,8196.0,10108.0,,,"36 core(s), 9 tile(s)"
vgg19_conv07_256x256,puma_fixed_adc,MVM,0.0,8196.0,0,0,4 mapped MVMU block(s)
vgg19_conv07_256x256,puma_fixed_adc,MVM,0.0,8196.0,1,0,4 mapped MVMU block(s)
vgg19_conv07_256x256,puma_fixed_adc,MVM,0.0,8196.0,2,0,4 mapped MVMU block(s)
vgg19_conv07_256x256,puma_fixed_adc,MVM,0.0,8196.0,3,0,4 mapped MVMU block(s)
vgg19_conv07_256x256,puma_fixed_adc,MVM,0.0,8196.0,4,1,4 mapped MVMU block(s)
vgg19_conv07_256x256,puma_fixed_adc,MVM,0.0,8196.0,5,1,4 mapped MVMU block(s)
vgg19_conv07_256x256,puma_fixed_adc,MVM,0.0,8196.0,6,1,4 mapped MVMU block(s)
vgg19_conv07_256x256,puma_fixed_adc,MVM,0.0,8196.0,7,1,4 mapped MVMU block(s)
vgg19_conv07_256x256,puma_fixed_adc,MVM,0.0,8196.0,8,2,4 mapped MVMU block(s)
vgg19_conv07_256x256,puma_fixed_adc,MVM,0.0,8196.0,9,2,4 mapped MVMU block(s)
vgg19_conv07_256x256,puma_fixed_adc,MVM,0.0,8196.0,10,2,4 mapped MVMU block(s)
vgg19_conv07_256x256,puma_fixed_adc,MVM,0.0,8196.0,11,2,4 mapped MVMU block(s)
vgg19_conv07_256x256,puma_fixed_adc,MVM,0.0,8196.0,12,3,4 mapped MVMU block(s)
vgg19_conv07_256x256,puma_fixed_adc,MVM,0.0,8196.0,13,3,4 mapped MVMU block(s)
vgg19_conv07_256x256,puma_fixed_adc,MVM,0.0,8196.0,14,3,4 mapped MVMU block(s)
vgg19_conv07_256x256,puma_fixed_adc,MVM,0.0,8196.0,15,3,4 mapped MVMU block(s)
vgg19_conv07_256x256,puma_fixed_adc,MVM,0.0,8196.0,16,4,4 mapped MVMU block(s)
vgg19_conv07_256x256,puma_fixed_adc,MVM,0.0,8196.0,17,4,4 mapped MVMU block(s)
vgg19_conv07_256x256,puma_fixed_adc,MVM,0.0,8196.0,18,4,4 mapped MVMU block(s)
vgg19_conv07_256x256,puma_fixed_adc,MVM,0.0,8196.0,19,4,4 mapped MVMU block(s)
vgg19_conv07_256x256,puma_fixed_adc,MVM,0.0,8196.0,20,5,4 mapped MVMU block(s)
vgg19_conv07_256x256,puma_fixed_adc,MVM,0.0,8196.0,21,5,4 mapped MVMU block(s)
vgg19_conv07_256x256,puma_fixed_adc,MVM,0.0,8196.0,22,5,4 mapped MVMU block(s)
vgg19_conv07_256x256,puma_fixed_adc,MVM,0.0,8196.0,23,5,4 mapped MVMU block(s)
vgg19_conv07_256x256,puma_fixed_adc,MVM,0.0,8196.0,24,6,4 mapped MVMU block(s)
vgg19_conv07_256x256,puma_fixed_adc,MVM,0.0,8196.0,25,6,4 mapped MVMU block(s)
vgg19_conv07_256x256,puma_fixed_adc,MVM,0.0,8196.0,26,6,4 mapped MVMU block(s)
vgg19_conv07_256x256,puma_fixed_adc,MVM,0.0,8196.0,27,6,4 mapped MVMU block(s)
vgg19_conv07_256x256,puma_fixed_adc,MVM,0.0,8196.0,28,7,4 mapped MVMU block(s)
vgg19_conv07_256x256,puma_fixed_adc,MVM,0.0,8196.0,29,7,4 mapped MVMU block(s)
vgg19_conv07_256x256,puma_fixed_adc,MVM,0.0,8196.0,30,7,4 mapped MVMU block(s)
vgg19_conv07_256x256,puma_fixed_adc,MVM,0.0,8196.0,31,7,4 mapped MVMU block(s)
vgg19_conv07_256x256,puma_fixed_adc,MVM,0.0,8196.0,32,8,4 mapped MVMU block(s)
vgg19_conv07_256x256,puma_fixed_adc,MVM,0.0,8196.0,33,8,4 mapped MVMU block(s)
vgg19_conv07_256x256,puma_fixed_adc,MVM,0.0,8196.0,34,8,4 mapped MVMU block(s)
vgg19_conv07_256x256,puma_fixed_adc,MVM,0.0,8196.0,35,8,4 mapped MVMU block(s)
vgg19_conv07_256x256,puma_fixed_adc,CHAIN_REDUCE,8196.0,10108.0,,,"36 core(s), 9 tile(s)"
vgg19_conv08_256x256,puma_fixed_adc,MVM,0.0,8196.0,0,0,4 mapped MVMU block(s)
vgg19_conv08_256x256,puma_fixed_adc,MVM,0.0,8196.0,1,0,4 mapped MVMU block(s)
vgg19_conv08_256x256,puma_fixed_adc,MVM,0.0,8196.0,2,0,4 mapped MVMU block(s)
vgg19_conv08_256x256,puma_fixed_adc,MVM,0.0,8196.0,3,0,4 mapped MVMU block(s)
vgg19_conv08_256x256,puma_fixed_adc,MVM,0.0,8196.0,4,1,4 mapped MVMU block(s)
vgg19_conv08_256x256,puma_fixed_adc,MVM,0.0,8196.0,5,1,4 mapped MVMU block(s)
vgg19_conv08_256x256,puma_fixed_adc,MVM,0.0,8196.0,6,1,4 mapped MVMU block(s)
vgg19_conv08_256x256,puma_fixed_adc,MVM,0.0,8196.0,7,1,4 mapped MVMU block(s)
vgg19_conv08_256x256,puma_fixed_adc,MVM,0.0,8196.0,8,2,4 mapped MVMU block(s)
vgg19_conv08_256x256,puma_fixed_adc,MVM,0.0,8196.0,9,2,4 mapped MVMU block(s)
vgg19_conv08_256x256,puma_fixed_adc,MVM,0.0,8196.0,10,2,4 mapped MVMU block(s)
vgg19_conv08_256x256,puma_fixed_adc,MVM,0.0,8196.0,11,2,4 mapped MVMU block(s)
vgg19_conv08_256x256,puma_fixed_adc,MVM,0.0,8196.0,12,3,4 mapped MVMU block(s)
vgg19_conv08_256x256,puma_fixed_adc,MVM,0.0,8196.0,13,3,4 mapped MVMU block(s)
vgg19_conv08_256x256,puma_fixed_adc,MVM,0.0,8196.0,14,3,4 mapped MVMU block(s)
vgg19_conv08_256x256,puma_fixed_adc,MVM,0.0,8196.0,15,3,4 mapped MVMU block(s)
vgg19_conv08_256x256,puma_fixed_adc,MVM,0.0,8196.0,16,4,4 mapped MVMU block(s)
vgg19_conv08_256x256,puma_fixed_adc,MVM,0.0,8196.0,17,4,4 mapped MVMU block(s)
vgg19_conv08_256x256,puma_fixed_adc,MVM,0.0,8196.0,18,4,4 mapped MVMU block(s)
vgg19_conv08_256x256,puma_fixed_adc,MVM,0.0,8196.0,19,4,4 mapped MVMU block(s)
vgg19_conv08_256x256,puma_fixed_adc,MVM,0.0,8196.0,20,5,4 mapped MVMU block(s)
vgg19_conv08_256x256,puma_fixed_adc,MVM,0.0,8196.0,21,5,4 mapped MVMU block(s)
vgg19_conv08_256x256,puma_fixed_adc,MVM,0.0,8196.0,22,5,4 mapped MVMU block(s)
vgg19_conv08_256x256,puma_fixed_adc,MVM,0.0,8196.0,23,5,4 mapped MVMU block(s)
vgg19_conv08_256x256,puma_fixed_adc,MVM,0.0,8196.0,24,6,4 mapped MVMU block(s)
vgg19_conv08_256x256,puma_fixed_adc,MVM,0.0,8196.0,25,6,4 mapped MVMU block(s)
vgg19_conv08_256x256,puma_fixed_adc,MVM,0.0,8196.0,26,6,4 mapped MVMU block(s)
vgg19_conv08_256x256,puma_fixed_adc,MVM,0.0,8196.0,27,6,4 mapped MVMU block(s)
vgg19_conv08_256x256,puma_fixed_adc,MVM,0.0,8196.0,28,7,4 mapped MVMU block(s)
vgg19_conv08_256x256,puma_fixed_adc,MVM,0.0,8196.0,29,7,4 mapped MVMU block(s)
vgg19_conv08_256x256,puma_fixed_adc,MVM,0.0,8196.0,30,7,4 mapped MVMU block(s)
vgg19_conv08_256x256,puma_fixed_adc,MVM,0.0,8196.0,31,7,4 mapped MVMU block(s)
vgg19_conv08_256x256,puma_fixed_adc,MVM,0.0,8196.0,32,8,4 mapped MVMU block(s)
vgg19_conv08_256x256,puma_fixed_adc,MVM,0.0,8196.0,33,8,4 mapped MVMU block(s)
vgg19_conv08_256x256,puma_fixed_adc,MVM,0.0,8196.0,34,8,4 mapped MVMU block(s)
vgg19_conv08_256x256,puma_fixed_adc,MVM,0.0,8196.0,35,8,4 mapped MVMU block(s)
vgg19_conv08_256x256,puma_fixed_adc,CHAIN_REDUCE,8196.0,10108.0,,,"36 core(s), 9 tile(s)"
vgg19_conv01_3x64,sparse_puma,MVM,0.0,2052.0,0,0,4 mapped MVMU block(s)
vgg19_conv01_3x64,sparse_puma,MVM,0.0,1972.0,1,0,4 mapped MVMU block(s)
vgg19_conv01_3x64,sparse_puma,MVM,0.0,1108.0,2,0,1 mapped MVMU block(s)
vgg19_conv01_3x64,sparse_puma,CHAIN_REDUCE,2052.0,2132.0,,,"3 core(s), 1 tile(s)"
vgg19_conv02_64x64,sparse_puma,MVM,0.0,7524.0,0,0,4 mapped MVMU block(s)
vgg19_conv02_64x64,sparse_puma,MVM,0.0,7044.0,1,0,4 mapped MVMU block(s)
vgg19_conv02_64x64,sparse_puma,MVM,0.0,6420.0,2,0,1 mapped MVMU block(s)
vgg19_conv02_64x64,sparse_puma,CHAIN_REDUCE,7524.0,7604.0,,,"3 core(s), 1 tile(s)"
vgg19_conv03_64x128,sparse_puma,MVM,0.0,7348.0,0,0,4 mapped MVMU block(s)
vgg19_conv03_64x128,sparse_puma,MVM,0.0,7124.0,1,0,4 mapped MVMU block(s)
vgg19_conv03_64x128,sparse_puma,MVM,0.0,7108.0,2,0,4 mapped MVMU block(s)
vgg19_conv03_64x128,sparse_puma,MVM,0.0,6996.0,3,0,4 mapped MVMU block(s)
vgg19_conv03_64x128,sparse_puma,MVM,0.0,6340.0,4,1,2 mapped MVMU block(s)
vgg19_conv03_64x128,sparse_puma,CHAIN_REDUCE,7348.0,7572.0,,,"5 core(s), 2 tile(s)"
vgg19_conv04_128x128,sparse_puma,MVM,0.0,7444.0,0,0,4 mapped MVMU block(s)
vgg19_conv04_128x128,sparse_puma,MVM,0.0,7172.0,1,0,4 mapped MVMU block(s)
vgg19_conv04_128x128,sparse_puma,MVM,0.0,7108.0,2,0,4 mapped MVMU block(s)
vgg19_conv04_128x128,sparse_puma,MVM,0.0,6276.0,3,0,4 mapped MVMU block(s)
vgg19_conv04_128x128,sparse_puma,MVM,0.0,6212.0,4,1,4 mapped MVMU block(s)
vgg19_conv04_128x128,sparse_puma,MVM,0.0,7316.0,5,1,4 mapped MVMU block(s)
vgg19_conv04_128x128,sparse_puma,MVM,0.0,7204.0,6,1,4 mapped MVMU block(s)
vgg19_conv04_128x128,sparse_puma,MVM,0.0,7060.0,7,1,4 mapped MVMU block(s)
vgg19_conv04_128x128,sparse_puma,MVM,0.0,6404.0,8,2,4 mapped MVMU block(s)
vgg19_conv04_128x128,sparse_puma,CHAIN_REDUCE,7444.0,7892.0,,,"9 core(s), 3 tile(s)"
vgg19_conv05_128x256,sparse_puma,MVM,0.0,7444.0,0,0,4 mapped MVMU block(s)
vgg19_conv05_128x256,sparse_puma,MVM,0.0,7268.0,1,0,4 mapped MVMU block(s)
vgg19_conv05_128x256,sparse_puma,MVM,0.0,7156.0,2,0,4 mapped MVMU block(s)
vgg19_conv05_128x256,sparse_puma,MVM,0.0,7204.0,3,0,4 mapped MVMU block(s)
vgg19_conv05_128x256,sparse_puma,MVM,0.0,7076.0,4,1,4 mapped MVMU block(s)
vgg19_conv05_128x256,sparse_puma,MVM,0.0,6900.0,5,1,4 mapped MVMU block(s)
vgg19_conv05_128x256,sparse_puma,MVM,0.0,6516.0,6,1,4 mapped MVMU block(s)
vgg19_conv05_128x256,sparse_puma,MVM,0.0,6740.0,7,1,4 mapped MVMU block(s)
vgg19_conv05_128x256,sparse_puma,MVM,0.0,6308.0,8,2,4 mapped MVMU block(s)
vgg19_conv05_128x256,sparse_puma,MVM,0.0,6276.0,9,2,4 mapped MVMU block(s)
vgg19_conv05_128x256,sparse_puma,MVM,0.0,7236.0,10,2,4 mapped MVMU block(s)
vgg19_conv05_128x256,sparse_puma,MVM,0.0,7332.0,11,2,4 mapped MVMU block(s)
vgg19_conv05_128x256,sparse_puma,MVM,0.0,7236.0,12,3,4 mapped MVMU block(s)
vgg19_conv05_128x256,sparse_puma,MVM,0.0,7188.0,13,3,4 mapped MVMU block(s)
vgg19_conv05_128x256,sparse_puma,MVM,0.0,7076.0,14,3,4 mapped MVMU block(s)
vgg19_conv05_128x256,sparse_puma,MVM,0.0,6884.0,15,3,4 mapped MVMU block(s)
vgg19_conv05_128x256,sparse_puma,MVM,0.0,6468.0,16,4,4 mapped MVMU block(s)
vgg19_conv05_128x256,sparse_puma,MVM,0.0,6708.0,17,4,4 mapped MVMU block(s)
vgg19_conv05_128x256,sparse_puma,CHAIN_REDUCE,7444.0,8380.0,,,"18 core(s), 5 tile(s)"
vgg19_conv06_256x256,sparse_puma,MVM,0.0,7492.0,0,0,4 mapped MVMU block(s)
vgg19_conv06_256x256,sparse_puma,MVM,0.0,7316.0,1,0,4 mapped MVMU block(s)
vgg19_conv06_256x256,sparse_puma,MVM,0.0,7524.0,2,0,4 mapped MVMU block(s)
vgg19_conv06_256x256,sparse_puma,MVM,0.0,7492.0,3,0,4 mapped MVMU block(s)
vgg19_conv06_256x256,sparse_puma,MVM,0.0,7108.0,4,1,4 mapped MVMU block(s)
vgg19_conv06_256x256,sparse_puma,MVM,0.0,7236.0,5,1,4 mapped MVMU block(s)
vgg19_conv06_256x256,sparse_puma,MVM,0.0,7204.0,6,1,4 mapped MVMU block(s)
vgg19_conv06_256x256,sparse_puma,MVM,0.0,7108.0,7,1,4 mapped MVMU block(s)
vgg19_conv06_256x256,sparse_puma,MVM,0.0,7044.0,8,2,4 mapped MVMU block(s)
vgg19_conv06_256x256,sparse_puma,MVM,0.0,6900.0,9,2,4 mapped MVMU block(s)
vgg19_conv06_256x256,sparse_puma,MVM,0.0,6884.0,10,2,4 mapped MVMU block(s)
vgg19_conv06_256x256,sparse_puma,MVM,0.0,7076.0,11,2,4 mapped MVMU block(s)
vgg19_conv06_256x256,sparse_puma,MVM,0.0,6452.0,12,3,4 mapped MVMU block(s)
vgg19_conv06_256x256,sparse_puma,MVM,0.0,6724.0,13,3,4 mapped MVMU block(s)
vgg19_conv06_256x256,sparse_puma,MVM,0.0,6756.0,14,3,4 mapped MVMU block(s)
vgg19_conv06_256x256,sparse_puma,MVM,0.0,6388.0,15,3,4 mapped MVMU block(s)
vgg19_conv06_256x256,sparse_puma,MVM,0.0,6244.0,16,4,4 mapped MVMU block(s)
vgg19_conv06_256x256,sparse_puma,MVM,0.0,6356.0,17,4,4 mapped MVMU block(s)
vgg19_conv06_256x256,sparse_puma,MVM,0.0,5892.0,18,4,4 mapped MVMU block(s)
vgg19_conv06_256x256,sparse_puma,MVM,0.0,6260.0,19,4,4 mapped MVMU block(s)
vgg19_conv06_256x256,sparse_puma,MVM,0.0,7268.0,20,5,4 mapped MVMU block(s)
vgg19_conv06_256x256,sparse_puma,MVM,0.0,7268.0,21,5,4 mapped MVMU block(s)
vgg19_conv06_256x256,sparse_puma,MVM,0.0,7444.0,22,5,4 mapped MVMU block(s)
vgg19_conv06_256x256,sparse_puma,MVM,0.0,7396.0,23,5,4 mapped MVMU block(s)
vgg19_conv06_256x256,sparse_puma,MVM,0.0,7220.0,24,6,4 mapped MVMU block(s)
vgg19_conv06_256x256,sparse_puma,MVM,0.0,7252.0,25,6,4 mapped MVMU block(s)
vgg19_conv06_256x256,sparse_puma,MVM,0.0,7060.0,26,6,4 mapped MVMU block(s)
vgg19_conv06_256x256,sparse_puma,MVM,0.0,7140.0,27,6,4 mapped MVMU block(s)
vgg19_conv06_256x256,sparse_puma,MVM,0.0,7108.0,28,7,4 mapped MVMU block(s)
vgg19_conv06_256x256,sparse_puma,MVM,0.0,6884.0,29,7,4 mapped MVMU block(s)
vgg19_conv06_256x256,sparse_puma,MVM,0.0,7076.0,30,7,4 mapped MVMU block(s)
vgg19_conv06_256x256,sparse_puma,MVM,0.0,7044.0,31,7,4 mapped MVMU block(s)
vgg19_conv06_256x256,sparse_puma,MVM,0.0,6404.0,32,8,4 mapped MVMU block(s)
vgg19_conv06_256x256,sparse_puma,MVM,0.0,6724.0,33,8,4 mapped MVMU block(s)
vgg19_conv06_256x256,sparse_puma,MVM,0.0,6724.0,34,8,4 mapped MVMU block(s)
vgg19_conv06_256x256,sparse_puma,MVM,0.0,6468.0,35,8,4 mapped MVMU block(s)
vgg19_conv06_256x256,sparse_puma,CHAIN_REDUCE,7524.0,9404.0,,,"36 core(s), 9 tile(s)"
vgg19_conv07_256x256,sparse_puma,MVM,0.0,7476.0,0,0,4 mapped MVMU block(s)
vgg19_conv07_256x256,sparse_puma,MVM,0.0,7252.0,1,0,4 mapped MVMU block(s)
vgg19_conv07_256x256,sparse_puma,MVM,0.0,7412.0,2,0,4 mapped MVMU block(s)
vgg19_conv07_256x256,sparse_puma,MVM,0.0,7444.0,3,0,4 mapped MVMU block(s)
vgg19_conv07_256x256,sparse_puma,MVM,0.0,7156.0,4,1,4 mapped MVMU block(s)
vgg19_conv07_256x256,sparse_puma,MVM,0.0,7284.0,5,1,4 mapped MVMU block(s)
vgg19_conv07_256x256,sparse_puma,MVM,0.0,7220.0,6,1,4 mapped MVMU block(s)
vgg19_conv07_256x256,sparse_puma,MVM,0.0,7140.0,7,1,4 mapped MVMU block(s)
vgg19_conv07_256x256,sparse_puma,MVM,0.0,7108.0,8,2,4 mapped MVMU block(s)
vgg19_conv07_256x256,sparse_puma,MVM,0.0,6948.0,9,2,4 mapped MVMU block(s)
vgg19_conv07_256x256,sparse_puma,MVM,0.0,6900.0,10,2,4 mapped MVMU block(s)
vgg19_conv07_256x256,sparse_puma,MVM,0.0,7124.0,11,2,4 mapped MVMU block(s)
vgg19_conv07_256x256,sparse_puma,MVM,0.0,6356.0,12,3,4 mapped MVMU block(s)
vgg19_conv07_256x256,sparse_puma,MVM,0.0,6740.0,13,3,4 mapped MVMU block(s)
vgg19_conv07_256x256,sparse_puma,MVM,0.0,6740.0,14,3,4 mapped MVMU block(s)
vgg19_conv07_256x256,sparse_puma,MVM,0.0,6388.0,15,3,4 mapped MVMU block(s)
vgg19_conv07_256x256,sparse_puma,MVM,0.0,6260.0,16,4,4 mapped MVMU block(s)
vgg19_conv07_256x256,sparse_puma,MVM,0.0,6308.0,17,4,4 mapped MVMU block(s)
vgg19_conv07_256x256,sparse_puma,MVM,0.0,5780.0,18,4,4 mapped MVMU block(s)
vgg19_conv07_256x256,sparse_puma,MVM,0.0,6308.0,19,4,4 mapped MVMU block(s)
vgg19_conv07_256x256,sparse_puma,MVM,0.0,7332.0,20,5,4 mapped MVMU block(s)
vgg19_conv07_256x256,sparse_puma,MVM,0.0,7284.0,21,5,4 mapped MVMU block(s)
vgg19_conv07_256x256,sparse_puma,MVM,0.0,7380.0,22,5,4 mapped MVMU block(s)
vgg19_conv07_256x256,sparse_puma,MVM,0.0,7444.0,23,5,4 mapped MVMU block(s)
vgg19_conv07_256x256,sparse_puma,MVM,0.0,7316.0,24,6,4 mapped MVMU block(s)
vgg19_conv07_256x256,sparse_puma,MVM,0.0,7252.0,25,6,4 mapped MVMU block(s)
vgg19_conv07_256x256,sparse_puma,MVM,0.0,7156.0,26,6,4 mapped MVMU block(s)
vgg19_conv07_256x256,sparse_puma,MVM,0.0,7124.0,27,6,4 mapped MVMU block(s)
vgg19_conv07_256x256,sparse_puma,MVM,0.0,7124.0,28,7,4 mapped MVMU block(s)
vgg19_conv07_256x256,sparse_puma,MVM,0.0,6932.0,29,7,4 mapped MVMU block(s)
vgg19_conv07_256x256,sparse_puma,MVM,0.0,7060.0,30,7,4 mapped MVMU block(s)
vgg19_conv07_256x256,sparse_puma,MVM,0.0,7012.0,31,7,4 mapped MVMU block(s)
vgg19_conv07_256x256,sparse_puma,MVM,0.0,6436.0,32,8,4 mapped MVMU block(s)
vgg19_conv07_256x256,sparse_puma,MVM,0.0,6724.0,33,8,4 mapped MVMU block(s)
vgg19_conv07_256x256,sparse_puma,MVM,0.0,6788.0,34,8,4 mapped MVMU block(s)
vgg19_conv07_256x256,sparse_puma,MVM,0.0,6420.0,35,8,4 mapped MVMU block(s)
vgg19_conv07_256x256,sparse_puma,CHAIN_REDUCE,7476.0,9388.0,,,"36 core(s), 9 tile(s)"
vgg19_conv08_256x256,sparse_puma,MVM,0.0,7476.0,0,0,4 mapped MVMU block(s)
vgg19_conv08_256x256,sparse_puma,MVM,0.0,7268.0,1,0,4 mapped MVMU block(s)
vgg19_conv08_256x256,sparse_puma,MVM,0.0,7460.0,2,0,4 mapped MVMU block(s)
vgg19_conv08_256x256,sparse_puma,MVM,0.0,7508.0,3,0,4 mapped MVMU block(s)
vgg19_conv08_256x256,sparse_puma,MVM,0.0,7092.0,4,1,4 mapped MVMU block(s)
vgg19_conv08_256x256,sparse_puma,MVM,0.0,7220.0,5,1,4 mapped MVMU block(s)
vgg19_conv08_256x256,sparse_puma,MVM,0.0,7252.0,6,1,4 mapped MVMU block(s)
vgg19_conv08_256x256,sparse_puma,MVM,0.0,7124.0,7,1,4 mapped MVMU block(s)
vgg19_conv08_256x256,sparse_puma,MVM,0.0,7076.0,8,2,4 mapped MVMU block(s)
vgg19_conv08_256x256,sparse_puma,MVM,0.0,6884.0,9,2,4 mapped MVMU block(s)
vgg19_conv08_256x256,sparse_puma,MVM,0.0,6916.0,10,2,4 mapped MVMU block(s)
vgg19_conv08_256x256,sparse_puma,MVM,0.0,7124.0,11,2,4 mapped MVMU block(s)
vgg19_conv08_256x256,sparse_puma,MVM,0.0,6356.0,12,3,4 mapped MVMU block(s)
vgg19_conv08_256x256,sparse_puma,MVM,0.0,6756.0,13,3,4 mapped MVMU block(s)
vgg19_conv08_256x256,sparse_puma,MVM,0.0,6740.0,14,3,4 mapped MVMU block(s)
vgg19_conv08_256x256,sparse_puma,MVM,0.0,6340.0,15,3,4 mapped MVMU block(s)
vgg19_conv08_256x256,sparse_puma,MVM,0.0,6276.0,16,4,4 mapped MVMU block(s)
vgg19_conv08_256x256,sparse_puma,MVM,0.0,6260.0,17,4,4 mapped MVMU block(s)
vgg19_conv08_256x256,sparse_puma,MVM,0.0,5732.0,18,4,4 mapped MVMU block(s)
vgg19_conv08_256x256,sparse_puma,MVM,0.0,6164.0,19,4,4 mapped MVMU block(s)
vgg19_conv08_256x256,sparse_puma,MVM,0.0,7236.0,20,5,4 mapped MVMU block(s)
vgg19_conv08_256x256,sparse_puma,MVM,0.0,7316.0,21,5,4 mapped MVMU block(s)
vgg19_conv08_256x256,sparse_puma,MVM,0.0,7460.0,22,5,4 mapped MVMU block(s)
vgg19_conv08_256x256,sparse_puma,MVM,0.0,7428.0,23,5,4 mapped MVMU block(s)
vgg19_conv08_256x256,sparse_puma,MVM,0.0,7236.0,24,6,4 mapped MVMU block(s)
vgg19_conv08_256x256,sparse_puma,MVM,0.0,7236.0,25,6,4 mapped MVMU block(s)
vgg19_conv08_256x256,sparse_puma,MVM,0.0,7108.0,26,6,4 mapped MVMU block(s)
vgg19_conv08_256x256,sparse_puma,MVM,0.0,7108.0,27,6,4 mapped MVMU block(s)
vgg19_conv08_256x256,sparse_puma,MVM,0.0,7108.0,28,7,4 mapped MVMU block(s)
vgg19_conv08_256x256,sparse_puma,MVM,0.0,6724.0,29,7,4 mapped MVMU block(s)
vgg19_conv08_256x256,sparse_puma,MVM,0.0,7060.0,30,7,4 mapped MVMU block(s)
vgg19_conv08_256x256,sparse_puma,MVM,0.0,7060.0,31,7,4 mapped MVMU block(s)
vgg19_conv08_256x256,sparse_puma,MVM,0.0,6548.0,32,8,4 mapped MVMU block(s)
vgg19_conv08_256x256,sparse_puma,MVM,0.0,6644.0,33,8,4 mapped MVMU block(s)
vgg19_conv08_256x256,sparse_puma,MVM,0.0,6772.0,34,8,4 mapped MVMU block(s)
vgg19_conv08_256x256,sparse_puma,MVM,0.0,6292.0,35,8,4 mapped MVMU block(s)
vgg19_conv08_256x256,sparse_puma,CHAIN_REDUCE,7508.0,9388.0,,,"36 core(s), 9 tile(s)"
vgg19_conv01_3x64,col_exchange,MVM,0.0,2052.0,0,0,4 mapped MVMU block(s)
vgg19_conv01_3x64,col_exchange,MVM,0.0,1972.0,1,0,4 mapped MVMU block(s)
vgg19_conv01_3x64,col_exchange,MVM,0.0,1108.0,2,0,1 mapped MVMU block(s)
vgg19_conv01_3x64,col_exchange,CHAIN_REDUCE,2052.0,2132.0,,,"3 core(s), 1 tile(s)"
vgg19_conv02_64x64,col_exchange,MVM,0.0,7524.0,0,0,4 mapped MVMU block(s)
vgg19_conv02_64x64,col_exchange,MVM,0.0,7044.0,1,0,4 mapped MVMU block(s)
vgg19_conv02_64x64,col_exchange,MVM,0.0,6420.0,2,0,1 mapped MVMU block(s)
vgg19_conv02_64x64,col_exchange,CHAIN_REDUCE,7524.0,7604.0,,,"3 core(s), 1 tile(s)"
vgg19_conv03_64x128,col_exchange,MVM,0.0,7204.0,0,0,4 mapped MVMU block(s)
vgg19_conv03_64x128,col_exchange,MVM,0.0,7076.0,1,0,4 mapped MVMU block(s)
vgg19_conv03_64x128,col_exchange,MVM,0.0,7076.0,2,0,4 mapped MVMU block(s)
vgg19_conv03_64x128,col_exchange,MVM,0.0,6452.0,3,0,4 mapped MVMU block(s)
vgg19_conv03_64x128,col_exchange,MVM,0.0,4820.0,4,1,2 mapped MVMU block(s)
vgg19_conv03_64x128,col_exchange,CHAIN_REDUCE,7204.0,7428.0,,,"5 core(s), 2 tile(s)"
vgg19_conv03_64x128,col_exchange,REARRANGE,7428.0,7644.0,,,18 vector rearrange(s)
vgg19_conv04_128x128,col_exchange,MVM,0.0,7316.0,0,0,4 mapped MVMU block(s)
vgg19_conv04_128x128,col_exchange,MVM,0.0,6948.0,1,0,4 mapped MVMU block(s)
vgg19_conv04_128x128,col_exchange,MVM,0.0,7108.0,2,0,4 mapped MVMU block(s)
vgg19_conv04_128x128,col_exchange,MVM,0.0,6212.0,3,0,4 mapped MVMU block(s)
vgg19_conv04_128x128,col_exchange,MVM,0.0,4756.0,4,1,4 mapped MVMU block(s)
vgg19_conv04_128x128,col_exchange,MVM,0.0,7060.0,5,1,4 mapped MVMU block(s)
vgg19_conv04_128x128,col_exchange,MVM,0.0,7204.0,6,1,4 mapped MVMU block(s)
vgg19_conv04_128x128,col_exchange,MVM,0.0,6836.0,7,1,4 mapped MVMU block(s)
vgg19_conv04_128x128,col_exchange,MVM,0.0,5748.0,8,2,4 mapped MVMU block(s)
vgg19_conv04_128x128,col_exchange,CHAIN_REDUCE,7316.0,7764.0,,,"9 core(s), 3 tile(s)"
vgg19_conv04_128x128,col_exchange,REARRANGE,7764.0,8100.0,,,28 vector rearrange(s)
vgg19_conv05_128x256,col_exchange,MVM,0.0,7284.0,0,0,4 mapped MVMU block(s)
vgg19_conv05_128x256,col_exchange,MVM,0.0,7028.0,1,0,4 mapped MVMU block(s)
vgg19_conv05_128x256,col_exchange,MVM,0.0,6804.0,2,0,4 mapped MVMU block(s)
vgg19_conv05_128x256,col_exchange,MVM,0.0,6916.0,3,0,4 mapped MVMU block(s)
vgg19_conv05_128x256,col_exchange,MVM,0.0,6468.0,4,1,4 mapped MVMU block(s)
vgg19_conv05_128x256,col_exchange,MVM,0.0,5924.0,5,1,4 mapped MVMU block(s)
vgg19_conv05_128x256,col_exchange,MVM,0.0,5284.0,6,1,4 mapped MVMU block(s)
vgg19_conv05_128x256,col_exchange,MVM,0.0,5412.0,7,1,4 mapped MVMU block(s)
vgg19_conv05_128x256,col_exchange,MVM,0.0,4612.0,8,2,4 mapped MVMU block(s)
vgg19_conv05_128x256,col_exchange,MVM,0.0,5108.0,9,2,4 mapped MVMU block(s)
vgg19_conv05_128x256,col_exchange,MVM,0.0,7044.0,10,2,4 mapped MVMU block(s)
vgg19_conv05_128x256,col_exchange,MVM,0.0,7076.0,11,2,4 mapped MVMU block(s)
vgg19_conv05_128x256,col_exchange,MVM,0.0,6772.0,12,3,4 mapped MVMU block(s)
vgg19_conv05_128x256,col_exchange,MVM,0.0,6932.0,13,3,4 mapped MVMU block(s)
vgg19_conv05_128x256,col_exchange,MVM,0.0,6660.0,14,3,4 mapped MVMU block(s)
vgg19_conv05_128x256,col_exchange,MVM,0.0,6004.0,15,3,4 mapped MVMU block(s)
vgg19_conv05_128x256,col_exchange,MVM,0.0,5316.0,16,4,4 mapped MVMU block(s)
vgg19_conv05_128x256,col_exchange,MVM,0.0,5556.0,17,4,4 mapped MVMU block(s)
vgg19_conv05_128x256,col_exchange,CHAIN_REDUCE,7284.0,8220.0,,,"18 core(s), 5 tile(s)"
vgg19_conv05_128x256,col_exchange,REARRANGE,8220.0,9204.0,,,82 vector rearrange(s)
vgg19_conv06_256x256,col_exchange,MVM,0.0,7332.0,0,0,4 mapped MVMU block(s)
vgg19_conv06_256x256,col_exchange,MVM,0.0,7028.0,1,0,4 mapped MVMU block(s)
vgg19_conv06_256x256,col_exchange,MVM,0.0,7156.0,2,0,4 mapped MVMU block(s)
vgg19_conv06_256x256,col_exchange,MVM,0.0,7268.0,3,0,4 mapped MVMU block(s)
vgg19_conv06_256x256,col_exchange,MVM,0.0,6804.0,4,1,4 mapped MVMU block(s)
vgg19_conv06_256x256,col_exchange,MVM,0.0,6932.0,5,1,4 mapped MVMU block(s)
vgg19_conv06_256x256,col_exchange,MVM,0.0,7012.0,6,1,4 mapped MVMU block(s)
vgg19_conv06_256x256,col_exchange,MVM,0.0,6676.0,7,1,4 mapped MVMU block(s)
vgg19_conv06_256x256,col_exchange,MVM,0.0,6452.0,8,2,4 mapped MVMU block(s)
vgg19_conv06_256x256,col_exchange,MVM,0.0,5956.0,9,2,4 mapped MVMU block(s)
vgg19_conv06_256x256,col_exchange,MVM,0.0,6148.0,10,2,4 mapped MVMU block(s)
vgg19_conv06_256x256,col_exchange,MVM,0.0,6484.0,11,2,4 mapped MVMU block(s)
vgg19_conv06_256x256,col_exchange,MVM,0.0,5060.0,12,3,4 mapped MVMU block(s)
vgg19_conv06_256x256,col_exchange,MVM,0.0,5428.0,13,3,4 mapped MVMU block(s)
vgg19_conv06_256x256,col_exchange,MVM,0.0,5700.0,14,3,4 mapped MVMU block(s)
vgg19_conv06_256x256,col_exchange,MVM,0.0,5028.0,15,3,4 mapped MVMU block(s)
vgg19_conv06_256x256,col_exchange,MVM,0.0,4580.0,16,4,4 mapped MVMU block(s)
vgg19_conv06_256x256,col_exchange,MVM,0.0,4996.0,17,4,4 mapped MVMU block(s)
vgg19_conv06_256x256,col_exchange,MVM,0.0,4180.0,18,4,4 mapped MVMU block(s)
vgg19_conv06_256x256,col_exchange,MVM,0.0,4596.0,19,4,4 mapped MVMU block(s)
vgg19_conv06_256x256,col_exchange,MVM,0.0,7028.0,20,5,4 mapped MVMU block(s)
vgg19_conv06_256x256,col_exchange,MVM,0.0,7028.0,21,5,4 mapped MVMU block(s)
vgg19_conv06_256x256,col_exchange,MVM,0.0,7284.0,22,5,4 mapped MVMU block(s)
vgg19_conv06_256x256,col_exchange,MVM,0.0,7284.0,23,5,4 mapped MVMU block(s)
vgg19_conv06_256x256,col_exchange,MVM,0.0,6740.0,24,6,4 mapped MVMU block(s)
vgg19_conv06_256x256,col_exchange,MVM,0.0,6964.0,25,6,4 mapped MVMU block(s)
vgg19_conv06_256x256,col_exchange,MVM,0.0,6628.0,26,6,4 mapped MVMU block(s)
vgg19_conv06_256x256,col_exchange,MVM,0.0,6772.0,27,6,4 mapped MVMU block(s)
vgg19_conv06_256x256,col_exchange,MVM,0.0,6580.0,28,7,4 mapped MVMU block(s)
vgg19_conv06_256x256,col_exchange,MVM,0.0,5876.0,29,7,4 mapped MVMU block(s)
vgg19_conv06_256x256,col_exchange,MVM,0.0,6212.0,30,7,4 mapped MVMU block(s)
vgg19_conv06_256x256,col_exchange,MVM,0.0,6484.0,31,7,4 mapped MVMU block(s)
vgg19_conv06_256x256,col_exchange,MVM,0.0,5220.0,32,8,4 mapped MVMU block(s)
vgg19_conv06_256x256,col_exchange,MVM,0.0,5588.0,33,8,4 mapped MVMU block(s)
vgg19_conv06_256x256,col_exchange,MVM,0.0,5828.0,34,8,4 mapped MVMU block(s)
vgg19_conv06_256x256,col_exchange,MVM,0.0,5140.0,35,8,4 mapped MVMU block(s)
vgg19_conv06_256x256,col_exchange,CHAIN_REDUCE,7332.0,9244.0,,,"36 core(s), 9 tile(s)"
vgg19_conv06_256x256,col_exchange,REARRANGE,9244.0,11308.0,,,172 vector rearrange(s)
vgg19_conv07_256x256,col_exchange,MVM,0.0,7316.0,0,0,4 mapped MVMU block(s)
vgg19_conv07_256x256,col_exchange,MVM,0.0,7028.0,1,0,4 mapped MVMU block(s)
vgg19_conv07_256x256,col_exchange,MVM,0.0,7092.0,2,0,4 mapped MVMU block(s)
vgg19_conv07_256x256,col_exchange,MVM,0.0,7300.0,3,0,4 mapped MVMU block(s)
vgg19_conv07_256x256,col_exchange,MVM,0.0,6724.0,4,1,4 mapped MVMU block(s)
vgg19_conv07_256x256,col_exchange,MVM,0.0,6900.0,5,1,4 mapped MVMU block(s)
vgg19_conv07_256x256,col_exchange,MVM,0.0,6948.0,6,1,4 mapped MVMU block(s)
vgg19_conv07_256x256,col_exchange,MVM,0.0,6660.0,7,1,4 mapped MVMU block(s)
vgg19_conv07_256x256,col_exchange,MVM,0.0,6484.0,8,2,4 mapped MVMU block(s)
vgg19_conv07_256x256,col_exchange,MVM,0.0,5892.0,9,2,4 mapped MVMU block(s)
vgg19_conv07_256x256,col_exchange,MVM,0.0,6100.0,10,2,4 mapped MVMU block(s)
vgg19_conv07_256x256,col_exchange,MVM,0.0,6484.0,11,2,4 mapped MVMU block(s)
vgg19_conv07_256x256,col_exchange,MVM,0.0,5124.0,12,3,4 mapped MVMU block(s)
vgg19_conv07_256x256,col_exchange,MVM,0.0,5460.0,13,3,4 mapped MVMU block(s)
vgg19_conv07_256x256,col_exchange,MVM,0.0,5716.0,14,3,4 mapped MVMU block(s)
vgg19_conv07_256x256,col_exchange,MVM,0.0,4868.0,15,3,4 mapped MVMU block(s)
vgg19_conv07_256x256,col_exchange,MVM,0.0,4644.0,16,4,4 mapped MVMU block(s)
vgg19_conv07_256x256,col_exchange,MVM,0.0,5076.0,17,4,4 mapped MVMU block(s)
vgg19_conv07_256x256,col_exchange,MVM,0.0,4212.0,18,4,4 mapped MVMU block(s)
vgg19_conv07_256x256,col_exchange,MVM,0.0,4532.0,19,4,4 mapped MVMU block(s)
vgg19_conv07_256x256,col_exchange,MVM,0.0,7028.0,20,5,4 mapped MVMU block(s)
vgg19_conv07_256x256,col_exchange,MVM,0.0,7044.0,21,5,4 mapped MVMU block(s)
vgg19_conv07_256x256,col_exchange,MVM,0.0,7268.0,22,5,4 mapped MVMU block(s)
vgg19_conv07_256x256,col_exchange,MVM,0.0,7284.0,23,5,4 mapped MVMU block(s)
vgg19_conv07_256x256,col_exchange,MVM,0.0,6836.0,24,6,4 mapped MVMU block(s)
vgg19_conv07_256x256,col_exchange,MVM,0.0,6964.0,25,6,4 mapped MVMU block(s)
vgg19_conv07_256x256,col_exchange,MVM,0.0,6564.0,26,6,4 mapped MVMU block(s)
vgg19_conv07_256x256,col_exchange,MVM,0.0,6724.0,27,6,4 mapped MVMU block(s)
vgg19_conv07_256x256,col_exchange,MVM,0.0,6628.0,28,7,4 mapped MVMU block(s)
vgg19_conv07_256x256,col_exchange,MVM,0.0,6020.0,29,7,4 mapped MVMU block(s)
vgg19_conv07_256x256,col_exchange,MVM,0.0,6244.0,30,7,4 mapped MVMU block(s)
vgg19_conv07_256x256,col_exchange,MVM,0.0,6516.0,31,7,4 mapped MVMU block(s)
vgg19_conv07_256x256,col_exchange,MVM,0.0,5396.0,32,8,4 mapped MVMU block(s)
vgg19_conv07_256x256,col_exchange,MVM,0.0,5556.0,33,8,4 mapped MVMU block(s)
vgg19_conv07_256x256,col_exchange,MVM,0.0,5764.0,34,8,4 mapped MVMU block(s)
vgg19_conv07_256x256,col_exchange,MVM,0.0,5108.0,35,8,4 mapped MVMU block(s)
vgg19_conv07_256x256,col_exchange,CHAIN_REDUCE,7316.0,9228.0,,,"36 core(s), 9 tile(s)"
vgg19_conv07_256x256,col_exchange,REARRANGE,9228.0,11268.0,,,170 vector rearrange(s)
vgg19_conv08_256x256,col_exchange,MVM,0.0,7300.0,0,0,4 mapped MVMU block(s)
vgg19_conv08_256x256,col_exchange,MVM,0.0,7044.0,1,0,4 mapped MVMU block(s)
vgg19_conv08_256x256,col_exchange,MVM,0.0,7124.0,2,0,4 mapped MVMU block(s)
vgg19_conv08_256x256,col_exchange,MVM,0.0,7348.0,3,0,4 mapped MVMU block(s)
vgg19_conv08_256x256,col_exchange,MVM,0.0,6788.0,4,1,4 mapped MVMU block(s)
vgg19_conv08_256x256,col_exchange,MVM,0.0,6884.0,5,1,4 mapped MVMU block(s)
vgg19_conv08_256x256,col_exchange,MVM,0.0,7012.0,6,1,4 mapped MVMU block(s)
vgg19_conv08_256x256,col_exchange,MVM,0.0,6644.0,7,1,4 mapped MVMU block(s)
vgg19_conv08_256x256,col_exchange,MVM,0.0,6548.0,8,2,4 mapped MVMU block(s)
vgg19_conv08_256x256,col_exchange,MVM,0.0,6020.0,9,2,4 mapped MVMU block(s)
vgg19_conv08_256x256,col_exchange,MVM,0.0,6116.0,10,2,4 mapped MVMU block(s)
vgg19_conv08_256x256,col_exchange,MVM,0.0,6516.0,11,2,4 mapped MVMU block(s)
vgg19_conv08_256x256,col_exchange,MVM,0.0,5156.0,12,3,4 mapped MVMU block(s)
vgg19_conv08_256x256,col_exchange,MVM,0.0,5460.0,13,3,4 mapped MVMU block(s)
vgg19_conv08_256x256,col_exchange,MVM,0.0,5652.0,14,3,4 mapped MVMU block(s)
vgg19_conv08_256x256,col_exchange,MVM,0.0,4708.0,15,3,4 mapped MVMU block(s)
vgg19_conv08_256x256,col_exchange,MVM,0.0,4532.0,16,4,4 mapped MVMU block(s)
vgg19_conv08_256x256,col_exchange,MVM,0.0,5012.0,17,4,4 mapped MVMU block(s)
vgg19_conv08_256x256,col_exchange,MVM,0.0,4036.0,18,4,4 mapped MVMU block(s)
vgg19_conv08_256x256,col_exchange,MVM,0.0,4628.0,19,4,4 mapped MVMU block(s)
vgg19_conv08_256x256,col_exchange,MVM,0.0,6996.0,20,5,4 mapped MVMU block(s)
vgg19_conv08_256x256,col_exchange,MVM,0.0,7076.0,21,5,4 mapped MVMU block(s)
vgg19_conv08_256x256,col_exchange,MVM,0.0,7332.0,22,5,4 mapped MVMU block(s)
vgg19_conv08_256x256,col_exchange,MVM,0.0,7268.0,23,5,4 mapped MVMU block(s)
vgg19_conv08_256x256,col_exchange,MVM,0.0,6804.0,24,6,4 mapped MVMU block(s)
vgg19_conv08_256x256,col_exchange,MVM,0.0,6900.0,25,6,4 mapped MVMU block(s)
vgg19_conv08_256x256,col_exchange,MVM,0.0,6676.0,26,6,4 mapped MVMU block(s)
vgg19_conv08_256x256,col_exchange,MVM,0.0,6708.0,27,6,4 mapped MVMU block(s)
vgg19_conv08_256x256,col_exchange,MVM,0.0,6628.0,28,7,4 mapped MVMU block(s)
vgg19_conv08_256x256,col_exchange,MVM,0.0,5972.0,29,7,4 mapped MVMU block(s)
vgg19_conv08_256x256,col_exchange,MVM,0.0,6148.0,30,7,4 mapped MVMU block(s)
vgg19_conv08_256x256,col_exchange,MVM,0.0,6500.0,31,7,4 mapped MVMU block(s)
vgg19_conv08_256x256,col_exchange,MVM,0.0,5476.0,32,8,4 mapped MVMU block(s)
vgg19_conv08_256x256,col_exchange,MVM,0.0,5444.0,33,8,4 mapped MVMU block(s)
vgg19_conv08_256x256,col_exchange,MVM,0.0,5716.0,34,8,4 mapped MVMU block(s)
vgg19_conv08_256x256,col_exchange,MVM,0.0,5092.0,35,8,4 mapped MVMU block(s)
vgg19_conv08_256x256,col_exchange,CHAIN_REDUCE,7348.0,9212.0,,,"36 core(s), 9 tile(s)"
vgg19_conv08_256x256,col_exchange,REARRANGE,9212.0,11204.0,,,166 vector rearrange(s)
vgg19_conv01_3x64,row_exchange,MVM,0.0,2052.0,0,0,4 mapped MVMU block(s)
vgg19_conv01_3x64,row_exchange,MVM,0.0,1972.0,1,0,4 mapped MVMU block(s)
vgg19_conv01_3x64,row_exchange,MVM,0.0,1108.0,2,0,1 mapped MVMU block(s)
vgg19_conv01_3x64,row_exchange,CHAIN_REDUCE,2052.0,2132.0,,,"3 core(s), 1 tile(s)"
vgg19_conv02_64x64,row_exchange,MVM,0.0,7524.0,0,0,4 mapped MVMU block(s)
vgg19_conv02_64x64,row_exchange,MVM,0.0,7044.0,1,0,4 mapped MVMU block(s)
vgg19_conv02_64x64,row_exchange,MVM,0.0,6420.0,2,0,1 mapped MVMU block(s)
vgg19_conv02_64x64,row_exchange,CHAIN_REDUCE,7524.0,7604.0,,,"3 core(s), 1 tile(s)"
vgg19_conv03_64x128,row_exchange,MVM,0.0,7348.0,0,0,4 mapped MVMU block(s)
vgg19_conv03_64x128,row_exchange,MVM,0.0,7124.0,1,0,4 mapped MVMU block(s)
vgg19_conv03_64x128,row_exchange,MVM,0.0,7108.0,2,0,4 mapped MVMU block(s)
vgg19_conv03_64x128,row_exchange,MVM,0.0,6996.0,3,0,4 mapped MVMU block(s)
vgg19_conv03_64x128,row_exchange,MVM,0.0,6340.0,4,1,2 mapped MVMU block(s)
vgg19_conv03_64x128,row_exchange,CHAIN_REDUCE,7348.0,7572.0,,,"5 core(s), 2 tile(s)"
vgg19_conv04_128x128,row_exchange,MVM,0.0,7444.0,0,0,4 mapped MVMU block(s)
vgg19_conv04_128x128,row_exchange,MVM,0.0,7172.0,1,0,4 mapped MVMU block(s)
vgg19_conv04_128x128,row_exchange,MVM,0.0,7076.0,2,0,4 mapped MVMU block(s)
vgg19_conv04_128x128,row_exchange,MVM,0.0,6148.0,3,0,4 mapped MVMU block(s)
vgg19_conv04_128x128,row_exchange,MVM,0.0,5764.0,4,1,4 mapped MVMU block(s)
vgg19_conv04_128x128,row_exchange,MVM,0.0,7316.0,5,1,4 mapped MVMU block(s)
vgg19_conv04_128x128,row_exchange,MVM,0.0,7204.0,6,1,4 mapped MVMU block(s)
vgg19_conv04_128x128,row_exchange,MVM,0.0,7060.0,7,1,4 mapped MVMU block(s)
vgg19_conv04_128x128,row_exchange,MVM,0.0,6404.0,8,2,4 mapped MVMU block(s)
vgg19_conv04_128x128,row_exchange,CHAIN_REDUCE,7444.0,7892.0,,,"9 core(s), 3 tile(s)"
vgg19_conv04_128x128,row_exchange,REARRANGE,7892.0,8036.0,,,12 vector rearrange(s)
vgg19_conv05_128x256,row_exchange,MVM,0.0,7444.0,0,0,4 mapped MVMU block(s)
vgg19_conv05_128x256,row_exchange,MVM,0.0,7268.0,1,0,4 mapped MVMU block(s)
vgg19_conv05_128x256,row_exchange,MVM,0.0,7156.0,2,0,4 mapped MVMU block(s)
vgg19_conv05_128x256,row_exchange,MVM,0.0,7204.0,3,0,4 mapped MVMU block(s)
vgg19_conv05_128x256,row_exchange,MVM,0.0,7076.0,4,1,4 mapped MVMU block(s)
vgg19_conv05_128x256,row_exchange,MVM,0.0,6900.0,5,1,4 mapped MVMU block(s)
vgg19_conv05_128x256,row_exchange,MVM,0.0,6516.0,6,1,4 mapped MVMU block(s)
vgg19_conv05_128x256,row_exchange,MVM,0.0,6740.0,7,1,4 mapped MVMU block(s)
vgg19_conv05_128x256,row_exchange,MVM,0.0,6308.0,8,2,4 mapped MVMU block(s)
vgg19_conv05_128x256,row_exchange,MVM,0.0,6276.0,9,2,4 mapped MVMU block(s)
vgg19_conv05_128x256,row_exchange,MVM,0.0,7236.0,10,2,4 mapped MVMU block(s)
vgg19_conv05_128x256,row_exchange,MVM,0.0,7332.0,11,2,4 mapped MVMU block(s)
vgg19_conv05_128x256,row_exchange,MVM,0.0,7236.0,12,3,4 mapped MVMU block(s)
vgg19_conv05_128x256,row_exchange,MVM,0.0,7188.0,13,3,4 mapped MVMU block(s)
vgg19_conv05_128x256,row_exchange,MVM,0.0,7076.0,14,3,4 mapped MVMU block(s)
vgg19_conv05_128x256,row_exchange,MVM,0.0,6884.0,15,3,4 mapped MVMU block(s)
vgg19_conv05_128x256,row_exchange,MVM,0.0,6468.0,16,4,4 mapped MVMU block(s)
vgg19_conv05_128x256,row_exchange,MVM,0.0,6708.0,17,4,4 mapped MVMU block(s)
vgg19_conv05_128x256,row_exchange,CHAIN_REDUCE,7444.0,8380.0,,,"18 core(s), 5 tile(s)"
vgg19_conv06_256x256,row_exchange,MVM,0.0,7492.0,0,0,4 mapped MVMU block(s)
vgg19_conv06_256x256,row_exchange,MVM,0.0,7316.0,1,0,4 mapped MVMU block(s)
vgg19_conv06_256x256,row_exchange,MVM,0.0,7524.0,2,0,4 mapped MVMU block(s)
vgg19_conv06_256x256,row_exchange,MVM,0.0,7492.0,3,0,4 mapped MVMU block(s)
vgg19_conv06_256x256,row_exchange,MVM,0.0,7108.0,4,1,4 mapped MVMU block(s)
vgg19_conv06_256x256,row_exchange,MVM,0.0,7236.0,5,1,4 mapped MVMU block(s)
vgg19_conv06_256x256,row_exchange,MVM,0.0,7204.0,6,1,4 mapped MVMU block(s)
vgg19_conv06_256x256,row_exchange,MVM,0.0,7108.0,7,1,4 mapped MVMU block(s)
vgg19_conv06_256x256,row_exchange,MVM,0.0,7044.0,8,2,4 mapped MVMU block(s)
vgg19_conv06_256x256,row_exchange,MVM,0.0,6900.0,9,2,4 mapped MVMU block(s)
vgg19_conv06_256x256,row_exchange,MVM,0.0,6884.0,10,2,4 mapped MVMU block(s)
vgg19_conv06_256x256,row_exchange,MVM,0.0,7076.0,11,2,4 mapped MVMU block(s)
vgg19_conv06_256x256,row_exchange,MVM,0.0,6452.0,12,3,4 mapped MVMU block(s)
vgg19_conv06_256x256,row_exchange,MVM,0.0,6724.0,13,3,4 mapped MVMU block(s)
vgg19_conv06_256x256,row_exchange,MVM,0.0,6756.0,14,3,4 mapped MVMU block(s)
vgg19_conv06_256x256,row_exchange,MVM,0.0,6388.0,15,3,4 mapped MVMU block(s)
vgg19_conv06_256x256,row_exchange,MVM,0.0,6244.0,16,4,4 mapped MVMU block(s)
vgg19_conv06_256x256,row_exchange,MVM,0.0,6356.0,17,4,4 mapped MVMU block(s)
vgg19_conv06_256x256,row_exchange,MVM,0.0,5892.0,18,4,4 mapped MVMU block(s)
vgg19_conv06_256x256,row_exchange,MVM,0.0,6260.0,19,4,4 mapped MVMU block(s)
vgg19_conv06_256x256,row_exchange,MVM,0.0,7268.0,20,5,4 mapped MVMU block(s)
vgg19_conv06_256x256,row_exchange,MVM,0.0,7268.0,21,5,4 mapped MVMU block(s)
vgg19_conv06_256x256,row_exchange,MVM,0.0,7444.0,22,5,4 mapped MVMU block(s)
vgg19_conv06_256x256,row_exchange,MVM,0.0,7396.0,23,5,4 mapped MVMU block(s)
vgg19_conv06_256x256,row_exchange,MVM,0.0,7220.0,24,6,4 mapped MVMU block(s)
vgg19_conv06_256x256,row_exchange,MVM,0.0,7252.0,25,6,4 mapped MVMU block(s)
vgg19_conv06_256x256,row_exchange,MVM,0.0,7060.0,26,6,4 mapped MVMU block(s)
vgg19_conv06_256x256,row_exchange,MVM,0.0,7140.0,27,6,4 mapped MVMU block(s)
vgg19_conv06_256x256,row_exchange,MVM,0.0,7108.0,28,7,4 mapped MVMU block(s)
vgg19_conv06_256x256,row_exchange,MVM,0.0,6884.0,29,7,4 mapped MVMU block(s)
vgg19_conv06_256x256,row_exchange,MVM,0.0,7076.0,30,7,4 mapped MVMU block(s)
vgg19_conv06_256x256,row_exchange,MVM,0.0,7044.0,31,7,4 mapped MVMU block(s)
vgg19_conv06_256x256,row_exchange,MVM,0.0,6404.0,32,8,4 mapped MVMU block(s)
vgg19_conv06_256x256,row_exchange,MVM,0.0,6724.0,33,8,4 mapped MVMU block(s)
vgg19_conv06_256x256,row_exchange,MVM,0.0,6724.0,34,8,4 mapped MVMU block(s)
vgg19_conv06_256x256,row_exchange,MVM,0.0,6468.0,35,8,4 mapped MVMU block(s)
vgg19_conv06_256x256,row_exchange,CHAIN_REDUCE,7524.0,9404.0,,,"36 core(s), 9 tile(s)"
vgg19_conv07_256x256,row_exchange,MVM,0.0,7476.0,0,0,4 mapped MVMU block(s)
vgg19_conv07_256x256,row_exchange,MVM,0.0,7252.0,1,0,4 mapped MVMU block(s)
vgg19_conv07_256x256,row_exchange,MVM,0.0,7412.0,2,0,4 mapped MVMU block(s)
vgg19_conv07_256x256,row_exchange,MVM,0.0,7444.0,3,0,4 mapped MVMU block(s)
vgg19_conv07_256x256,row_exchange,MVM,0.0,7156.0,4,1,4 mapped MVMU block(s)
vgg19_conv07_256x256,row_exchange,MVM,0.0,7284.0,5,1,4 mapped MVMU block(s)
vgg19_conv07_256x256,row_exchange,MVM,0.0,7220.0,6,1,4 mapped MVMU block(s)
vgg19_conv07_256x256,row_exchange,MVM,0.0,7140.0,7,1,4 mapped MVMU block(s)
vgg19_conv07_256x256,row_exchange,MVM,0.0,7108.0,8,2,4 mapped MVMU block(s)
vgg19_conv07_256x256,row_exchange,MVM,0.0,6948.0,9,2,4 mapped MVMU block(s)
vgg19_conv07_256x256,row_exchange,MVM,0.0,6900.0,10,2,4 mapped MVMU block(s)
vgg19_conv07_256x256,row_exchange,MVM,0.0,7124.0,11,2,4 mapped MVMU block(s)
vgg19_conv07_256x256,row_exchange,MVM,0.0,6356.0,12,3,4 mapped MVMU block(s)
vgg19_conv07_256x256,row_exchange,MVM,0.0,6740.0,13,3,4 mapped MVMU block(s)
vgg19_conv07_256x256,row_exchange,MVM,0.0,6740.0,14,3,4 mapped MVMU block(s)
vgg19_conv07_256x256,row_exchange,MVM,0.0,6388.0,15,3,4 mapped MVMU block(s)
vgg19_conv07_256x256,row_exchange,MVM,0.0,6260.0,16,4,4 mapped MVMU block(s)
vgg19_conv07_256x256,row_exchange,MVM,0.0,6276.0,17,4,4 mapped MVMU block(s)
vgg19_conv07_256x256,row_exchange,MVM,0.0,5796.0,18,4,4 mapped MVMU block(s)
vgg19_conv07_256x256,row_exchange,MVM,0.0,6276.0,19,4,4 mapped MVMU block(s)
vgg19_conv07_256x256,row_exchange,MVM,0.0,7332.0,20,5,4 mapped MVMU block(s)
vgg19_conv07_256x256,row_exchange,MVM,0.0,7284.0,21,5,4 mapped MVMU block(s)
vgg19_conv07_256x256,row_exchange,MVM,0.0,7380.0,22,5,4 mapped MVMU block(s)
vgg19_conv07_256x256,row_exchange,MVM,0.0,7444.0,23,5,4 mapped MVMU block(s)
vgg19_conv07_256x256,row_exchange,MVM,0.0,7316.0,24,6,4 mapped MVMU block(s)
vgg19_conv07_256x256,row_exchange,MVM,0.0,7252.0,25,6,4 mapped MVMU block(s)
vgg19_conv07_256x256,row_exchange,MVM,0.0,7156.0,26,6,4 mapped MVMU block(s)
vgg19_conv07_256x256,row_exchange,MVM,0.0,7124.0,27,6,4 mapped MVMU block(s)
vgg19_conv07_256x256,row_exchange,MVM,0.0,7124.0,28,7,4 mapped MVMU block(s)
vgg19_conv07_256x256,row_exchange,MVM,0.0,6932.0,29,7,4 mapped MVMU block(s)
vgg19_conv07_256x256,row_exchange,MVM,0.0,7060.0,30,7,4 mapped MVMU block(s)
vgg19_conv07_256x256,row_exchange,MVM,0.0,7012.0,31,7,4 mapped MVMU block(s)
vgg19_conv07_256x256,row_exchange,MVM,0.0,6436.0,32,8,4 mapped MVMU block(s)
vgg19_conv07_256x256,row_exchange,MVM,0.0,6724.0,33,8,4 mapped MVMU block(s)
vgg19_conv07_256x256,row_exchange,MVM,0.0,6788.0,34,8,4 mapped MVMU block(s)
vgg19_conv07_256x256,row_exchange,MVM,0.0,6420.0,35,8,4 mapped MVMU block(s)
vgg19_conv07_256x256,row_exchange,CHAIN_REDUCE,7476.0,9388.0,,,"36 core(s), 9 tile(s)"
vgg19_conv07_256x256,row_exchange,REARRANGE,9388.0,9580.0,,,16 vector rearrange(s)
vgg19_conv08_256x256,row_exchange,MVM,0.0,7476.0,0,0,4 mapped MVMU block(s)
vgg19_conv08_256x256,row_exchange,MVM,0.0,7268.0,1,0,4 mapped MVMU block(s)
vgg19_conv08_256x256,row_exchange,MVM,0.0,7460.0,2,0,4 mapped MVMU block(s)
vgg19_conv08_256x256,row_exchange,MVM,0.0,7508.0,3,0,4 mapped MVMU block(s)
vgg19_conv08_256x256,row_exchange,MVM,0.0,7092.0,4,1,4 mapped MVMU block(s)
vgg19_conv08_256x256,row_exchange,MVM,0.0,7220.0,5,1,4 mapped MVMU block(s)
vgg19_conv08_256x256,row_exchange,MVM,0.0,7252.0,6,1,4 mapped MVMU block(s)
vgg19_conv08_256x256,row_exchange,MVM,0.0,7124.0,7,1,4 mapped MVMU block(s)
vgg19_conv08_256x256,row_exchange,MVM,0.0,7076.0,8,2,4 mapped MVMU block(s)
vgg19_conv08_256x256,row_exchange,MVM,0.0,6884.0,9,2,4 mapped MVMU block(s)
vgg19_conv08_256x256,row_exchange,MVM,0.0,6916.0,10,2,4 mapped MVMU block(s)
vgg19_conv08_256x256,row_exchange,MVM,0.0,7124.0,11,2,4 mapped MVMU block(s)
vgg19_conv08_256x256,row_exchange,MVM,0.0,6356.0,12,3,4 mapped MVMU block(s)
vgg19_conv08_256x256,row_exchange,MVM,0.0,6756.0,13,3,4 mapped MVMU block(s)
vgg19_conv08_256x256,row_exchange,MVM,0.0,6740.0,14,3,4 mapped MVMU block(s)
vgg19_conv08_256x256,row_exchange,MVM,0.0,6340.0,15,3,4 mapped MVMU block(s)
vgg19_conv08_256x256,row_exchange,MVM,0.0,6228.0,16,4,4 mapped MVMU block(s)
vgg19_conv08_256x256,row_exchange,MVM,0.0,6260.0,17,4,4 mapped MVMU block(s)
vgg19_conv08_256x256,row_exchange,MVM,0.0,5764.0,18,4,4 mapped MVMU block(s)
vgg19_conv08_256x256,row_exchange,MVM,0.0,6164.0,19,4,4 mapped MVMU block(s)
vgg19_conv08_256x256,row_exchange,MVM,0.0,7236.0,20,5,4 mapped MVMU block(s)
vgg19_conv08_256x256,row_exchange,MVM,0.0,7316.0,21,5,4 mapped MVMU block(s)
vgg19_conv08_256x256,row_exchange,MVM,0.0,7460.0,22,5,4 mapped MVMU block(s)
vgg19_conv08_256x256,row_exchange,MVM,0.0,7428.0,23,5,4 mapped MVMU block(s)
vgg19_conv08_256x256,row_exchange,MVM,0.0,7236.0,24,6,4 mapped MVMU block(s)
vgg19_conv08_256x256,row_exchange,MVM,0.0,7236.0,25,6,4 mapped MVMU block(s)
vgg19_conv08_256x256,row_exchange,MVM,0.0,7108.0,26,6,4 mapped MVMU block(s)
vgg19_conv08_256x256,row_exchange,MVM,0.0,7108.0,27,6,4 mapped MVMU block(s)
vgg19_conv08_256x256,row_exchange,MVM,0.0,7108.0,28,7,4 mapped MVMU block(s)
vgg19_conv08_256x256,row_exchange,MVM,0.0,6724.0,29,7,4 mapped MVMU block(s)
vgg19_conv08_256x256,row_exchange,MVM,0.0,7060.0,30,7,4 mapped MVMU block(s)
vgg19_conv08_256x256,row_exchange,MVM,0.0,7060.0,31,7,4 mapped MVMU block(s)
vgg19_conv08_256x256,row_exchange,MVM,0.0,6548.0,32,8,4 mapped MVMU block(s)
vgg19_conv08_256x256,row_exchange,MVM,0.0,6644.0,33,8,4 mapped MVMU block(s)
vgg19_conv08_256x256,row_exchange,MVM,0.0,6772.0,34,8,4 mapped MVMU block(s)
vgg19_conv08_256x256,row_exchange,MVM,0.0,6292.0,35,8,4 mapped MVMU block(s)
vgg19_conv08_256x256,row_exchange,CHAIN_REDUCE,7508.0,9388.0,,,"36 core(s), 9 tile(s)"
vgg19_conv08_256x256,row_exchange,REARRANGE,9388.0,9484.0,,,8 vector rearrange(s)
vgg19_conv01_3x64,split_mvmu,MVM,0.0,1940.0,0,0,4 mapped MVMU block(s)
vgg19_conv01_3x64,split_mvmu,MVM,0.0,1204.0,1,0,4 mapped MVMU block(s)
vgg19_conv01_3x64,split_mvmu,MVM,0.0,1972.0,2,0,2 mapped MVMU block(s)
vgg19_conv01_3x64,split_mvmu,CHAIN_REDUCE,1972.0,2020.0,,,"3 core(s), 1 tile(s)"
vgg19_conv01_3x64,split_mvmu,SPLIT_MERGE,2020.0,2024.0,,,1 split MVMU merge(s)
vgg19_conv02_64x64,split_mvmu,MVM,0.0,7092.0,0,0,4 mapped MVMU block(s)
vgg19_conv02_64x64,split_mvmu,MVM,0.0,6500.0,1,0,4 mapped MVMU block(s)
vgg19_conv02_64x64,split_mvmu,MVM,0.0,7044.0,2,0,2 mapped MVMU block(s)
vgg19_conv02_64x64,split_mvmu,CHAIN_REDUCE,7092.0,7172.0,,,"3 core(s), 1 tile(s)"
vgg19_conv02_64x64,split_mvmu,SPLIT_MERGE,7172.0,7176.0,,,1 split MVMU merge(s)
vgg19_conv03_64x128,split_mvmu,MVM,0.0,6484.0,0,0,4 mapped MVMU block(s)
vgg19_conv03_64x128,split_mvmu,MVM,0.0,6484.0,1,0,4 mapped MVMU block(s)
vgg19_conv03_64x128,split_mvmu,MVM,0.0,6532.0,2,0,4 mapped MVMU block(s)
vgg19_conv03_64x128,split_mvmu,MVM,0.0,7108.0,3,0,4 mapped MVMU block(s)
vgg19_conv03_64x128,split_mvmu,MVM,0.0,6996.0,4,1,4 mapped MVMU block(s)
vgg19_conv03_64x128,split_mvmu,MVM,0.0,2964.0,5,1,1 mapped MVMU block(s)
vgg19_conv03_64x128,split_mvmu,CHAIN_REDUCE,7108.0,7256.0,,,"6 core(s), 2 tile(s)"
vgg19_conv03_64x128,split_mvmu,SPLIT_MERGE,7256.0,7268.0,,,3 split MVMU merge(s)
vgg19_conv04_128x128,split_mvmu,MVM,0.0,6996.0,0,0,4 mapped MVMU block(s)
vgg19_conv04_128x128,split_mvmu,MVM,0.0,3668.0,1,0,4 mapped MVMU block(s)
vgg19_conv04_128x128,split_mvmu,MVM,0.0,7044.0,2,0,4 mapped MVMU block(s)
vgg19_conv04_128x128,split_mvmu,MVM,0.0,7108.0,3,0,4 mapped MVMU block(s)
vgg19_conv04_128x128,split_mvmu,MVM,0.0,6276.0,4,1,4 mapped MVMU block(s)
vgg19_conv04_128x128,split_mvmu,MVM,0.0,6628.0,5,1,4 mapped MVMU block(s)
vgg19_conv04_128x128,split_mvmu,MVM,0.0,7028.0,6,1,4 mapped MVMU block(s)
vgg19_conv04_128x128,split_mvmu,MVM,0.0,6932.0,7,1,4 mapped MVMU block(s)
vgg19_conv04_128x128,split_mvmu,MVM,0.0,7060.0,8,2,4 mapped MVMU block(s)
vgg19_conv04_128x128,split_mvmu,MVM,0.0,6900.0,9,2,4 mapped MVMU block(s)
vgg19_conv04_128x128,split_mvmu,MVM,0.0,6036.0,10,2,1 mapped MVMU block(s)
vgg19_conv04_128x128,split_mvmu,CHAIN_REDUCE,7108.0,7524.0,,,"11 core(s), 3 tile(s)"
vgg19_conv04_128x128,split_mvmu,SPLIT_MERGE,7524.0,7544.0,,,5 split MVMU merge(s)
vgg19_conv05_128x256,split_mvmu,MVM,0.0,6596.0,0,0,4 mapped MVMU block(s)
vgg19_conv05_128x256,split_mvmu,MVM,0.0,7028.0,1,0,4 mapped MVMU block(s)
vgg19_conv05_128x256,split_mvmu,MVM,0.0,6868.0,2,0,4 mapped MVMU block(s)
vgg19_conv05_128x256,split_mvmu,MVM,0.0,6292.0,3,0,4 mapped MVMU block(s)
vgg19_conv05_128x256,split_mvmu,MVM,0.0,6996.0,4,1,4 mapped MVMU block(s)
vgg19_conv05_128x256,split_mvmu,MVM,0.0,7076.0,5,1,4 mapped MVMU block(s)
vgg19_conv05_128x256,split_mvmu,MVM,0.0,6244.0,6,1,4 mapped MVMU block(s)
vgg19_conv05_128x256,split_mvmu,MVM,0.0,6900.0,7,1,4 mapped MVMU block(s)
vgg19_conv05_128x256,split_mvmu,MVM,0.0,5108.0,8,2,4 mapped MVMU block(s)
vgg19_conv05_128x256,split_mvmu,MVM,0.0,6740.0,9,2,4 mapped MVMU block(s)
vgg19_conv05_128x256,split_mvmu,MVM,0.0,6308.0,10,2,4 mapped MVMU block(s)
vgg19_conv05_128x256,split_mvmu,MVM,0.0,7044.0,11,2,4 mapped MVMU block(s)
vgg19_conv05_128x256,split_mvmu,MVM,0.0,6260.0,12,3,4 mapped MVMU block(s)
vgg19_conv05_128x256,split_mvmu,MVM,0.0,6932.0,13,3,4 mapped MVMU block(s)
vgg19_conv05_128x256,split_mvmu,MVM,0.0,6980.0,14,3,4 mapped MVMU block(s)
vgg19_conv05_128x256,split_mvmu,MVM,0.0,7044.0,15,3,4 mapped MVMU block(s)
vgg19_conv05_128x256,split_mvmu,MVM,0.0,7076.0,16,4,4 mapped MVMU block(s)
vgg19_conv05_128x256,split_mvmu,MVM,0.0,6900.0,17,4,4 mapped MVMU block(s)
vgg19_conv05_128x256,split_mvmu,MVM,0.0,6884.0,18,4,4 mapped MVMU block(s)
vgg19_conv05_128x256,split_mvmu,MVM,0.0,6036.0,19,4,4 mapped MVMU block(s)
vgg19_conv05_128x256,split_mvmu,MVM,0.0,6708.0,20,5,3 mapped MVMU block(s)
vgg19_conv05_128x256,split_mvmu,CHAIN_REDUCE,7076.0,8112.0,,,"21 core(s), 6 tile(s)"
vgg19_conv05_128x256,split_mvmu,SPLIT_MERGE,8112.0,8156.0,,,11 split MVMU merge(s)
vgg19_conv06_256x256,split_mvmu,MVM,0.0,7060.0,0,0,4 mapped MVMU block(s)
vgg19_conv06_256x256,split_mvmu,MVM,0.0,7028.0,1,0,4 mapped MVMU block(s)
vgg19_conv06_256x256,split_mvmu,MVM,0.0,6900.0,2,0,4 mapped MVMU block(s)
vgg19_conv06_256x256,split_mvmu,MVM,0.0,6804.0,3,0,4 mapped MVMU block(s)
vgg19_conv06_256x256,split_mvmu,MVM,0.0,3764.0,4,1,4 mapped MVMU block(s)
vgg19_conv06_256x256,split_mvmu,MVM,0.0,7028.0,5,1,4 mapped MVMU block(s)
vgg19_conv06_256x256,split_mvmu,MVM,0.0,7060.0,6,1,4 mapped MVMU block(s)
vgg19_conv06_256x256,split_mvmu,MVM,0.0,6996.0,7,1,4 mapped MVMU block(s)
vgg19_conv06_256x256,split_mvmu,MVM,0.0,6084.0,8,2,4 mapped MVMU block(s)
vgg19_conv06_256x256,split_mvmu,MVM,0.0,6708.0,9,2,4 mapped MVMU block(s)
vgg19_conv06_256x256,split_mvmu,MVM,0.0,6420.0,10,2,4 mapped MVMU block(s)
vgg19_conv06_256x256,split_mvmu,MVM,0.0,7044.0,11,2,4 mapped MVMU block(s)
vgg19_conv06_256x256,split_mvmu,MVM,0.0,6900.0,12,3,4 mapped MVMU block(s)
vgg19_conv06_256x256,split_mvmu,MVM,0.0,6884.0,13,3,4 mapped MVMU block(s)
vgg19_conv06_256x256,split_mvmu,MVM,0.0,7076.0,14,3,4 mapped MVMU block(s)
vgg19_conv06_256x256,split_mvmu,MVM,0.0,6452.0,15,3,4 mapped MVMU block(s)
vgg19_conv06_256x256,split_mvmu,MVM,0.0,6724.0,16,4,4 mapped MVMU block(s)
vgg19_conv06_256x256,split_mvmu,MVM,0.0,6756.0,17,4,4 mapped MVMU block(s)
vgg19_conv06_256x256,split_mvmu,MVM,0.0,6388.0,18,4,4 mapped MVMU block(s)
vgg19_conv06_256x256,split_mvmu,MVM,0.0,6244.0,19,4,4 mapped MVMU block(s)
vgg19_conv06_256x256,split_mvmu,MVM,0.0,6356.0,20,5,4 mapped MVMU block(s)
vgg19_conv06_256x256,split_mvmu,MVM,0.0,5892.0,21,5,4 mapped MVMU block(s)
vgg19_conv06_256x256,split_mvmu,MVM,0.0,6260.0,22,5,4 mapped MVMU block(s)
vgg19_conv06_256x256,split_mvmu,MVM,0.0,7076.0,23,5,4 mapped MVMU block(s)
vgg19_conv06_256x256,split_mvmu,MVM,0.0,6180.0,24,6,4 mapped MVMU block(s)
vgg19_conv06_256x256,split_mvmu,MVM,0.0,6900.0,25,6,4 mapped MVMU block(s)
vgg19_conv06_256x256,split_mvmu,MVM,0.0,3748.0,26,6,4 mapped MVMU block(s)
vgg19_conv06_256x256,split_mvmu,MVM,0.0,6548.0,27,6,4 mapped MVMU block(s)
vgg19_conv06_256x256,split_mvmu,MVM,0.0,7076.0,28,7,4 mapped MVMU block(s)
vgg19_conv06_256x256,split_mvmu,MVM,0.0,6948.0,29,7,4 mapped MVMU block(s)
vgg19_conv06_256x256,split_mvmu,MVM,0.0,7044.0,30,7,4 mapped MVMU block(s)
vgg19_conv06_256x256,split_mvmu,MVM,0.0,7060.0,31,7,4 mapped MVMU block(s)
vgg19_conv06_256x256,split_mvmu,MVM,0.0,5572.0,32,8,4 mapped MVMU block(s)
vgg19_conv06_256x256,split_mvmu,MVM,0.0,7108.0,33,8,4 mapped MVMU block(s)
vgg19_conv06_256x256,split_mvmu,MVM,0.0,6884.0,34,8,4 mapped MVMU block(s)
vgg19_conv06_256x256,split_mvmu,MVM,0.0,5892.0,35,8,4 mapped MVMU block(s)
vgg19_conv06_256x256,split_mvmu,MVM,0.0,7076.0,36,9,4 mapped MVMU block(s)
vgg19_conv06_256x256,split_mvmu,MVM,0.0,6404.0,37,9,4 mapped MVMU block(s)
vgg19_conv06_256x256,split_mvmu,MVM,0.0,6148.0,38,9,4 mapped MVMU block(s)
vgg19_conv06_256x256,split_mvmu,MVM,0.0,6724.0,39,9,4 mapped MVMU block(s)
vgg19_conv06_256x256,split_mvmu,MVM,0.0,6516.0,40,10,4 mapped MVMU block(s)
vgg19_conv06_256x256,split_mvmu,MVM,0.0,5124.0,41,10,2 mapped MVMU block(s)
vgg19_conv06_256x256,split_mvmu,CHAIN_REDUCE,7108.0,9340.0,,,"42 core(s), 11 tile(s)"
vgg19_conv06_256x256,split_mvmu,SPLIT_MERGE,9340.0,9428.0,,,22 split MVMU merge(s)
vgg19_conv07_256x256,split_mvmu,MVM,0.0,7060.0,0,0,4 mapped MVMU block(s)
vgg19_conv07_256x256,split_mvmu,MVM,0.0,7060.0,1,0,4 mapped MVMU block(s)
vgg19_conv07_256x256,split_mvmu,MVM,0.0,6932.0,2,0,4 mapped MVMU block(s)
vgg19_conv07_256x256,split_mvmu,MVM,0.0,6884.0,3,0,4 mapped MVMU block(s)
vgg19_conv07_256x256,split_mvmu,MVM,0.0,3732.0,4,1,4 mapped MVMU block(s)
vgg19_conv07_256x256,split_mvmu,MVM,0.0,7092.0,5,1,4 mapped MVMU block(s)
vgg19_conv07_256x256,split_mvmu,MVM,0.0,7044.0,6,1,4 mapped MVMU block(s)
vgg19_conv07_256x256,split_mvmu,MVM,0.0,6996.0,7,1,4 mapped MVMU block(s)
vgg19_conv07_256x256,split_mvmu,MVM,0.0,6020.0,8,2,4 mapped MVMU block(s)
vgg19_conv07_256x256,split_mvmu,MVM,0.0,7108.0,9,2,4 mapped MVMU block(s)
vgg19_conv07_256x256,split_mvmu,MVM,0.0,6548.0,10,2,4 mapped MVMU block(s)
vgg19_conv07_256x256,split_mvmu,MVM,0.0,7108.0,11,2,4 mapped MVMU block(s)
vgg19_conv07_256x256,split_mvmu,MVM,0.0,6948.0,12,3,4 mapped MVMU block(s)
vgg19_conv07_256x256,split_mvmu,MVM,0.0,6500.0,13,3,4 mapped MVMU block(s)
vgg19_conv07_256x256,split_mvmu,MVM,0.0,6612.0,14,3,4 mapped MVMU block(s)
vgg19_conv07_256x256,split_mvmu,MVM,0.0,6356.0,15,3,4 mapped MVMU block(s)
vgg19_conv07_256x256,split_mvmu,MVM,0.0,6740.0,16,4,4 mapped MVMU block(s)
vgg19_conv07_256x256,split_mvmu,MVM,0.0,6740.0,17,4,4 mapped MVMU block(s)
vgg19_conv07_256x256,split_mvmu,MVM,0.0,6388.0,18,4,4 mapped MVMU block(s)
vgg19_conv07_256x256,split_mvmu,MVM,0.0,6260.0,19,4,4 mapped MVMU block(s)
vgg19_conv07_256x256,split_mvmu,MVM,0.0,6308.0,20,5,4 mapped MVMU block(s)
vgg19_conv07_256x256,split_mvmu,MVM,0.0,5780.0,21,5,4 mapped MVMU block(s)
vgg19_conv07_256x256,split_mvmu,MVM,0.0,6308.0,22,5,4 mapped MVMU block(s)
vgg19_conv07_256x256,split_mvmu,MVM,0.0,7060.0,23,5,4 mapped MVMU block(s)
vgg19_conv07_256x256,split_mvmu,MVM,0.0,6196.0,24,6,4 mapped MVMU block(s)
vgg19_conv07_256x256,split_mvmu,MVM,0.0,6900.0,25,6,4 mapped MVMU block(s)
vgg19_conv07_256x256,split_mvmu,MVM,0.0,3700.0,26,6,4 mapped MVMU block(s)
vgg19_conv07_256x256,split_mvmu,MVM,0.0,6596.0,27,6,4 mapped MVMU block(s)
vgg19_conv07_256x256,split_mvmu,MVM,0.0,7124.0,28,7,4 mapped MVMU block(s)
vgg19_conv07_256x256,split_mvmu,MVM,0.0,7028.0,29,7,4 mapped MVMU block(s)
vgg19_conv07_256x256,split_mvmu,MVM,0.0,6964.0,30,7,4 mapped MVMU block(s)
vgg19_conv07_256x256,split_mvmu,MVM,0.0,6660.0,31,7,4 mapped MVMU block(s)
vgg19_conv07_256x256,split_mvmu,MVM,0.0,7124.0,32,8,4 mapped MVMU block(s)
vgg19_conv07_256x256,split_mvmu,MVM,0.0,7124.0,33,8,4 mapped MVMU block(s)
vgg19_conv07_256x256,split_mvmu,MVM,0.0,6932.0,34,8,4 mapped MVMU block(s)
vgg19_conv07_256x256,split_mvmu,MVM,0.0,5956.0,35,8,4 mapped MVMU block(s)
vgg19_conv07_256x256,split_mvmu,MVM,0.0,7060.0,36,9,4 mapped MVMU block(s)
vgg19_conv07_256x256,split_mvmu,MVM,0.0,6436.0,37,9,4 mapped MVMU block(s)
vgg19_conv07_256x256,split_mvmu,MVM,0.0,6100.0,38,9,4 mapped MVMU block(s)
vgg19_conv07_256x256,split_mvmu,MVM,0.0,6788.0,39,9,4 mapped MVMU block(s)
vgg19_conv07_256x256,split_mvmu,MVM,0.0,6420.0,40,10,4 mapped MVMU block(s)
vgg19_conv07_256x256,split_mvmu,MVM,0.0,5108.0,41,10,2 mapped MVMU block(s)
vgg19_conv07_256x256,split_mvmu,CHAIN_REDUCE,7124.0,9340.0,,,"42 core(s), 11 tile(s)"
vgg19_conv07_256x256,split_mvmu,SPLIT_MERGE,9340.0,9428.0,,,22 split MVMU merge(s)
vgg19_conv08_256x256,split_mvmu,MVM,0.0,7092.0,0,0,4 mapped MVMU block(s)
vgg19_conv08_256x256,split_mvmu,MVM,0.0,7076.0,1,0,4 mapped MVMU block(s)
vgg19_conv08_256x256,split_mvmu,MVM,0.0,6724.0,2,0,4 mapped MVMU block(s)
vgg19_conv08_256x256,split_mvmu,MVM,0.0,6788.0,3,0,4 mapped MVMU block(s)
vgg19_conv08_256x256,split_mvmu,MVM,0.0,3764.0,4,1,4 mapped MVMU block(s)
vgg19_conv08_256x256,split_mvmu,MVM,0.0,7092.0,5,1,4 mapped MVMU block(s)
vgg19_conv08_256x256,split_mvmu,MVM,0.0,7028.0,6,1,4 mapped MVMU block(s)
vgg19_conv08_256x256,split_mvmu,MVM,0.0,6932.0,7,1,4 mapped MVMU block(s)
vgg19_conv08_256x256,split_mvmu,MVM,0.0,6788.0,8,2,4 mapped MVMU block(s)
vgg19_conv08_256x256,split_mvmu,MVM,0.0,7092.0,9,2,4 mapped MVMU block(s)
vgg19_conv08_256x256,split_mvmu,MVM,0.0,7076.0,10,2,4 mapped MVMU block(s)
vgg19_conv08_256x256,split_mvmu,MVM,0.0,6228.0,11,2,4 mapped MVMU block(s)
vgg19_conv08_256x256,split_mvmu,MVM,0.0,6916.0,12,3,4 mapped MVMU block(s)
vgg19_conv08_256x256,split_mvmu,MVM,0.0,6628.0,13,3,4 mapped MVMU block(s)
vgg19_conv08_256x256,split_mvmu,MVM,0.0,5620.0,14,3,4 mapped MVMU block(s)
vgg19_conv08_256x256,split_mvmu,MVM,0.0,6356.0,15,3,4 mapped MVMU block(s)
vgg19_conv08_256x256,split_mvmu,MVM,0.0,6756.0,16,4,4 mapped MVMU block(s)
vgg19_conv08_256x256,split_mvmu,MVM,0.0,6740.0,17,4,4 mapped MVMU block(s)
vgg19_conv08_256x256,split_mvmu,MVM,0.0,6340.0,18,4,4 mapped MVMU block(s)
vgg19_conv08_256x256,split_mvmu,MVM,0.0,6276.0,19,4,4 mapped MVMU block(s)
vgg19_conv08_256x256,split_mvmu,MVM,0.0,5940.0,20,5,4 mapped MVMU block(s)
vgg19_conv08_256x256,split_mvmu,MVM,0.0,5732.0,21,5,4 mapped MVMU block(s)
vgg19_conv08_256x256,split_mvmu,MVM,0.0,6484.0,22,5,4 mapped MVMU block(s)
vgg19_conv08_256x256,split_mvmu,MVM,0.0,6996.0,23,5,4 mapped MVMU block(s)
vgg19_conv08_256x256,split_mvmu,MVM,0.0,6836.0,24,6,4 mapped MVMU block(s)
vgg19_conv08_256x256,split_mvmu,MVM,0.0,6804.0,25,6,4 mapped MVMU block(s)
vgg19_conv08_256x256,split_mvmu,MVM,0.0,6596.0,26,6,4 mapped MVMU block(s)
vgg19_conv08_256x256,split_mvmu,MVM,0.0,6468.0,27,6,4 mapped MVMU block(s)
vgg19_conv08_256x256,split_mvmu,MVM,0.0,5588.0,28,7,4 mapped MVMU block(s)
vgg19_conv08_256x256,split_mvmu,MVM,0.0,6980.0,29,7,4 mapped MVMU block(s)
vgg19_conv08_256x256,split_mvmu,MVM,0.0,6996.0,30,7,4 mapped MVMU block(s)
vgg19_conv08_256x256,split_mvmu,MVM,0.0,6740.0,31,7,4 mapped MVMU block(s)
vgg19_conv08_256x256,split_mvmu,MVM,0.0,7108.0,32,8,4 mapped MVMU block(s)
vgg19_conv08_256x256,split_mvmu,MVM,0.0,7108.0,33,8,4 mapped MVMU block(s)
vgg19_conv08_256x256,split_mvmu,MVM,0.0,6868.0,34,8,4 mapped MVMU block(s)
vgg19_conv08_256x256,split_mvmu,MVM,0.0,5876.0,35,8,4 mapped MVMU block(s)
vgg19_conv08_256x256,split_mvmu,MVM,0.0,7060.0,36,9,4 mapped MVMU block(s)
vgg19_conv08_256x256,split_mvmu,MVM,0.0,6548.0,37,9,4 mapped MVMU block(s)
vgg19_conv08_256x256,split_mvmu,MVM,0.0,6164.0,38,9,4 mapped MVMU block(s)
vgg19_conv08_256x256,split_mvmu,MVM,0.0,6772.0,39,9,4 mapped MVMU block(s)
vgg19_conv08_256x256,split_mvmu,MVM,0.0,6452.0,40,10,4 mapped MVMU block(s)
vgg19_conv08_256x256,split_mvmu,MVM,0.0,4900.0,41,10,2 mapped MVMU block(s)
vgg19_conv08_256x256,split_mvmu,CHAIN_REDUCE,7108.0,9372.0,,,"42 core(s), 11 tile(s)"
vgg19_conv08_256x256,split_mvmu,SPLIT_MERGE,9372.0,9460.0,,,22 split MVMU merge(s)
vgg19_conv01_3x64,load_balance_all,MVM,0.0,1940.0,0,0,4 mapped MVMU block(s)
vgg19_conv01_3x64,load_balance_all,MVM,0.0,1204.0,1,0,4 mapped MVMU block(s)
vgg19_conv01_3x64,load_balance_all,MVM,0.0,1972.0,2,0,2 mapped MVMU block(s)
vgg19_conv01_3x64,load_balance_all,CHAIN_REDUCE,1972.0,2020.0,,,"3 core(s), 1 tile(s)"
vgg19_conv01_3x64,load_balance_all,SPLIT_MERGE,2020.0,2024.0,,,1 split MVMU merge(s)
vgg19_conv02_64x64,load_balance_all,MVM,0.0,7092.0,0,0,4 mapped MVMU block(s)
vgg19_conv02_64x64,load_balance_all,MVM,0.0,6500.0,1,0,4 mapped MVMU block(s)
vgg19_conv02_64x64,load_balance_all,MVM,0.0,7044.0,2,0,2 mapped MVMU block(s)
vgg19_conv02_64x64,load_balance_all,CHAIN_REDUCE,7092.0,7172.0,,,"3 core(s), 1 tile(s)"
vgg19_conv02_64x64,load_balance_all,SPLIT_MERGE,7172.0,7176.0,,,1 split MVMU merge(s)
vgg19_conv03_64x128,load_balance_all,MVM,0.0,6628.0,0,0,4 mapped MVMU block(s)
vgg19_conv03_64x128,load_balance_all,MVM,0.0,6532.0,1,0,4 mapped MVMU block(s)
vgg19_conv03_64x128,load_balance_all,MVM,0.0,6340.0,2,0,4 mapped MVMU block(s)
vgg19_conv03_64x128,load_balance_all,MVM,0.0,6564.0,3,0,4 mapped MVMU block(s)
vgg19_conv03_64x128,load_balance_all,MVM,0.0,6452.0,4,1,4 mapped MVMU block(s)
vgg19_conv03_64x128,load_balance_all,MVM,0.0,4484.0,5,1,1 mapped MVMU block(s)
vgg19_conv03_64x128,load_balance_all,CHAIN_REDUCE,6628.0,6892.0,,,"6 core(s), 2 tile(s)"
vgg19_conv03_64x128,load_balance_all,REARRANGE,6892.0,7108.0,,,18 vector rearrange(s)
vgg19_conv03_64x128,load_balance_all,SPLIT_MERGE,7108.0,7120.0,,,3 split MVMU merge(s)
vgg19_conv04_128x128,load_balance_all,MVM,0.0,6996.0,0,0,4 mapped MVMU block(s)
vgg19_conv04_128x128,load_balance_all,MVM,0.0,6644.0,1,0,4 mapped MVMU block(s)
vgg19_conv04_128x128,load_balance_all,MVM,0.0,6948.0,2,0,4 mapped MVMU block(s)
vgg19_conv04_128x128,load_balance_all,MVM,0.0,6084.0,3,0,4 mapped MVMU block(s)
vgg19_conv04_128x128,load_balance_all,MVM,0.0,6068.0,4,1,4 mapped MVMU block(s)
vgg19_conv04_128x128,load_balance_all,MVM,0.0,6628.0,5,1,4 mapped MVMU block(s)
vgg19_conv04_128x128,load_balance_all,MVM,0.0,7028.0,6,1,4 mapped MVMU block(s)
vgg19_conv04_128x128,load_balance_all,MVM,0.0,6932.0,7,1,4 mapped MVMU block(s)
vgg19_conv04_128x128,load_balance_all,MVM,0.0,6404.0,8,2,4 mapped MVMU block(s)
vgg19_conv04_128x128,load_balance_all,MVM,0.0,6836.0,9,2,4 mapped MVMU block(s)
vgg19_conv04_128x128,load_balance_all,MVM,0.0,5652.0,10,2,1 mapped MVMU block(s)
vgg19_conv04_128x128,load_balance_all,CHAIN_REDUCE,7028.0,7524.0,,,"11 core(s), 3 tile(s)"
vgg19_conv04_128x128,load_balance_all,REARRANGE,7524.0,8004.0,,,40 vector rearrange(s)
vgg19_conv04_128x128,load_balance_all,SPLIT_MERGE,8004.0,8024.0,,,5 split MVMU merge(s)
vgg19_conv05_128x256,load_balance_all,MVM,0.0,6740.0,0,0,4 mapped MVMU block(s)
vgg19_conv05_128x256,load_balance_all,MVM,0.0,3636.0,1,0,4 mapped MVMU block(s)
vgg19_conv05_128x256,load_balance_all,MVM,0.0,6484.0,2,0,4 mapped MVMU block(s)
vgg19_conv05_128x256,load_balance_all,MVM,0.0,6868.0,3,0,4 mapped MVMU block(s)
vgg19_conv05_128x256,load_balance_all,MVM,0.0,6916.0,4,1,4 mapped MVMU block(s)
vgg19_conv05_128x256,load_balance_all,MVM,0.0,6468.0,5,1,4 mapped MVMU block(s)
vgg19_conv05_128x256,load_balance_all,MVM,0.0,6180.0,6,1,4 mapped MVMU block(s)
vgg19_conv05_128x256,load_balance_all,MVM,0.0,5524.0,7,1,4 mapped MVMU block(s)
vgg19_conv05_128x256,load_balance_all,MVM,0.0,5380.0,8,2,4 mapped MVMU block(s)
vgg19_conv05_128x256,load_balance_all,MVM,0.0,5412.0,9,2,4 mapped MVMU block(s)
vgg19_conv05_128x256,load_balance_all,MVM,0.0,5108.0,10,2,4 mapped MVMU block(s)
vgg19_conv05_128x256,load_balance_all,MVM,0.0,6564.0,11,2,4 mapped MVMU block(s)
vgg19_conv05_128x256,load_balance_all,MVM,0.0,6484.0,12,3,4 mapped MVMU block(s)
vgg19_conv05_128x256,load_balance_all,MVM,0.0,6516.0,13,3,4 mapped MVMU block(s)
vgg19_conv05_128x256,load_balance_all,MVM,0.0,6356.0,14,3,4 mapped MVMU block(s)
vgg19_conv05_128x256,load_balance_all,MVM,0.0,6916.0,15,3,4 mapped MVMU block(s)
vgg19_conv05_128x256,load_balance_all,MVM,0.0,6724.0,16,4,4 mapped MVMU block(s)
vgg19_conv05_128x256,load_balance_all,MVM,0.0,6628.0,17,4,4 mapped MVMU block(s)
vgg19_conv05_128x256,load_balance_all,MVM,0.0,5956.0,18,4,4 mapped MVMU block(s)
vgg19_conv05_128x256,load_balance_all,MVM,0.0,5300.0,19,4,4 mapped MVMU block(s)
vgg19_conv05_128x256,load_balance_all,MVM,0.0,5556.0,20,5,3 mapped MVMU block(s)
vgg19_conv05_128x256,load_balance_all,CHAIN_REDUCE,6916.0,7872.0,,,"21 core(s), 6 tile(s)"
vgg19_conv05_128x256,load_balance_all,REARRANGE,7872.0,8856.0,,,82 vector rearrange(s)
vgg19_conv05_128x256,load_balance_all,SPLIT_MERGE,8856.0,8900.0,,,11 split MVMU merge(s)
vgg19_conv06_256x256,load_balance_all,MVM,0.0,6756.0,0,0,4 mapped MVMU block(s)
vgg19_conv06_256x256,load_balance_all,MVM,0.0,3668.0,1,0,4 mapped MVMU block(s)
vgg19_conv06_256x256,load_balance_all,MVM,0.0,6484.0,2,0,4 mapped MVMU block(s)
vgg19_conv06_256x256,load_balance_all,MVM,0.0,6900.0,3,0,4 mapped MVMU block(s)
vgg19_conv06_256x256,load_balance_all,MVM,0.0,3620.0,4,1,4 mapped MVMU block(s)
vgg19_conv06_256x256,load_balance_all,MVM,0.0,6708.0,5,1,4 mapped MVMU block(s)
vgg19_conv06_256x256,load_balance_all,MVM,0.0,6804.0,6,1,4 mapped MVMU block(s)
vgg19_conv06_256x256,load_balance_all,MVM,0.0,6932.0,7,1,4 mapped MVMU block(s)
vgg19_conv06_256x256,load_balance_all,MVM,0.0,6932.0,8,2,4 mapped MVMU block(s)
vgg19_conv06_256x256,load_balance_all,MVM,0.0,6660.0,9,2,4 mapped MVMU block(s)
vgg19_conv06_256x256,load_balance_all,MVM,0.0,6676.0,10,2,4 mapped MVMU block(s)
vgg19_conv06_256x256,load_balance_all,MVM,0.0,6452.0,11,2,4 mapped MVMU block(s)
vgg19_conv06_256x256,load_balance_all,MVM,0.0,5956.0,12,3,4 mapped MVMU block(s)
vgg19_conv06_256x256,load_balance_all,MVM,0.0,6148.0,13,3,4 mapped MVMU block(s)
vgg19_conv06_256x256,load_balance_all,MVM,0.0,6484.0,14,3,4 mapped MVMU block(s)
vgg19_conv06_256x256,load_balance_all,MVM,0.0,5060.0,15,3,4 mapped MVMU block(s)
vgg19_conv06_256x256,load_balance_all,MVM,0.0,5428.0,16,4,4 mapped MVMU block(s)
vgg19_conv06_256x256,load_balance_all,MVM,0.0,5700.0,17,4,4 mapped MVMU block(s)
vgg19_conv06_256x256,load_balance_all,MVM,0.0,5028.0,18,4,4 mapped MVMU block(s)
vgg19_conv06_256x256,load_balance_all,MVM,0.0,4580.0,19,4,4 mapped MVMU block(s)
vgg19_conv06_256x256,load_balance_all,MVM,0.0,4964.0,20,5,4 mapped MVMU block(s)
vgg19_conv06_256x256,load_balance_all,MVM,0.0,4292.0,21,5,4 mapped MVMU block(s)
vgg19_conv06_256x256,load_balance_all,MVM,0.0,4596.0,22,5,4 mapped MVMU block(s)
vgg19_conv06_256x256,load_balance_all,MVM,0.0,6692.0,23,5,4 mapped MVMU block(s)
vgg19_conv06_256x256,load_balance_all,MVM,0.0,6468.0,24,6,4 mapped MVMU block(s)
vgg19_conv06_256x256,load_balance_all,MVM,0.0,6900.0,25,6,4 mapped MVMU block(s)
vgg19_conv06_256x256,load_balance_all,MVM,0.0,6836.0,26,6,4 mapped MVMU block(s)
vgg19_conv06_256x256,load_balance_all,MVM,0.0,6756.0,27,6,4 mapped MVMU block(s)
vgg19_conv06_256x256,load_balance_all,MVM,0.0,6724.0,28,7,4 mapped MVMU block(s)
vgg19_conv06_256x256,load_balance_all,MVM,0.0,6740.0,29,7,4 mapped MVMU block(s)
vgg19_conv06_256x256,load_balance_all,MVM,0.0,6932.0,30,7,4 mapped MVMU block(s)
vgg19_conv06_256x256,load_balance_all,MVM,0.0,6788.0,31,7,4 mapped MVMU block(s)
vgg19_conv06_256x256,load_balance_all,MVM,0.0,6772.0,32,8,4 mapped MVMU block(s)
vgg19_conv06_256x256,load_balance_all,MVM,0.0,6740.0,33,8,4 mapped MVMU block(s)
vgg19_conv06_256x256,load_balance_all,MVM,0.0,6580.0,34,8,4 mapped MVMU block(s)
vgg19_conv06_256x256,load_balance_all,MVM,0.0,5828.0,35,8,4 mapped MVMU block(s)
vgg19_conv06_256x256,load_balance_all,MVM,0.0,6484.0,36,9,4 mapped MVMU block(s)
vgg19_conv06_256x256,load_balance_all,MVM,0.0,6244.0,37,9,4 mapped MVMU block(s)
vgg19_conv06_256x256,load_balance_all,MVM,0.0,5556.0,38,9,4 mapped MVMU block(s)
vgg19_conv06_256x256,load_balance_all,MVM,0.0,5828.0,39,9,4 mapped MVMU block(s)
vgg19_conv06_256x256,load_balance_all,MVM,0.0,5828.0,40,10,4 mapped MVMU block(s)
vgg19_conv06_256x256,load_balance_all,MVM,0.0,5124.0,41,10,2 mapped MVMU block(s)
vgg19_conv06_256x256,load_balance_all,CHAIN_REDUCE,6932.0,9064.0,,,"42 core(s), 11 tile(s)"
vgg19_conv06_256x256,load_balance_all,REARRANGE,9064.0,11224.0,,,180 vector rearrange(s)
vgg19_conv06_256x256,load_balance_all,SPLIT_MERGE,11224.0,11312.0,,,22 split MVMU merge(s)
vgg19_conv07_256x256,load_balance_all,MVM,0.0,6740.0,0,0,4 mapped MVMU block(s)
vgg19_conv07_256x256,load_balance_all,MVM,0.0,3636.0,1,0,4 mapped MVMU block(s)
vgg19_conv07_256x256,load_balance_all,MVM,0.0,6468.0,2,0,4 mapped MVMU block(s)
vgg19_conv07_256x256,load_balance_all,MVM,0.0,6932.0,3,0,4 mapped MVMU block(s)
vgg19_conv07_256x256,load_balance_all,MVM,0.0,3604.0,4,1,4 mapped MVMU block(s)
vgg19_conv07_256x256,load_balance_all,MVM,0.0,6756.0,5,1,4 mapped MVMU block(s)
vgg19_conv07_256x256,load_balance_all,MVM,0.0,6708.0,6,1,4 mapped MVMU block(s)
vgg19_conv07_256x256,load_balance_all,MVM,0.0,6900.0,7,1,4 mapped MVMU block(s)
vgg19_conv07_256x256,load_balance_all,MVM,0.0,6932.0,8,2,4 mapped MVMU block(s)
vgg19_conv07_256x256,load_balance_all,MVM,0.0,6772.0,9,2,4 mapped MVMU block(s)
vgg19_conv07_256x256,load_balance_all,MVM,0.0,6660.0,10,2,4 mapped MVMU block(s)
vgg19_conv07_256x256,load_balance_all,MVM,0.0,6484.0,11,2,4 mapped MVMU block(s)
vgg19_conv07_256x256,load_balance_all,MVM,0.0,6100.0,12,3,4 mapped MVMU block(s)
vgg19_conv07_256x256,load_balance_all,MVM,0.0,6068.0,13,3,4 mapped MVMU block(s)
vgg19_conv07_256x256,load_balance_all,MVM,0.0,6484.0,14,3,4 mapped MVMU block(s)
vgg19_conv07_256x256,load_balance_all,MVM,0.0,5124.0,15,3,4 mapped MVMU block(s)
vgg19_conv07_256x256,load_balance_all,MVM,0.0,5716.0,16,4,4 mapped MVMU block(s)
vgg19_conv07_256x256,load_balance_all,MVM,0.0,5684.0,17,4,4 mapped MVMU block(s)
vgg19_conv07_256x256,load_balance_all,MVM,0.0,4868.0,18,4,4 mapped MVMU block(s)
vgg19_conv07_256x256,load_balance_all,MVM,0.0,5076.0,19,4,4 mapped MVMU block(s)
vgg19_conv07_256x256,load_balance_all,MVM,0.0,5076.0,20,5,4 mapped MVMU block(s)
vgg19_conv07_256x256,load_balance_all,MVM,0.0,4260.0,21,5,4 mapped MVMU block(s)
vgg19_conv07_256x256,load_balance_all,MVM,0.0,6548.0,22,5,4 mapped MVMU block(s)
vgg19_conv07_256x256,load_balance_all,MVM,0.0,3540.0,23,5,4 mapped MVMU block(s)
vgg19_conv07_256x256,load_balance_all,MVM,0.0,6516.0,24,6,4 mapped MVMU block(s)
vgg19_conv07_256x256,load_balance_all,MVM,0.0,6900.0,25,6,4 mapped MVMU block(s)
vgg19_conv07_256x256,load_balance_all,MVM,0.0,3652.0,26,6,4 mapped MVMU block(s)
vgg19_conv07_256x256,load_balance_all,MVM,0.0,6756.0,27,6,4 mapped MVMU block(s)
vgg19_conv07_256x256,load_balance_all,MVM,0.0,3652.0,28,7,4 mapped MVMU block(s)
vgg19_conv07_256x256,load_balance_all,MVM,0.0,6836.0,29,7,4 mapped MVMU block(s)
vgg19_conv07_256x256,load_balance_all,MVM,0.0,3492.0,30,7,4 mapped MVMU block(s)
vgg19_conv07_256x256,load_balance_all,MVM,0.0,6660.0,31,7,4 mapped MVMU block(s)
vgg19_conv07_256x256,load_balance_all,MVM,0.0,6724.0,32,8,4 mapped MVMU block(s)
vgg19_conv07_256x256,load_balance_all,MVM,0.0,6724.0,33,8,4 mapped MVMU block(s)
vgg19_conv07_256x256,load_balance_all,MVM,0.0,6628.0,34,8,4 mapped MVMU block(s)
vgg19_conv07_256x256,load_balance_all,MVM,0.0,5956.0,35,8,4 mapped MVMU block(s)
vgg19_conv07_256x256,load_balance_all,MVM,0.0,6516.0,36,9,4 mapped MVMU block(s)
vgg19_conv07_256x256,load_balance_all,MVM,0.0,6308.0,37,9,4 mapped MVMU block(s)
vgg19_conv07_256x256,load_balance_all,MVM,0.0,5556.0,38,9,4 mapped MVMU block(s)
vgg19_conv07_256x256,load_balance_all,MVM,0.0,5764.0,39,9,4 mapped MVMU block(s)
vgg19_conv07_256x256,load_balance_all,MVM,0.0,5764.0,40,10,4 mapped MVMU block(s)
vgg19_conv07_256x256,load_balance_all,MVM,0.0,5044.0,41,10,2 mapped MVMU block(s)
vgg19_conv07_256x256,load_balance_all,CHAIN_REDUCE,6932.0,9096.0,,,"42 core(s), 11 tile(s)"
vgg19_conv07_256x256,load_balance_all,REARRANGE,9096.0,11136.0,,,170 vector rearrange(s)
vgg19_conv07_256x256,load_balance_all,SPLIT_MERGE,11136.0,11224.0,,,22 split MVMU merge(s)
vgg19_conv08_256x256,load_balance_all,MVM,0.0,6772.0,0,0,4 mapped MVMU block(s)
vgg19_conv08_256x256,load_balance_all,MVM,0.0,3652.0,1,0,4 mapped MVMU block(s)
vgg19_conv08_256x256,load_balance_all,MVM,0.0,6484.0,2,0,4 mapped MVMU block(s)
vgg19_conv08_256x256,load_balance_all,MVM,0.0,6788.0,3,0,4 mapped MVMU block(s)
vgg19_conv08_256x256,load_balance_all,MVM,0.0,3604.0,4,1,4 mapped MVMU block(s)
vgg19_conv08_256x256,load_balance_all,MVM,0.0,6804.0,5,1,4 mapped MVMU block(s)
vgg19_conv08_256x256,load_balance_all,MVM,0.0,6788.0,6,1,4 mapped MVMU block(s)
vgg19_conv08_256x256,load_balance_all,MVM,0.0,6884.0,7,1,4 mapped MVMU block(s)
vgg19_conv08_256x256,load_balance_all,MVM,0.0,6884.0,8,2,4 mapped MVMU block(s)
vgg19_conv08_256x256,load_balance_all,MVM,0.0,6788.0,9,2,4 mapped MVMU block(s)
vgg19_conv08_256x256,load_balance_all,MVM,0.0,6644.0,10,2,4 mapped MVMU block(s)
vgg19_conv08_256x256,load_balance_all,MVM,0.0,6548.0,11,2,4 mapped MVMU block(s)
vgg19_conv08_256x256,load_balance_all,MVM,0.0,6020.0,12,3,4 mapped MVMU block(s)
vgg19_conv08_256x256,load_balance_all,MVM,0.0,6116.0,13,3,4 mapped MVMU block(s)
vgg19_conv08_256x256,load_balance_all,MVM,0.0,6516.0,14,3,4 mapped MVMU block(s)
vgg19_conv08_256x256,load_balance_all,MVM,0.0,5156.0,15,3,4 mapped MVMU block(s)
vgg19_conv08_256x256,load_balance_all,MVM,0.0,5460.0,16,4,4 mapped MVMU block(s)
vgg19_conv08_256x256,load_balance_all,MVM,0.0,5588.0,17,4,4 mapped MVMU block(s)
vgg19_conv08_256x256,load_balance_all,MVM,0.0,4852.0,18,4,4 mapped MVMU block(s)
vgg19_conv08_256x256,load_balance_all,MVM,0.0,4532.0,19,4,4 mapped MVMU block(s)
vgg19_conv08_256x256,load_balance_all,MVM,0.0,4996.0,20,5,4 mapped MVMU block(s)
vgg19_conv08_256x256,load_balance_all,MVM,0.0,4164.0,21,5,4 mapped MVMU block(s)
vgg19_conv08_256x256,load_balance_all,MVM,0.0,4628.0,22,5,4 mapped MVMU block(s)
vgg19_conv08_256x256,load_balance_all,MVM,0.0,6484.0,23,5,4 mapped MVMU block(s)
vgg19_conv08_256x256,load_balance_all,MVM,0.0,6468.0,24,6,4 mapped MVMU block(s)
vgg19_conv08_256x256,load_balance_all,MVM,0.0,6836.0,25,6,4 mapped MVMU block(s)
vgg19_conv08_256x256,load_balance_all,MVM,0.0,6804.0,26,6,4 mapped MVMU block(s)
vgg19_conv08_256x256,load_balance_all,MVM,0.0,6756.0,27,6,4 mapped MVMU block(s)
vgg19_conv08_256x256,load_balance_all,MVM,0.0,6692.0,28,7,4 mapped MVMU block(s)
vgg19_conv08_256x256,load_balance_all,MVM,0.0,6788.0,29,7,4 mapped MVMU block(s)
vgg19_conv08_256x256,load_balance_all,MVM,0.0,6884.0,30,7,4 mapped MVMU block(s)
vgg19_conv08_256x256,load_balance_all,MVM,0.0,6708.0,31,7,4 mapped MVMU block(s)
vgg19_conv08_256x256,load_balance_all,MVM,0.0,6708.0,32,8,4 mapped MVMU block(s)
vgg19_conv08_256x256,load_balance_all,MVM,0.0,6676.0,33,8,4 mapped MVMU block(s)
vgg19_conv08_256x256,load_balance_all,MVM,0.0,6532.0,34,8,4 mapped MVMU block(s)
vgg19_conv08_256x256,load_balance_all,MVM,0.0,5940.0,35,8,4 mapped MVMU block(s)
vgg19_conv08_256x256,load_balance_all,MVM,0.0,6500.0,36,9,4 mapped MVMU block(s)
vgg19_conv08_256x256,load_balance_all,MVM,0.0,6244.0,37,9,4 mapped MVMU block(s)
vgg19_conv08_256x256,load_balance_all,MVM,0.0,5444.0,38,9,4 mapped MVMU block(s)
vgg19_conv08_256x256,load_balance_all,MVM,0.0,5716.0,39,9,4 mapped MVMU block(s)
vgg19_conv08_256x256,load_balance_all,MVM,0.0,5684.0,40,10,4 mapped MVMU block(s)
vgg19_conv08_256x256,load_balance_all,MVM,0.0,4900.0,41,10,2 mapped MVMU block(s)
vgg19_conv08_256x256,load_balance_all,CHAIN_REDUCE,6884.0,9052.0,,,"42 core(s), 11 tile(s)"
vgg19_conv08_256x256,load_balance_all,REARRANGE,9052.0,11332.0,,,190 vector rearrange(s)
vgg19_conv08_256x256,load_balance_all,SPLIT_MERGE,11332.0,11420.0,,,22 split MVMU merge(s)
vgg19_conv01_3x64,data_movement,MVM,0.0,2052.0,0,0,4 mapped MVMU block(s)
vgg19_conv01_3x64,data_movement,MVM,0.0,1972.0,1,0,4 mapped MVMU block(s)
vgg19_conv01_3x64,data_movement,MVM,0.0,1108.0,2,0,1 mapped MVMU block(s)
vgg19_conv01_3x64,data_movement,TREE_REDUCE,2052.0,2056.0,,,"3 core(s), 1 tile(s)"
vgg19_conv02_64x64,data_movement,MVM,0.0,7524.0,0,0,4 mapped MVMU block(s)
vgg19_conv02_64x64,data_movement,MVM,0.0,7044.0,1,0,4 mapped MVMU block(s)
vgg19_conv02_64x64,data_movement,MVM,0.0,6420.0,2,0,1 mapped MVMU block(s)
vgg19_conv02_64x64,data_movement,TREE_REDUCE,7524.0,7528.0,,,"3 core(s), 1 tile(s)"
vgg19_conv03_64x128,data_movement,MVM,0.0,7348.0,0,0,4 mapped MVMU block(s)
vgg19_conv03_64x128,data_movement,MVM,0.0,7124.0,1,0,4 mapped MVMU block(s)
vgg19_conv03_64x128,data_movement,MVM,0.0,7108.0,2,0,4 mapped MVMU block(s)
vgg19_conv03_64x128,data_movement,MVM,0.0,6996.0,3,0,4 mapped MVMU block(s)
vgg19_conv03_64x128,data_movement,MVM,0.0,6340.0,4,1,2 mapped MVMU block(s)
vgg19_conv03_64x128,data_movement,TREE_REDUCE,7348.0,7352.0,,,"5 core(s), 2 tile(s)"
vgg19_conv04_128x128,data_movement,MVM,0.0,7444.0,0,0,4 mapped MVMU block(s)
vgg19_conv04_128x128,data_movement,MVM,0.0,7172.0,1,0,4 mapped MVMU block(s)
vgg19_conv04_128x128,data_movement,MVM,0.0,7108.0,2,0,4 mapped MVMU block(s)
vgg19_conv04_128x128,data_movement,MVM,0.0,6276.0,3,0,4 mapped MVMU block(s)
vgg19_conv04_128x128,data_movement,MVM,0.0,6212.0,4,1,4 mapped MVMU block(s)
vgg19_conv04_128x128,data_movement,MVM,0.0,7316.0,5,1,4 mapped MVMU block(s)
vgg19_conv04_128x128,data_movement,MVM,0.0,7204.0,6,1,4 mapped MVMU block(s)
vgg19_conv04_128x128,data_movement,MVM,0.0,7060.0,7,1,4 mapped MVMU block(s)
vgg19_conv04_128x128,data_movement,MVM,0.0,6404.0,8,2,4 mapped MVMU block(s)
vgg19_conv04_128x128,data_movement,TREE_REDUCE,7444.0,7448.0,,,"9 core(s), 3 tile(s)"
vgg19_conv05_128x256,data_movement,MVM,0.0,7444.0,0,0,4 mapped MVMU block(s)
vgg19_conv05_128x256,data_movement,MVM,0.0,7268.0,1,0,4 mapped MVMU block(s)
vgg19_conv05_128x256,data_movement,MVM,0.0,7156.0,2,0,4 mapped MVMU block(s)
vgg19_conv05_128x256,data_movement,MVM,0.0,7204.0,3,0,4 mapped MVMU block(s)
vgg19_conv05_128x256,data_movement,MVM,0.0,7076.0,4,1,4 mapped MVMU block(s)
vgg19_conv05_128x256,data_movement,MVM,0.0,6900.0,5,1,4 mapped MVMU block(s)
vgg19_conv05_128x256,data_movement,MVM,0.0,6516.0,6,1,4 mapped MVMU block(s)
vgg19_conv05_128x256,data_movement,MVM,0.0,6740.0,7,1,4 mapped MVMU block(s)
vgg19_conv05_128x256,data_movement,MVM,0.0,6308.0,8,2,4 mapped MVMU block(s)
vgg19_conv05_128x256,data_movement,MVM,0.0,6276.0,9,2,4 mapped MVMU block(s)
vgg19_conv05_128x256,data_movement,MVM,0.0,7236.0,10,2,4 mapped MVMU block(s)
vgg19_conv05_128x256,data_movement,MVM,0.0,7332.0,11,2,4 mapped MVMU block(s)
vgg19_conv05_128x256,data_movement,MVM,0.0,7236.0,12,3,4 mapped MVMU block(s)
vgg19_conv05_128x256,data_movement,MVM,0.0,7188.0,13,3,4 mapped MVMU block(s)
vgg19_conv05_128x256,data_movement,MVM,0.0,7076.0,14,3,4 mapped MVMU block(s)
vgg19_conv05_128x256,data_movement,MVM,0.0,6884.0,15,3,4 mapped MVMU block(s)
vgg19_conv05_128x256,data_movement,MVM,0.0,6468.0,16,4,4 mapped MVMU block(s)
vgg19_conv05_128x256,data_movement,MVM,0.0,6708.0,17,4,4 mapped MVMU block(s)
vgg19_conv05_128x256,data_movement,TREE_REDUCE,7444.0,7460.0,,,"18 core(s), 5 tile(s)"
vgg19_conv06_256x256,data_movement,MVM,0.0,7492.0,0,0,4 mapped MVMU block(s)
vgg19_conv06_256x256,data_movement,MVM,0.0,7316.0,1,0,4 mapped MVMU block(s)
vgg19_conv06_256x256,data_movement,MVM,0.0,7524.0,2,0,4 mapped MVMU block(s)
vgg19_conv06_256x256,data_movement,MVM,0.0,7492.0,3,0,4 mapped MVMU block(s)
vgg19_conv06_256x256,data_movement,MVM,0.0,7108.0,4,1,4 mapped MVMU block(s)
vgg19_conv06_256x256,data_movement,MVM,0.0,7236.0,5,1,4 mapped MVMU block(s)
vgg19_conv06_256x256,data_movement,MVM,0.0,7204.0,6,1,4 mapped MVMU block(s)
vgg19_conv06_256x256,data_movement,MVM,0.0,7108.0,7,1,4 mapped MVMU block(s)
vgg19_conv06_256x256,data_movement,MVM,0.0,7044.0,8,2,4 mapped MVMU block(s)
vgg19_conv06_256x256,data_movement,MVM,0.0,6900.0,9,2,4 mapped MVMU block(s)
vgg19_conv06_256x256,data_movement,MVM,0.0,6884.0,10,2,4 mapped MVMU block(s)
vgg19_conv06_256x256,data_movement,MVM,0.0,7076.0,11,2,4 mapped MVMU block(s)
vgg19_conv06_256x256,data_movement,MVM,0.0,6452.0,12,3,4 mapped MVMU block(s)
vgg19_conv06_256x256,data_movement,MVM,0.0,6724.0,13,3,4 mapped MVMU block(s)
vgg19_conv06_256x256,data_movement,MVM,0.0,6756.0,14,3,4 mapped MVMU block(s)
vgg19_conv06_256x256,data_movement,MVM,0.0,6388.0,15,3,4 mapped MVMU block(s)
vgg19_conv06_256x256,data_movement,MVM,0.0,6244.0,16,4,4 mapped MVMU block(s)
vgg19_conv06_256x256,data_movement,MVM,0.0,6356.0,17,4,4 mapped MVMU block(s)
vgg19_conv06_256x256,data_movement,MVM,0.0,5892.0,18,4,4 mapped MVMU block(s)
vgg19_conv06_256x256,data_movement,MVM,0.0,6260.0,19,4,4 mapped MVMU block(s)
vgg19_conv06_256x256,data_movement,MVM,0.0,7268.0,20,5,4 mapped MVMU block(s)
vgg19_conv06_256x256,data_movement,MVM,0.0,7268.0,21,5,4 mapped MVMU block(s)
vgg19_conv06_256x256,data_movement,MVM,0.0,7444.0,22,5,4 mapped MVMU block(s)
vgg19_conv06_256x256,data_movement,MVM,0.0,7396.0,23,5,4 mapped MVMU block(s)
vgg19_conv06_256x256,data_movement,MVM,0.0,7220.0,24,6,4 mapped MVMU block(s)
vgg19_conv06_256x256,data_movement,MVM,0.0,7252.0,25,6,4 mapped MVMU block(s)
vgg19_conv06_256x256,data_movement,MVM,0.0,7060.0,26,6,4 mapped MVMU block(s)
vgg19_conv06_256x256,data_movement,MVM,0.0,7140.0,27,6,4 mapped MVMU block(s)
vgg19_conv06_256x256,data_movement,MVM,0.0,7108.0,28,7,4 mapped MVMU block(s)
vgg19_conv06_256x256,data_movement,MVM,0.0,6884.0,29,7,4 mapped MVMU block(s)
vgg19_conv06_256x256,data_movement,MVM,0.0,7076.0,30,7,4 mapped MVMU block(s)
vgg19_conv06_256x256,data_movement,MVM,0.0,7044.0,31,7,4 mapped MVMU block(s)
vgg19_conv06_256x256,data_movement,MVM,0.0,6404.0,32,8,4 mapped MVMU block(s)
vgg19_conv06_256x256,data_movement,MVM,0.0,6724.0,33,8,4 mapped MVMU block(s)
vgg19_conv06_256x256,data_movement,MVM,0.0,6724.0,34,8,4 mapped MVMU block(s)
vgg19_conv06_256x256,data_movement,MVM,0.0,6468.0,35,8,4 mapped MVMU block(s)
vgg19_conv06_256x256,data_movement,TREE_REDUCE,7524.0,7576.0,,,"36 core(s), 9 tile(s)"
vgg19_conv07_256x256,data_movement,MVM,0.0,7476.0,0,0,4 mapped MVMU block(s)
vgg19_conv07_256x256,data_movement,MVM,0.0,7252.0,1,0,4 mapped MVMU block(s)
vgg19_conv07_256x256,data_movement,MVM,0.0,7412.0,2,0,4 mapped MVMU block(s)
vgg19_conv07_256x256,data_movement,MVM,0.0,7444.0,3,0,4 mapped MVMU block(s)
vgg19_conv07_256x256,data_movement,MVM,0.0,7156.0,4,1,4 mapped MVMU block(s)
vgg19_conv07_256x256,data_movement,MVM,0.0,7284.0,5,1,4 mapped MVMU block(s)
vgg19_conv07_256x256,data_movement,MVM,0.0,7220.0,6,1,4 mapped MVMU block(s)
vgg19_conv07_256x256,data_movement,MVM,0.0,7140.0,7,1,4 mapped MVMU block(s)
vgg19_conv07_256x256,data_movement,MVM,0.0,7108.0,8,2,4 mapped MVMU block(s)
vgg19_conv07_256x256,data_movement,MVM,0.0,6948.0,9,2,4 mapped MVMU block(s)
vgg19_conv07_256x256,data_movement,MVM,0.0,6900.0,10,2,4 mapped MVMU block(s)
vgg19_conv07_256x256,data_movement,MVM,0.0,7124.0,11,2,4 mapped MVMU block(s)
vgg19_conv07_256x256,data_movement,MVM,0.0,6356.0,12,3,4 mapped MVMU block(s)
vgg19_conv07_256x256,data_movement,MVM,0.0,6740.0,13,3,4 mapped MVMU block(s)
vgg19_conv07_256x256,data_movement,MVM,0.0,6740.0,14,3,4 mapped MVMU block(s)
vgg19_conv07_256x256,data_movement,MVM,0.0,6388.0,15,3,4 mapped MVMU block(s)
vgg19_conv07_256x256,data_movement,MVM,0.0,6260.0,16,4,4 mapped MVMU block(s)
vgg19_conv07_256x256,data_movement,MVM,0.0,6308.0,17,4,4 mapped MVMU block(s)
vgg19_conv07_256x256,data_movement,MVM,0.0,5780.0,18,4,4 mapped MVMU block(s)
vgg19_conv07_256x256,data_movement,MVM,0.0,6308.0,19,4,4 mapped MVMU block(s)
vgg19_conv07_256x256,data_movement,MVM,0.0,7332.0,20,5,4 mapped MVMU block(s)
vgg19_conv07_256x256,data_movement,MVM,0.0,7284.0,21,5,4 mapped MVMU block(s)
vgg19_conv07_256x256,data_movement,MVM,0.0,7380.0,22,5,4 mapped MVMU block(s)
vgg19_conv07_256x256,data_movement,MVM,0.0,7444.0,23,5,4 mapped MVMU block(s)
vgg19_conv07_256x256,data_movement,MVM,0.0,7316.0,24,6,4 mapped MVMU block(s)
vgg19_conv07_256x256,data_movement,MVM,0.0,7252.0,25,6,4 mapped MVMU block(s)
vgg19_conv07_256x256,data_movement,MVM,0.0,7156.0,26,6,4 mapped MVMU block(s)
vgg19_conv07_256x256,data_movement,MVM,0.0,7124.0,27,6,4 mapped MVMU block(s)
vgg19_conv07_256x256,data_movement,MVM,0.0,7124.0,28,7,4 mapped MVMU block(s)
vgg19_conv07_256x256,data_movement,MVM,0.0,6932.0,29,7,4 mapped MVMU block(s)
vgg19_conv07_256x256,data_movement,MVM,0.0,7060.0,30,7,4 mapped MVMU block(s)
vgg19_conv07_256x256,data_movement,MVM,0.0,7012.0,31,7,4 mapped MVMU block(s)
vgg19_conv07_256x256,data_movement,MVM,0.0,6436.0,32,8,4 mapped MVMU block(s)
vgg19_conv07_256x256,data_movement,MVM,0.0,6724.0,33,8,4 mapped MVMU block(s)
vgg19_conv07_256x256,data_movement,MVM,0.0,6788.0,34,8,4 mapped MVMU block(s)
vgg19_conv07_256x256,data_movement,MVM,0.0,6420.0,35,8,4 mapped MVMU block(s)
vgg19_conv07_256x256,data_movement,TREE_REDUCE,7476.0,7644.0,,,"36 core(s), 9 tile(s)"
vgg19_conv08_256x256,data_movement,MVM,0.0,7476.0,0,0,4 mapped MVMU block(s)
vgg19_conv08_256x256,data_movement,MVM,0.0,7268.0,1,0,4 mapped MVMU block(s)
vgg19_conv08_256x256,data_movement,MVM,0.0,7460.0,2,0,4 mapped MVMU block(s)
vgg19_conv08_256x256,data_movement,MVM,0.0,7508.0,3,0,4 mapped MVMU block(s)
vgg19_conv08_256x256,data_movement,MVM,0.0,7092.0,4,1,4 mapped MVMU block(s)
vgg19_conv08_256x256,data_movement,MVM,0.0,7220.0,5,1,4 mapped MVMU block(s)
vgg19_conv08_256x256,data_movement,MVM,0.0,7252.0,6,1,4 mapped MVMU block(s)
vgg19_conv08_256x256,data_movement,MVM,0.0,7124.0,7,1,4 mapped MVMU block(s)
vgg19_conv08_256x256,data_movement,MVM,0.0,7076.0,8,2,4 mapped MVMU block(s)
vgg19_conv08_256x256,data_movement,MVM,0.0,6884.0,9,2,4 mapped MVMU block(s)
vgg19_conv08_256x256,data_movement,MVM,0.0,6916.0,10,2,4 mapped MVMU block(s)
vgg19_conv08_256x256,data_movement,MVM,0.0,7124.0,11,2,4 mapped MVMU block(s)
vgg19_conv08_256x256,data_movement,MVM,0.0,6356.0,12,3,4 mapped MVMU block(s)
vgg19_conv08_256x256,data_movement,MVM,0.0,6756.0,13,3,4 mapped MVMU block(s)
vgg19_conv08_256x256,data_movement,MVM,0.0,6740.0,14,3,4 mapped MVMU block(s)
vgg19_conv08_256x256,data_movement,MVM,0.0,6340.0,15,3,4 mapped MVMU block(s)
vgg19_conv08_256x256,data_movement,MVM,0.0,6276.0,16,4,4 mapped MVMU block(s)
vgg19_conv08_256x256,data_movement,MVM,0.0,6260.0,17,4,4 mapped MVMU block(s)
vgg19_conv08_256x256,data_movement,MVM,0.0,5732.0,18,4,4 mapped MVMU block(s)
vgg19_conv08_256x256,data_movement,MVM,0.0,6164.0,19,4,4 mapped MVMU block(s)
vgg19_conv08_256x256,data_movement,MVM,0.0,7236.0,20,5,4 mapped MVMU block(s)
vgg19_conv08_256x256,data_movement,MVM,0.0,7316.0,21,5,4 mapped MVMU block(s)
vgg19_conv08_256x256,data_movement,MVM,0.0,7460.0,22,5,4 mapped MVMU block(s)
vgg19_conv08_256x256,data_movement,MVM,0.0,7428.0,23,5,4 mapped MVMU block(s)
vgg19_conv08_256x256,data_movement,MVM,0.0,7236.0,24,6,4 mapped MVMU block(s)
vgg19_conv08_256x256,data_movement,MVM,0.0,7236.0,25,6,4 mapped MVMU block(s)
vgg19_conv08_256x256,data_movement,MVM,0.0,7108.0,26,6,4 mapped MVMU block(s)
vgg19_conv08_256x256,data_movement,MVM,0.0,7108.0,27,6,4 mapped MVMU block(s)
vgg19_conv08_256x256,data_movement,MVM,0.0,7108.0,28,7,4 mapped MVMU block(s)
vgg19_conv08_256x256,data_movement,MVM,0.0,6724.0,29,7,4 mapped MVMU block(s)
vgg19_conv08_256x256,data_movement,MVM,0.0,7060.0,30,7,4 mapped MVMU block(s)
vgg19_conv08_256x256,data_movement,MVM,0.0,7060.0,31,7,4 mapped MVMU block(s)
vgg19_conv08_256x256,data_movement,MVM,0.0,6548.0,32,8,4 mapped MVMU block(s)
vgg19_conv08_256x256,data_movement,MVM,0.0,6644.0,33,8,4 mapped MVMU block(s)
vgg19_conv08_256x256,data_movement,MVM,0.0,6772.0,34,8,4 mapped MVMU block(s)
vgg19_conv08_256x256,data_movement,MVM,0.0,6292.0,35,8,4 mapped MVMU block(s)
vgg19_conv08_256x256,data_movement,TREE_REDUCE,7508.0,7624.0,,,"36 core(s), 9 tile(s)"
vgg19_conv01_3x64,samba_full,MVM,0.0,1940.0,0,0,4 mapped MVMU block(s)
vgg19_conv01_3x64,samba_full,MVM,0.0,1204.0,1,0,4 mapped MVMU block(s)
vgg19_conv01_3x64,samba_full,MVM,0.0,1972.0,2,0,2 mapped MVMU block(s)
vgg19_conv01_3x64,samba_full,TREE_REDUCE,1972.0,1984.0,,,"3 core(s), 1 tile(s)"
vgg19_conv01_3x64,samba_full,SPLIT_MERGE,1984.0,1988.0,,,1 split MVMU merge(s)
vgg19_conv02_64x64,samba_full,MVM,0.0,7092.0,0,0,4 mapped MVMU block(s)
vgg19_conv02_64x64,samba_full,MVM,0.0,6500.0,1,0,4 mapped MVMU block(s)
vgg19_conv02_64x64,samba_full,MVM,0.0,7044.0,2,0,2 mapped MVMU block(s)
vgg19_conv02_64x64,samba_full,TREE_REDUCE,7092.0,7096.0,,,"3 core(s), 1 tile(s)"
vgg19_conv02_64x64,samba_full,SPLIT_MERGE,7096.0,7100.0,,,1 split MVMU merge(s)
vgg19_conv03_64x128,samba_full,MVM,0.0,6628.0,0,0,4 mapped MVMU block(s)
vgg19_conv03_64x128,samba_full,MVM,0.0,6532.0,1,0,4 mapped MVMU block(s)
vgg19_conv03_64x128,samba_full,MVM,0.0,6340.0,2,0,4 mapped MVMU block(s)
vgg19_conv03_64x128,samba_full,MVM,0.0,6564.0,3,0,4 mapped MVMU block(s)
vgg19_conv03_64x128,samba_full,MVM,0.0,6452.0,4,1,4 mapped MVMU block(s)
vgg19_conv03_64x128,samba_full,MVM,0.0,4484.0,5,1,1 mapped MVMU block(s)
vgg19_conv03_64x128,samba_full,TREE_REDUCE,6628.0,6636.0,,,"6 core(s), 2 tile(s)"
vgg19_conv03_64x128,samba_full,REARRANGE,6636.0,6852.0,,,18 vector rearrange(s)
vgg19_conv03_64x128,samba_full,SPLIT_MERGE,6852.0,6864.0,,,3 split MVMU merge(s)
vgg19_conv04_128x128,samba_full,MVM,0.0,7444.0,0,0,4 mapped MVMU block(s)
vgg19_conv04_128x128,samba_full,MVM,0.0,7172.0,1,0,4 mapped MVMU block(s)
vgg19_conv04_128x128,samba_full,MVM,0.0,7108.0,2,0,4 mapped MVMU block(s)
vgg19_conv04_128x128,samba_full,MVM,0.0,6276.0,3,0,4 mapped MVMU block(s)
vgg19_conv04_128x128,samba_full,MVM,0.0,6212.0,4,1,4 mapped MVMU block(s)
vgg19_conv04_128x128,samba_full,MVM,0.0,7316.0,5,1,4 mapped MVMU block(s)
vgg19_conv04_128x128,samba_full,MVM,0.0,7204.0,6,1,4 mapped MVMU block(s)
vgg19_conv04_128x128,samba_full,MVM,0.0,7060.0,7,1,4 mapped MVMU block(s)
vgg19_conv04_128x128,samba_full,MVM,0.0,6404.0,8,2,4 mapped MVMU block(s)
vgg19_conv04_128x128,samba_full,TREE_REDUCE,7444.0,7448.0,,,"9 core(s), 3 tile(s)"
vgg19_conv05_128x256,samba_full,MVM,0.0,7444.0,0,0,4 mapped MVMU block(s)
vgg19_conv05_128x256,samba_full,MVM,0.0,7268.0,1,0,4 mapped MVMU block(s)
vgg19_conv05_128x256,samba_full,MVM,0.0,7156.0,2,0,4 mapped MVMU block(s)
vgg19_conv05_128x256,samba_full,MVM,0.0,7204.0,3,0,4 mapped MVMU block(s)
vgg19_conv05_128x256,samba_full,MVM,0.0,7076.0,4,1,4 mapped MVMU block(s)
vgg19_conv05_128x256,samba_full,MVM,0.0,6900.0,5,1,4 mapped MVMU block(s)
vgg19_conv05_128x256,samba_full,MVM,0.0,6516.0,6,1,4 mapped MVMU block(s)
vgg19_conv05_128x256,samba_full,MVM,0.0,6740.0,7,1,4 mapped MVMU block(s)
vgg19_conv05_128x256,samba_full,MVM,0.0,6308.0,8,2,4 mapped MVMU block(s)
vgg19_conv05_128x256,samba_full,MVM,0.0,6276.0,9,2,4 mapped MVMU block(s)
vgg19_conv05_128x256,samba_full,MVM,0.0,7236.0,10,2,4 mapped MVMU block(s)
vgg19_conv05_128x256,samba_full,MVM,0.0,7332.0,11,2,4 mapped MVMU block(s)
vgg19_conv05_128x256,samba_full,MVM,0.0,7236.0,12,3,4 mapped MVMU block(s)
vgg19_conv05_128x256,samba_full,MVM,0.0,7188.0,13,3,4 mapped MVMU block(s)
vgg19_conv05_128x256,samba_full,MVM,0.0,7076.0,14,3,4 mapped MVMU block(s)
vgg19_conv05_128x256,samba_full,MVM,0.0,6884.0,15,3,4 mapped MVMU block(s)
vgg19_conv05_128x256,samba_full,MVM,0.0,6468.0,16,4,4 mapped MVMU block(s)
vgg19_conv05_128x256,samba_full,MVM,0.0,6708.0,17,4,4 mapped MVMU block(s)
vgg19_conv05_128x256,samba_full,TREE_REDUCE,7444.0,7460.0,,,"18 core(s), 5 tile(s)"
vgg19_conv06_256x256,samba_full,MVM,0.0,7492.0,0,0,4 mapped MVMU block(s)
vgg19_conv06_256x256,samba_full,MVM,0.0,7316.0,1,0,4 mapped MVMU block(s)
vgg19_conv06_256x256,samba_full,MVM,0.0,7524.0,2,0,4 mapped MVMU block(s)
vgg19_conv06_256x256,samba_full,MVM,0.0,7492.0,3,0,4 mapped MVMU block(s)
vgg19_conv06_256x256,samba_full,MVM,0.0,7108.0,4,1,4 mapped MVMU block(s)
vgg19_conv06_256x256,samba_full,MVM,0.0,7236.0,5,1,4 mapped MVMU block(s)
vgg19_conv06_256x256,samba_full,MVM,0.0,7204.0,6,1,4 mapped MVMU block(s)
vgg19_conv06_256x256,samba_full,MVM,0.0,7108.0,7,1,4 mapped MVMU block(s)
vgg19_conv06_256x256,samba_full,MVM,0.0,7044.0,8,2,4 mapped MVMU block(s)
vgg19_conv06_256x256,samba_full,MVM,0.0,6900.0,9,2,4 mapped MVMU block(s)
vgg19_conv06_256x256,samba_full,MVM,0.0,6884.0,10,2,4 mapped MVMU block(s)
vgg19_conv06_256x256,samba_full,MVM,0.0,7076.0,11,2,4 mapped MVMU block(s)
vgg19_conv06_256x256,samba_full,MVM,0.0,6452.0,12,3,4 mapped MVMU block(s)
vgg19_conv06_256x256,samba_full,MVM,0.0,6724.0,13,3,4 mapped MVMU block(s)
vgg19_conv06_256x256,samba_full,MVM,0.0,6756.0,14,3,4 mapped MVMU block(s)
vgg19_conv06_256x256,samba_full,MVM,0.0,6388.0,15,3,4 mapped MVMU block(s)
vgg19_conv06_256x256,samba_full,MVM,0.0,6244.0,16,4,4 mapped MVMU block(s)
vgg19_conv06_256x256,samba_full,MVM,0.0,6356.0,17,4,4 mapped MVMU block(s)
vgg19_conv06_256x256,samba_full,MVM,0.0,5892.0,18,4,4 mapped MVMU block(s)
vgg19_conv06_256x256,samba_full,MVM,0.0,6260.0,19,4,4 mapped MVMU block(s)
vgg19_conv06_256x256,samba_full,MVM,0.0,7268.0,20,5,4 mapped MVMU block(s)
vgg19_conv06_256x256,samba_full,MVM,0.0,7268.0,21,5,4 mapped MVMU block(s)
vgg19_conv06_256x256,samba_full,MVM,0.0,7444.0,22,5,4 mapped MVMU block(s)
vgg19_conv06_256x256,samba_full,MVM,0.0,7396.0,23,5,4 mapped MVMU block(s)
vgg19_conv06_256x256,samba_full,MVM,0.0,7220.0,24,6,4 mapped MVMU block(s)
vgg19_conv06_256x256,samba_full,MVM,0.0,7252.0,25,6,4 mapped MVMU block(s)
vgg19_conv06_256x256,samba_full,MVM,0.0,7060.0,26,6,4 mapped MVMU block(s)
vgg19_conv06_256x256,samba_full,MVM,0.0,7140.0,27,6,4 mapped MVMU block(s)
vgg19_conv06_256x256,samba_full,MVM,0.0,7108.0,28,7,4 mapped MVMU block(s)
vgg19_conv06_256x256,samba_full,MVM,0.0,6884.0,29,7,4 mapped MVMU block(s)
vgg19_conv06_256x256,samba_full,MVM,0.0,7076.0,30,7,4 mapped MVMU block(s)
vgg19_conv06_256x256,samba_full,MVM,0.0,7044.0,31,7,4 mapped MVMU block(s)
vgg19_conv06_256x256,samba_full,MVM,0.0,6404.0,32,8,4 mapped MVMU block(s)
vgg19_conv06_256x256,samba_full,MVM,0.0,6724.0,33,8,4 mapped MVMU block(s)
vgg19_conv06_256x256,samba_full,MVM,0.0,6724.0,34,8,4 mapped MVMU block(s)
vgg19_conv06_256x256,samba_full,MVM,0.0,6468.0,35,8,4 mapped MVMU block(s)
vgg19_conv06_256x256,samba_full,TREE_REDUCE,7524.0,7576.0,,,"36 core(s), 9 tile(s)"
vgg19_conv07_256x256,samba_full,MVM,0.0,7476.0,0,0,4 mapped MVMU block(s)
vgg19_conv07_256x256,samba_full,MVM,0.0,7252.0,1,0,4 mapped MVMU block(s)
vgg19_conv07_256x256,samba_full,MVM,0.0,7412.0,2,0,4 mapped MVMU block(s)
vgg19_conv07_256x256,samba_full,MVM,0.0,7444.0,3,0,4 mapped MVMU block(s)
vgg19_conv07_256x256,samba_full,MVM,0.0,7156.0,4,1,4 mapped MVMU block(s)
vgg19_conv07_256x256,samba_full,MVM,0.0,7284.0,5,1,4 mapped MVMU block(s)
vgg19_conv07_256x256,samba_full,MVM,0.0,7220.0,6,1,4 mapped MVMU block(s)
vgg19_conv07_256x256,samba_full,MVM,0.0,7140.0,7,1,4 mapped MVMU block(s)
vgg19_conv07_256x256,samba_full,MVM,0.0,7108.0,8,2,4 mapped MVMU block(s)
vgg19_conv07_256x256,samba_full,MVM,0.0,6948.0,9,2,4 mapped MVMU block(s)
vgg19_conv07_256x256,samba_full,MVM,0.0,6900.0,10,2,4 mapped MVMU block(s)
vgg19_conv07_256x256,samba_full,MVM,0.0,7124.0,11,2,4 mapped MVMU block(s)
vgg19_conv07_256x256,samba_full,MVM,0.0,6356.0,12,3,4 mapped MVMU block(s)
vgg19_conv07_256x256,samba_full,MVM,0.0,6740.0,13,3,4 mapped MVMU block(s)
vgg19_conv07_256x256,samba_full,MVM,0.0,6740.0,14,3,4 mapped MVMU block(s)
vgg19_conv07_256x256,samba_full,MVM,0.0,6388.0,15,3,4 mapped MVMU block(s)
vgg19_conv07_256x256,samba_full,MVM,0.0,6260.0,16,4,4 mapped MVMU block(s)
vgg19_conv07_256x256,samba_full,MVM,0.0,6308.0,17,4,4 mapped MVMU block(s)
vgg19_conv07_256x256,samba_full,MVM,0.0,5780.0,18,4,4 mapped MVMU block(s)
vgg19_conv07_256x256,samba_full,MVM,0.0,6308.0,19,4,4 mapped MVMU block(s)
vgg19_conv07_256x256,samba_full,MVM,0.0,7332.0,20,5,4 mapped MVMU block(s)
vgg19_conv07_256x256,samba_full,MVM,0.0,7284.0,21,5,4 mapped MVMU block(s)
vgg19_conv07_256x256,samba_full,MVM,0.0,7380.0,22,5,4 mapped MVMU block(s)
vgg19_conv07_256x256,samba_full,MVM,0.0,7444.0,23,5,4 mapped MVMU block(s)
vgg19_conv07_256x256,samba_full,MVM,0.0,7316.0,24,6,4 mapped MVMU block(s)
vgg19_conv07_256x256,samba_full,MVM,0.0,7252.0,25,6,4 mapped MVMU block(s)
vgg19_conv07_256x256,samba_full,MVM,0.0,7156.0,26,6,4 mapped MVMU block(s)
vgg19_conv07_256x256,samba_full,MVM,0.0,7124.0,27,6,4 mapped MVMU block(s)
vgg19_conv07_256x256,samba_full,MVM,0.0,7124.0,28,7,4 mapped MVMU block(s)
vgg19_conv07_256x256,samba_full,MVM,0.0,6932.0,29,7,4 mapped MVMU block(s)
vgg19_conv07_256x256,samba_full,MVM,0.0,7060.0,30,7,4 mapped MVMU block(s)
vgg19_conv07_256x256,samba_full,MVM,0.0,7012.0,31,7,4 mapped MVMU block(s)
vgg19_conv07_256x256,samba_full,MVM,0.0,6436.0,32,8,4 mapped MVMU block(s)
vgg19_conv07_256x256,samba_full,MVM,0.0,6724.0,33,8,4 mapped MVMU block(s)
vgg19_conv07_256x256,samba_full,MVM,0.0,6788.0,34,8,4 mapped MVMU block(s)
vgg19_conv07_256x256,samba_full,MVM,0.0,6420.0,35,8,4 mapped MVMU block(s)
vgg19_conv07_256x256,samba_full,TREE_REDUCE,7476.0,7644.0,,,"36 core(s), 9 tile(s)"
vgg19_conv08_256x256,samba_full,MVM,0.0,7476.0,0,0,4 mapped MVMU block(s)
vgg19_conv08_256x256,samba_full,MVM,0.0,7268.0,1,0,4 mapped MVMU block(s)
vgg19_conv08_256x256,samba_full,MVM,0.0,7460.0,2,0,4 mapped MVMU block(s)
vgg19_conv08_256x256,samba_full,MVM,0.0,7508.0,3,0,4 mapped MVMU block(s)
vgg19_conv08_256x256,samba_full,MVM,0.0,7092.0,4,1,4 mapped MVMU block(s)
vgg19_conv08_256x256,samba_full,MVM,0.0,7220.0,5,1,4 mapped MVMU block(s)
vgg19_conv08_256x256,samba_full,MVM,0.0,7252.0,6,1,4 mapped MVMU block(s)
vgg19_conv08_256x256,samba_full,MVM,0.0,7124.0,7,1,4 mapped MVMU block(s)
vgg19_conv08_256x256,samba_full,MVM,0.0,7076.0,8,2,4 mapped MVMU block(s)
vgg19_conv08_256x256,samba_full,MVM,0.0,6884.0,9,2,4 mapped MVMU block(s)
vgg19_conv08_256x256,samba_full,MVM,0.0,6916.0,10,2,4 mapped MVMU block(s)
vgg19_conv08_256x256,samba_full,MVM,0.0,7124.0,11,2,4 mapped MVMU block(s)
vgg19_conv08_256x256,samba_full,MVM,0.0,6356.0,12,3,4 mapped MVMU block(s)
vgg19_conv08_256x256,samba_full,MVM,0.0,6756.0,13,3,4 mapped MVMU block(s)
vgg19_conv08_256x256,samba_full,MVM,0.0,6740.0,14,3,4 mapped MVMU block(s)
vgg19_conv08_256x256,samba_full,MVM,0.0,6340.0,15,3,4 mapped MVMU block(s)
vgg19_conv08_256x256,samba_full,MVM,0.0,6276.0,16,4,4 mapped MVMU block(s)
vgg19_conv08_256x256,samba_full,MVM,0.0,6260.0,17,4,4 mapped MVMU block(s)
vgg19_conv08_256x256,samba_full,MVM,0.0,5732.0,18,4,4 mapped MVMU block(s)
vgg19_conv08_256x256,samba_full,MVM,0.0,6164.0,19,4,4 mapped MVMU block(s)
vgg19_conv08_256x256,samba_full,MVM,0.0,7236.0,20,5,4 mapped MVMU block(s)
vgg19_conv08_256x256,samba_full,MVM,0.0,7316.0,21,5,4 mapped MVMU block(s)
vgg19_conv08_256x256,samba_full,MVM,0.0,7460.0,22,5,4 mapped MVMU block(s)
vgg19_conv08_256x256,samba_full,MVM,0.0,7428.0,23,5,4 mapped MVMU block(s)
vgg19_conv08_256x256,samba_full,MVM,0.0,7236.0,24,6,4 mapped MVMU block(s)
vgg19_conv08_256x256,samba_full,MVM,0.0,7236.0,25,6,4 mapped MVMU block(s)
vgg19_conv08_256x256,samba_full,MVM,0.0,7108.0,26,6,4 mapped MVMU block(s)
vgg19_conv08_256x256,samba_full,MVM,0.0,7108.0,27,6,4 mapped MVMU block(s)
vgg19_conv08_256x256,samba_full,MVM,0.0,7108.0,28,7,4 mapped MVMU block(s)
vgg19_conv08_256x256,samba_full,MVM,0.0,6724.0,29,7,4 mapped MVMU block(s)
vgg19_conv08_256x256,samba_full,MVM,0.0,7060.0,30,7,4 mapped MVMU block(s)
vgg19_conv08_256x256,samba_full,MVM,0.0,7060.0,31,7,4 mapped MVMU block(s)
vgg19_conv08_256x256,samba_full,MVM,0.0,6548.0,32,8,4 mapped MVMU block(s)
vgg19_conv08_256x256,samba_full,MVM,0.0,6644.0,33,8,4 mapped MVMU block(s)
vgg19_conv08_256x256,samba_full,MVM,0.0,6772.0,34,8,4 mapped MVMU block(s)
vgg19_conv08_256x256,samba_full,MVM,0.0,6292.0,35,8,4 mapped MVMU block(s)
vgg19_conv08_256x256,samba_full,TREE_REDUCE,7508.0,7624.0,,,"36 core(s), 9 tile(s)"
