layer,variant,op,start_cycle,end_cycle,core_id,tile_id,detail
resnet50_stem_7x7,puma_fixed_adc,MVM,0.0,8196.0,0,0,4 mapped MVMU block(s)
resnet50_stem_7x7,puma_fixed_adc,MVM,0.0,8196.0,1,0,4 mapped MVMU block(s)
resnet50_stem_7x7,puma_fixed_adc,MVM,0.0,8196.0,2,0,4 mapped MVMU block(s)
resnet50_stem_7x7,puma_fixed_adc,MVM,0.0,8196.0,3,0,4 mapped MVMU block(s)
resnet50_stem_7x7,puma_fixed_adc,MVM,0.0,8196.0,4,1,4 mapped MVMU block(s)
resnet50_stem_7x7,puma_fixed_adc,MVM,0.0,8196.0,5,1,4 mapped MVMU block(s)
resnet50_stem_7x7,puma_fixed_adc,MVM,0.0,8196.0,6,1,4 mapped MVMU block(s)
resnet50_stem_7x7,puma_fixed_adc,MVM,0.0,8196.0,7,1,4 mapped MVMU block(s)
resnet50_stem_7x7,puma_fixed_adc,MVM,0.0,8196.0,8,2,4 mapped MVMU block(s)
resnet50_stem_7x7,puma_fixed_adc,MVM,0.0,8196.0,9,2,4 mapped MVMU block(s)
resnet50_stem_7x7,puma_fixed_adc,MVM,0.0,8196.0,10,2,4 mapped MVMU block(s)
resnet50_stem_7x7,puma_fixed_adc,MVM,0.0,8196.0,11,2,4 mapped MVMU block(s)
resnet50_stem_7x7,puma_fixed_adc,MVM,0.0,8196.0,12,3,1 mapped MVMU block(s)
resnet50_stem_7x7,puma_fixed_adc,CHAIN_REDUCE,8196.0,8868.0,,,"13 core(s), 4 tile(s)"
resnet50_s2_b1_conv1_1x1,puma_fixed_adc,MVM,0.0,8196.0,0,0,1 mapped MVMU block(s)
resnet50_s2_b1_conv1_1x1,puma_fixed_adc,CHAIN_REDUCE,8196.0,8196.0,,,"1 core(s), 1 tile(s)"
resnet50_s2_b1_conv2_3x3,puma_fixed_adc,MVM,0.0,8196.0,0,0,4 mapped MVMU block(s)
resnet50_s2_b1_conv2_3x3,puma_fixed_adc,MVM,0.0,8196.0,1,0,4 mapped MVMU block(s)
resnet50_s2_b1_conv2_3x3,puma_fixed_adc,MVM,0.0,8196.0,2,0,1 mapped MVMU block(s)
resnet50_s2_b1_conv2_3x3,puma_fixed_adc,CHAIN_REDUCE,8196.0,8276.0,,,"3 core(s), 1 tile(s)"
resnet50_s2_b1_conv3_1x1,puma_fixed_adc,MVM,0.0,8196.0,0,0,4 mapped MVMU block(s)
resnet50_s2_b1_conv3_1x1,puma_fixed_adc,CHAIN_REDUCE,8196.0,8196.0,,,"1 core(s), 1 tile(s)"
resnet50_s2_b1_projection_1x1,puma_fixed_adc,MVM,0.0,8196.0,0,0,4 mapped MVMU block(s)
resnet50_s2_b1_projection_1x1,puma_fixed_adc,CHAIN_REDUCE,8196.0,8196.0,,,"1 core(s), 1 tile(s)"
resnet50_s2_b2_conv1_1x1,puma_fixed_adc,MVM,0.0,8196.0,0,0,4 mapped MVMU block(s)
resnet50_s2_b2_conv1_1x1,puma_fixed_adc,CHAIN_REDUCE,8196.0,8196.0,,,"1 core(s), 1 tile(s)"
resnet50_s2_b2_conv2_3x3,puma_fixed_adc,MVM,0.0,8196.0,0,0,4 mapped MVMU block(s)
resnet50_s2_b2_conv2_3x3,puma_fixed_adc,MVM,0.0,8196.0,1,0,4 mapped MVMU block(s)
resnet50_s2_b2_conv2_3x3,puma_fixed_adc,MVM,0.0,8196.0,2,0,1 mapped MVMU block(s)
resnet50_s2_b2_conv2_3x3,puma_fixed_adc,CHAIN_REDUCE,8196.0,8276.0,,,"3 core(s), 1 tile(s)"
resnet50_s2_b2_conv3_1x1,puma_fixed_adc,MVM,0.0,8196.0,0,0,4 mapped MVMU block(s)
resnet50_s2_b2_conv3_1x1,puma_fixed_adc,CHAIN_REDUCE,8196.0,8196.0,,,"1 core(s), 1 tile(s)"
resnet50_s2_b3_conv1_1x1,puma_fixed_adc,MVM,0.0,8196.0,0,0,4 mapped MVMU block(s)
resnet50_s2_b3_conv1_1x1,puma_fixed_adc,CHAIN_REDUCE,8196.0,8196.0,,,"1 core(s), 1 tile(s)"
resnet50_s2_b3_conv2_3x3,puma_fixed_adc,MVM,0.0,8196.0,0,0,4 mapped MVMU block(s)
resnet50_s2_b3_conv2_3x3,puma_fixed_adc,MVM,0.0,8196.0,1,0,4 mapped MVMU block(s)
resnet50_s2_b3_conv2_3x3,puma_fixed_adc,MVM,0.0,8196.0,2,0,1 mapped MVMU block(s)
resnet50_s2_b3_conv2_3x3,puma_fixed_adc,CHAIN_REDUCE,8196.0,8276.0,,,"3 core(s), 1 tile(s)"
resnet50_s2_b3_conv3_1x1,puma_fixed_adc,MVM,0.0,8196.0,0,0,4 mapped MVMU block(s)
resnet50_s2_b3_conv3_1x1,puma_fixed_adc,CHAIN_REDUCE,8196.0,8196.0,,,"1 core(s), 1 tile(s)"
resnet50_s3_b1_conv1_1x1,puma_fixed_adc,MVM,0.0,8196.0,0,0,4 mapped MVMU block(s)
resnet50_s3_b1_conv1_1x1,puma_fixed_adc,MVM,0.0,8196.0,1,0,4 mapped MVMU block(s)
resnet50_s3_b1_conv1_1x1,puma_fixed_adc,CHAIN_REDUCE,8196.0,8236.0,,,"2 core(s), 1 tile(s)"
resnet50_s3_b1_conv2_3x3,puma_fixed_adc,MVM,0.0,8196.0,0,0,4 mapped MVMU block(s)
resnet50_s3_b1_conv2_3x3,puma_fixed_adc,MVM,0.0,8196.0,1,0,4 mapped MVMU block(s)
resnet50_s3_b1_conv2_3x3,puma_fixed_adc,MVM,0.0,8196.0,2,0,4 mapped MVMU block(s)
resnet50_s3_b1_conv2_3x3,puma_fixed_adc,MVM,0.0,8196.0,3,0,4 mapped MVMU block(s)
resnet50_s3_b1_conv2_3x3,puma_fixed_adc,MVM,0.0,8196.0,4,1,4 mapped MVMU block(s)
resnet50_s3_b1_conv2_3x3,puma_fixed_adc,MVM,0.0,8196.0,5,1,4 mapped MVMU block(s)
resnet50_s3_b1_conv2_3x3,puma_fixed_adc,MVM,0.0,8196.0,6,1,4 mapped MVMU block(s)
resnet50_s3_b1_conv2_3x3,puma_fixed_adc,MVM,0.0,8196.0,7,1,4 mapped MVMU block(s)
resnet50_s3_b1_conv2_3x3,puma_fixed_adc,MVM,0.0,8196.0,8,2,4 mapped MVMU block(s)
resnet50_s3_b1_conv2_3x3,puma_fixed_adc,CHAIN_REDUCE,8196.0,8644.0,,,"9 core(s), 3 tile(s)"
resnet50_s3_b1_conv3_1x1,puma_fixed_adc,MVM,0.0,8196.0,0,0,4 mapped MVMU block(s)
resnet50_s3_b1_conv3_1x1,puma_fixed_adc,MVM,0.0,8196.0,1,0,4 mapped MVMU block(s)
resnet50_s3_b1_conv3_1x1,puma_fixed_adc,MVM,0.0,8196.0,2,0,4 mapped MVMU block(s)
resnet50_s3_b1_conv3_1x1,puma_fixed_adc,MVM,0.0,8196.0,3,0,4 mapped MVMU block(s)
resnet50_s3_b1_conv3_1x1,puma_fixed_adc,CHAIN_REDUCE,8196.0,8316.0,,,"4 core(s), 1 tile(s)"
resnet50_s3_b1_projection_1x1,puma_fixed_adc,MVM,0.0,8196.0,0,0,4 mapped MVMU block(s)
resnet50_s3_b1_projection_1x1,puma_fixed_adc,MVM,0.0,8196.0,1,0,4 mapped MVMU block(s)
resnet50_s3_b1_projection_1x1,puma_fixed_adc,MVM,0.0,8196.0,2,0,4 mapped MVMU block(s)
resnet50_s3_b1_projection_1x1,puma_fixed_adc,MVM,0.0,8196.0,3,0,4 mapped MVMU block(s)
resnet50_s3_b1_projection_1x1,puma_fixed_adc,MVM,0.0,8196.0,4,1,4 mapped MVMU block(s)
resnet50_s3_b1_projection_1x1,puma_fixed_adc,MVM,0.0,8196.0,5,1,4 mapped MVMU block(s)
resnet50_s3_b1_projection_1x1,puma_fixed_adc,MVM,0.0,8196.0,6,1,4 mapped MVMU block(s)
resnet50_s3_b1_projection_1x1,puma_fixed_adc,MVM,0.0,8196.0,7,1,4 mapped MVMU block(s)
resnet50_s3_b1_projection_1x1,puma_fixed_adc,CHAIN_REDUCE,8196.0,8540.0,,,"8 core(s), 2 tile(s)"
resnet50_s3_b2_conv1_1x1,puma_fixed_adc,MVM,0.0,8196.0,0,0,4 mapped MVMU block(s)
resnet50_s3_b2_conv1_1x1,puma_fixed_adc,MVM,0.0,8196.0,1,0,4 mapped MVMU block(s)
resnet50_s3_b2_conv1_1x1,puma_fixed_adc,MVM,0.0,8196.0,2,0,4 mapped MVMU block(s)
resnet50_s3_b2_conv1_1x1,puma_fixed_adc,MVM,0.0,8196.0,3,0,4 mapped MVMU block(s)
resnet50_s3_b2_conv1_1x1,puma_fixed_adc,CHAIN_REDUCE,8196.0,8316.0,,,"4 core(s), 1 tile(s)"
resnet50_s3_b2_conv2_3x3,puma_fixed_adc,MVM,0.0,8196.0,0,0,4 mapped MVMU block(s)
resnet50_s3_b2_conv2_3x3,puma_fixed_adc,MVM,0.0,8196.0,1,0,4 mapped MVMU block(s)
resnet50_s3_b2_conv2_3x3,puma_fixed_adc,MVM,0.0,8196.0,2,0,4 mapped MVMU block(s)
resnet50_s3_b2_conv2_3x3,puma_fixed_adc,MVM,0.0,8196.0,3,0,4 mapped MVMU block(s)
resnet50_s3_b2_conv2_3x3,puma_fixed_adc,MVM,0.0,8196.0,4,1,4 mapped MVMU block(s)
resnet50_s3_b2_conv2_3x3,puma_fixed_adc,MVM,0.0,8196.0,5,1,4 mapped MVMU block(s)
resnet50_s3_b2_conv2_3x3,puma_fixed_adc,MVM,0.0,8196.0,6,1,4 mapped MVMU block(s)
resnet50_s3_b2_conv2_3x3,puma_fixed_adc,MVM,0.0,8196.0,7,1,4 mapped MVMU block(s)
resnet50_s3_b2_conv2_3x3,puma_fixed_adc,MVM,0.0,8196.0,8,2,4 mapped MVMU block(s)
resnet50_s3_b2_conv2_3x3,puma_fixed_adc,CHAIN_REDUCE,8196.0,8644.0,,,"9 core(s), 3 tile(s)"
resnet50_s3_b2_conv3_1x1,puma_fixed_adc,MVM,0.0,8196.0,0,0,4 mapped MVMU block(s)
resnet50_s3_b2_conv3_1x1,puma_fixed_adc,MVM,0.0,8196.0,1,0,4 mapped MVMU block(s)
resnet50_s3_b2_conv3_1x1,puma_fixed_adc,MVM,0.0,8196.0,2,0,4 mapped MVMU block(s)
resnet50_s3_b2_conv3_1x1,puma_fixed_adc,MVM,0.0,8196.0,3,0,4 mapped MVMU block(s)
resnet50_s3_b2_conv3_1x1,puma_fixed_adc,CHAIN_REDUCE,8196.0,8316.0,,,"4 core(s), 1 tile(s)"
resnet50_s3_b3_conv1_1x1,puma_fixed_adc,MVM,0.0,8196.0,0,0,4 mapped MVMU block(s)
resnet50_s3_b3_conv1_1x1,puma_fixed_adc,MVM,0.0,8196.0,1,0,4 mapped MVMU block(s)
resnet50_s3_b3_conv1_1x1,puma_fixed_adc,MVM,0.0,8196.0,2,0,4 mapped MVMU block(s)
resnet50_s3_b3_conv1_1x1,puma_fixed_adc,MVM,0.0,8196.0,3,0,4 mapped MVMU block(s)
resnet50_s3_b3_conv1_1x1,puma_fixed_adc,CHAIN_REDUCE,8196.0,8316.0,,,"4 core(s), 1 tile(s)"
resnet50_s3_b3_conv2_3x3,puma_fixed_adc,MVM,0.0,8196.0,0,0,4 mapped MVMU block(s)
resnet50_s3_b3_conv2_3x3,puma_fixed_adc,MVM,0.0,8196.0,1,0,4 mapped MVMU block(s)
resnet50_s3_b3_conv2_3x3,puma_fixed_adc,MVM,0.0,8196.0,2,0,4 mapped MVMU block(s)
resnet50_s3_b3_conv2_3x3,puma_fixed_adc,MVM,0.0,8196.0,3,0,4 mapped MVMU block(s)
resnet50_s3_b3_conv2_3x3,puma_fixed_adc,MVM,0.0,8196.0,4,1,4 mapped MVMU block(s)
resnet50_s3_b3_conv2_3x3,puma_fixed_adc,MVM,0.0,8196.0,5,1,4 mapped MVMU block(s)
resnet50_s3_b3_conv2_3x3,puma_fixed_adc,MVM,0.0,8196.0,6,1,4 mapped MVMU block(s)
resnet50_s3_b3_conv2_3x3,puma_fixed_adc,MVM,0.0,8196.0,7,1,4 mapped MVMU block(s)
resnet50_s3_b3_conv2_3x3,puma_fixed_adc,MVM,0.0,8196.0,8,2,4 mapped MVMU block(s)
resnet50_s3_b3_conv2_3x3,puma_fixed_adc,CHAIN_REDUCE,8196.0,8644.0,,,"9 core(s), 3 tile(s)"
resnet50_s3_b3_conv3_1x1,puma_fixed_adc,MVM,0.0,8196.0,0,0,4 mapped MVMU block(s)
resnet50_s3_b3_conv3_1x1,puma_fixed_adc,MVM,0.0,8196.0,1,0,4 mapped MVMU block(s)
resnet50_s3_b3_conv3_1x1,puma_fixed_adc,MVM,0.0,8196.0,2,0,4 mapped MVMU block(s)
resnet50_s3_b3_conv3_1x1,puma_fixed_adc,MVM,0.0,8196.0,3,0,4 mapped MVMU block(s)
resnet50_s3_b3_conv3_1x1,puma_fixed_adc,CHAIN_REDUCE,8196.0,8316.0,,,"4 core(s), 1 tile(s)"
resnet50_s3_b4_conv1_1x1,puma_fixed_adc,MVM,0.0,8196.0,0,0,4 mapped MVMU block(s)
resnet50_s3_b4_conv1_1x1,puma_fixed_adc,MVM,0.0,8196.0,1,0,4 mapped MVMU block(s)
resnet50_s3_b4_conv1_1x1,puma_fixed_adc,MVM,0.0,8196.0,2,0,4 mapped MVMU block(s)
resnet50_s3_b4_conv1_1x1,puma_fixed_adc,MVM,0.0,8196.0,3,0,4 mapped MVMU block(s)
resnet50_s3_b4_conv1_1x1,puma_fixed_adc,CHAIN_REDUCE,8196.0,8316.0,,,"4 core(s), 1 tile(s)"
resnet50_s3_b4_conv2_3x3,puma_fixed_adc,MVM,0.0,8196.0,0,0,4 mapped MVMU block(s)
resnet50_s3_b4_conv2_3x3,puma_fixed_adc,MVM,0.0,8196.0,1,0,4 mapped MVMU block(s)
resnet50_s3_b4_conv2_3x3,puma_fixed_adc,MVM,0.0,8196.0,2,0,4 mapped MVMU block(s)
resnet50_s3_b4_conv2_3x3,puma_fixed_adc,MVM,0.0,8196.0,3,0,4 mapped MVMU block(s)
resnet50_s3_b4_conv2_3x3,puma_fixed_adc,MVM,0.0,8196.0,4,1,4 mapped MVMU block(s)
resnet50_s3_b4_conv2_3x3,puma_fixed_adc,MVM,0.0,8196.0,5,1,4 mapped MVMU block(s)
resnet50_s3_b4_conv2_3x3,puma_fixed_adc,MVM,0.0,8196.0,6,1,4 mapped MVMU block(s)
resnet50_s3_b4_conv2_3x3,puma_fixed_adc,MVM,0.0,8196.0,7,1,4 mapped MVMU block(s)
resnet50_s3_b4_conv2_3x3,puma_fixed_adc,MVM,0.0,8196.0,8,2,4 mapped MVMU block(s)
resnet50_s3_b4_conv2_3x3,puma_fixed_adc,CHAIN_REDUCE,8196.0,8644.0,,,"9 core(s), 3 tile(s)"
resnet50_s3_b4_conv3_1x1,puma_fixed_adc,MVM,0.0,8196.0,0,0,4 mapped MVMU block(s)
resnet50_s3_b4_conv3_1x1,puma_fixed_adc,MVM,0.0,8196.0,1,0,4 mapped MVMU block(s)
resnet50_s3_b4_conv3_1x1,puma_fixed_adc,MVM,0.0,8196.0,2,0,4 mapped MVMU block(s)
resnet50_s3_b4_conv3_1x1,puma_fixed_adc,MVM,0.0,8196.0,3,0,4 mapped MVMU block(s)
resnet50_s3_b4_conv3_1x1,puma_fixed_adc,CHAIN_REDUCE,8196.0,8316.0,,,"4 core(s), 1 tile(s)"
resnet50_s4_b1_conv1_1x1,puma_fixed_adc,MVM,0.0,8196.0,0,0,4 mapped MVMU block(s)
resnet50_s4_b1_conv1_1x1,puma_fixed_adc,MVM,0.0,8196.0,1,0,4 mapped MVMU block(s)
resnet50_s4_b1_conv1_1x1,puma_fixed_adc,MVM,0.0,8196.0,2,0,4 mapped MVMU block(s)
resnet50_s4_b1_conv1_1x1,puma_fixed_adc,MVM,0.0,8196.0,3,0,4 mapped MVMU block(s)
resnet50_s4_b1_conv1_1x1,puma_fixed_adc,MVM,0.0,8196.0,4,1,4 mapped MVMU block(s)
resnet50_s4_b1_conv1_1x1,puma_fixed_adc,MVM,0.0,8196.0,5,1,4 mapped MVMU block(s)
resnet50_s4_b1_conv1_1x1,puma_fixed_adc,MVM,0.0,8196.0,6,1,4 mapped MVMU block(s)
resnet50_s4_b1_conv1_1x1,puma_fixed_adc,MVM,0.0,8196.0,7,1,4 mapped MVMU block(s)
resnet50_s4_b1_conv1_1x1,puma_fixed_adc,CHAIN_REDUCE,8196.0,8540.0,,,"8 core(s), 2 tile(s)"
resnet50_s4_b1_conv2_3x3,puma_fixed_adc,MVM,0.0,8196.0,0,0,4 mapped MVMU block(s)
resnet50_s4_b1_conv2_3x3,puma_fixed_adc,MVM,0.0,8196.0,1,0,4 mapped MVMU block(s)
resnet50_s4_b1_conv2_3x3,puma_fixed_adc,MVM,0.0,8196.0,2,0,4 mapped MVMU block(s)
resnet50_s4_b1_conv2_3x3,puma_fixed_adc,MVM,0.0,8196.0,3,0,4 mapped MVMU block(s)
resnet50_s4_b1_conv2_3x3,puma_fixed_adc,MVM,0.0,8196.0,4,1,4 mapped MVMU block(s)
resnet50_s4_b1_conv2_3x3,puma_fixed_adc,MVM,0.0,8196.0,5,1,4 mapped MVMU block(s)
resnet50_s4_b1_conv2_3x3,puma_fixed_adc,MVM,0.0,8196.0,6,1,4 mapped MVMU block(s)
resnet50_s4_b1_conv2_3x3,puma_fixed_adc,MVM,0.0,8196.0,7,1,4 mapped MVMU block(s)
resnet50_s4_b1_conv2_3x3,puma_fixed_adc,MVM,0.0,8196.0,8,2,4 mapped MVMU block(s)
resnet50_s4_b1_conv2_3x3,puma_fixed_adc,MVM,0.0,8196.0,9,2,4 mapped MVMU block(s)
resnet50_s4_b1_conv2_3x3,puma_fixed_adc,MVM,0.0,8196.0,10,2,4 mapped MVMU block(s)
resnet50_s4_b1_conv2_3x3,puma_fixed_adc,MVM,0.0,8196.0,11,2,4 mapped MVMU block(s)
resnet50_s4_b1_conv2_3x3,puma_fixed_adc,MVM,0.0,8196.0,12,3,4 mapped MVMU block(s)
resnet50_s4_b1_conv2_3x3,puma_fixed_adc,MVM,0.0,8196.0,13,3,4 mapped MVMU block(s)
resnet50_s4_b1_conv2_3x3,puma_fixed_adc,MVM,0.0,8196.0,14,3,4 mapped MVMU block(s)
resnet50_s4_b1_conv2_3x3,puma_fixed_adc,MVM,0.0,8196.0,15,3,4 mapped MVMU block(s)
resnet50_s4_b1_conv2_3x3,puma_fixed_adc,MVM,0.0,8196.0,16,4,4 mapped MVMU block(s)
resnet50_s4_b1_conv2_3x3,puma_fixed_adc,MVM,0.0,8196.0,17,4,4 mapped MVMU block(s)
resnet50_s4_b1_conv2_3x3,puma_fixed_adc,MVM,0.0,8196.0,18,4,4 mapped MVMU block(s)
resnet50_s4_b1_conv2_3x3,puma_fixed_adc,MVM,0.0,8196.0,19,4,4 mapped MVMU block(s)
resnet50_s4_b1_conv2_3x3,puma_fixed_adc,MVM,0.0,8196.0,20,5,4 mapped MVMU block(s)
resnet50_s4_b1_conv2_3x3,puma_fixed_adc,MVM,0.0,8196.0,21,5,4 mapped MVMU block(s)
resnet50_s4_b1_conv2_3x3,puma_fixed_adc,MVM,0.0,8196.0,22,5,4 mapped MVMU block(s)
resnet50_s4_b1_conv2_3x3,puma_fixed_adc,MVM,0.0,8196.0,23,5,4 mapped MVMU block(s)
resnet50_s4_b1_conv2_3x3,puma_fixed_adc,MVM,0.0,8196.0,24,6,4 mapped MVMU block(s)
resnet50_s4_b1_conv2_3x3,puma_fixed_adc,MVM,0.0,8196.0,25,6,4 mapped MVMU block(s)
resnet50_s4_b1_conv2_3x3,puma_fixed_adc,MVM,0.0,8196.0,26,6,4 mapped MVMU block(s)
resnet50_s4_b1_conv2_3x3,puma_fixed_adc,MVM,0.0,8196.0,27,6,4 mapped MVMU block(s)
resnet50_s4_b1_conv2_3x3,puma_fixed_adc,MVM,0.0,8196.0,28,7,4 mapped MVMU block(s)
resnet50_s4_b1_conv2_3x3,puma_fixed_adc,MVM,0.0,8196.0,29,7,4 mapped MVMU block(s)
resnet50_s4_b1_conv2_3x3,puma_fixed_adc,MVM,0.0,8196.0,30,7,4 mapped MVMU block(s)
resnet50_s4_b1_conv2_3x3,puma_fixed_adc,MVM,0.0,8196.0,31,7,4 mapped MVMU block(s)
resnet50_s4_b1_conv2_3x3,puma_fixed_adc,MVM,0.0,8196.0,32,8,4 mapped MVMU block(s)
resnet50_s4_b1_conv2_3x3,puma_fixed_adc,MVM,0.0,8196.0,33,8,4 mapped MVMU block(s)
resnet50_s4_b1_conv2_3x3,puma_fixed_adc,MVM,0.0,8196.0,34,8,4 mapped MVMU block(s)
resnet50_s4_b1_conv2_3x3,puma_fixed_adc,MVM,0.0,8196.0,35,8,4 mapped MVMU block(s)
resnet50_s4_b1_conv2_3x3,puma_fixed_adc,CHAIN_REDUCE,8196.0,10108.0,,,"36 core(s), 9 tile(s)"
resnet50_s4_b1_conv3_1x1,puma_fixed_adc,MVM,0.0,8196.0,0,0,4 mapped MVMU block(s)
resnet50_s4_b1_conv3_1x1,puma_fixed_adc,MVM,0.0,8196.0,1,0,4 mapped MVMU block(s)
resnet50_s4_b1_conv3_1x1,puma_fixed_adc,MVM,0.0,8196.0,2,0,4 mapped MVMU block(s)
resnet50_s4_b1_conv3_1x1,puma_fixed_adc,MVM,0.0,8196.0,3,0,4 mapped MVMU block(s)
resnet50_s4_b1_conv3_1x1,puma_fixed_adc,MVM,0.0,8196.0,4,1,4 mapped MVMU block(s)
resnet50_s4_b1_conv3_1x1,puma_fixed_adc,MVM,0.0,8196.0,5,1,4 mapped MVMU block(s)
resnet50_s4_b1_conv3_1x1,puma_fixed_adc,MVM,0.0,8196.0,6,1,4 mapped MVMU block(s)
resnet50_s4_b1_conv3_1x1,puma_fixed_adc,MVM,0.0,8196.0,7,1,4 mapped MVMU block(s)
resnet50_s4_b1_conv3_1x1,puma_fixed_adc,MVM,0.0,8196.0,8,2,4 mapped MVMU block(s)
resnet50_s4_b1_conv3_1x1,puma_fixed_adc,MVM,0.0,8196.0,9,2,4 mapped MVMU block(s)
resnet50_s4_b1_conv3_1x1,puma_fixed_adc,MVM,0.0,8196.0,10,2,4 mapped MVMU block(s)
resnet50_s4_b1_conv3_1x1,puma_fixed_adc,MVM,0.0,8196.0,11,2,4 mapped MVMU block(s)
resnet50_s4_b1_conv3_1x1,puma_fixed_adc,MVM,0.0,8196.0,12,3,4 mapped MVMU block(s)
resnet50_s4_b1_conv3_1x1,puma_fixed_adc,MVM,0.0,8196.0,13,3,4 mapped MVMU block(s)
resnet50_s4_b1_conv3_1x1,puma_fixed_adc,MVM,0.0,8196.0,14,3,4 mapped MVMU block(s)
resnet50_s4_b1_conv3_1x1,puma_fixed_adc,MVM,0.0,8196.0,15,3,4 mapped MVMU block(s)
resnet50_s4_b1_conv3_1x1,puma_fixed_adc,CHAIN_REDUCE,8196.0,8988.0,,,"16 core(s), 4 tile(s)"
resnet50_s4_b1_projection_1x1,puma_fixed_adc,MVM,0.0,8196.0,0,0,4 mapped MVMU block(s)
resnet50_s4_b1_projection_1x1,puma_fixed_adc,MVM,0.0,8196.0,1,0,4 mapped MVMU block(s)
resnet50_s4_b1_projection_1x1,puma_fixed_adc,MVM,0.0,8196.0,2,0,4 mapped MVMU block(s)
resnet50_s4_b1_projection_1x1,puma_fixed_adc,MVM,0.0,8196.0,3,0,4 mapped MVMU block(s)
resnet50_s4_b1_projection_1x1,puma_fixed_adc,MVM,0.0,8196.0,4,1,4 mapped MVMU block(s)
resnet50_s4_b1_projection_1x1,puma_fixed_adc,MVM,0.0,8196.0,5,1,4 mapped MVMU block(s)
resnet50_s4_b1_projection_1x1,puma_fixed_adc,MVM,0.0,8196.0,6,1,4 mapped MVMU block(s)
resnet50_s4_b1_projection_1x1,puma_fixed_adc,MVM,0.0,8196.0,7,1,4 mapped MVMU block(s)
resnet50_s4_b1_projection_1x1,puma_fixed_adc,MVM,0.0,8196.0,8,2,4 mapped MVMU block(s)
resnet50_s4_b1_projection_1x1,puma_fixed_adc,MVM,0.0,8196.0,9,2,4 mapped MVMU block(s)
resnet50_s4_b1_projection_1x1,puma_fixed_adc,MVM,0.0,8196.0,10,2,4 mapped MVMU block(s)
resnet50_s4_b1_projection_1x1,puma_fixed_adc,MVM,0.0,8196.0,11,2,4 mapped MVMU block(s)
resnet50_s4_b1_projection_1x1,puma_fixed_adc,MVM,0.0,8196.0,12,3,4 mapped MVMU block(s)
resnet50_s4_b1_projection_1x1,puma_fixed_adc,MVM,0.0,8196.0,13,3,4 mapped MVMU block(s)
resnet50_s4_b1_projection_1x1,puma_fixed_adc,MVM,0.0,8196.0,14,3,4 mapped MVMU block(s)
resnet50_s4_b1_projection_1x1,puma_fixed_adc,MVM,0.0,8196.0,15,3,4 mapped MVMU block(s)
resnet50_s4_b1_projection_1x1,puma_fixed_adc,MVM,0.0,8196.0,16,4,4 mapped MVMU block(s)
resnet50_s4_b1_projection_1x1,puma_fixed_adc,MVM,0.0,8196.0,17,4,4 mapped MVMU block(s)
resnet50_s4_b1_projection_1x1,puma_fixed_adc,MVM,0.0,8196.0,18,4,4 mapped MVMU block(s)
resnet50_s4_b1_projection_1x1,puma_fixed_adc,MVM,0.0,8196.0,19,4,4 mapped MVMU block(s)
resnet50_s4_b1_projection_1x1,puma_fixed_adc,MVM,0.0,8196.0,20,5,4 mapped MVMU block(s)
resnet50_s4_b1_projection_1x1,puma_fixed_adc,MVM,0.0,8196.0,21,5,4 mapped MVMU block(s)
resnet50_s4_b1_projection_1x1,puma_fixed_adc,MVM,0.0,8196.0,22,5,4 mapped MVMU block(s)
resnet50_s4_b1_projection_1x1,puma_fixed_adc,MVM,0.0,8196.0,23,5,4 mapped MVMU block(s)
resnet50_s4_b1_projection_1x1,puma_fixed_adc,MVM,0.0,8196.0,24,6,4 mapped MVMU block(s)
resnet50_s4_b1_projection_1x1,puma_fixed_adc,MVM,0.0,8196.0,25,6,4 mapped MVMU block(s)
resnet50_s4_b1_projection_1x1,puma_fixed_adc,MVM,0.0,8196.0,26,6,4 mapped MVMU block(s)
resnet50_s4_b1_projection_1x1,puma_fixed_adc,MVM,0.0,8196.0,27,6,4 mapped MVMU block(s)
resnet50_s4_b1_projection_1x1,puma_fixed_adc,MVM,0.0,8196.0,28,7,4 mapped MVMU block(s)
resnet50_s4_b1_projection_1x1,puma_fixed_adc,MVM,0.0,8196.0,29,7,4 mapped MVMU block(s)
resnet50_s4_b1_projection_1x1,puma_fixed_adc,MVM,0.0,8196.0,30,7,4 mapped MVMU block(s)
resnet50_s4_b1_projection_1x1,puma_fixed_adc,MVM,0.0,8196.0,31,7,4 mapped MVMU block(s)
resnet50_s4_b1_projection_1x1,puma_fixed_adc,CHAIN_REDUCE,8196.0,9884.0,,,"32 core(s), 8 tile(s)"
resnet50_s4_b2_conv1_1x1,puma_fixed_adc,MVM,0.0,8196.0,0,0,4 mapped MVMU block(s)
resnet50_s4_b2_conv1_1x1,puma_fixed_adc,MVM,0.0,8196.0,1,0,4 mapped MVMU block(s)
resnet50_s4_b2_conv1_1x1,puma_fixed_adc,MVM,0.0,8196.0,2,0,4 mapped MVMU block(s)
resnet50_s4_b2_conv1_1x1,puma_fixed_adc,MVM,0.0,8196.0,3,0,4 mapped MVMU block(s)
resnet50_s4_b2_conv1_1x1,puma_fixed_adc,MVM,0.0,8196.0,4,1,4 mapped MVMU block(s)
resnet50_s4_b2_conv1_1x1,puma_fixed_adc,MVM,0.0,8196.0,5,1,4 mapped MVMU block(s)
resnet50_s4_b2_conv1_1x1,puma_fixed_adc,MVM,0.0,8196.0,6,1,4 mapped MVMU block(s)
resnet50_s4_b2_conv1_1x1,puma_fixed_adc,MVM,0.0,8196.0,7,1,4 mapped MVMU block(s)
resnet50_s4_b2_conv1_1x1,puma_fixed_adc,MVM,0.0,8196.0,8,2,4 mapped MVMU block(s)
resnet50_s4_b2_conv1_1x1,puma_fixed_adc,MVM,0.0,8196.0,9,2,4 mapped MVMU block(s)
resnet50_s4_b2_conv1_1x1,puma_fixed_adc,MVM,0.0,8196.0,10,2,4 mapped MVMU block(s)
resnet50_s4_b2_conv1_1x1,puma_fixed_adc,MVM,0.0,8196.0,11,2,4 mapped MVMU block(s)
resnet50_s4_b2_conv1_1x1,puma_fixed_adc,MVM,0.0,8196.0,12,3,4 mapped MVMU block(s)
resnet50_s4_b2_conv1_1x1,puma_fixed_adc,MVM,0.0,8196.0,13,3,4 mapped MVMU block(s)
resnet50_s4_b2_conv1_1x1,puma_fixed_adc,MVM,0.0,8196.0,14,3,4 mapped MVMU block(s)
resnet50_s4_b2_conv1_1x1,puma_fixed_adc,MVM,0.0,8196.0,15,3,4 mapped MVMU block(s)
resnet50_s4_b2_conv1_1x1,puma_fixed_adc,CHAIN_REDUCE,8196.0,8988.0,,,"16 core(s), 4 tile(s)"
resnet50_s4_b2_conv2_3x3,puma_fixed_adc,MVM,0.0,8196.0,0,0,4 mapped MVMU block(s)
resnet50_s4_b2_conv2_3x3,puma_fixed_adc,MVM,0.0,8196.0,1,0,4 mapped MVMU block(s)
resnet50_s4_b2_conv2_3x3,puma_fixed_adc,MVM,0.0,8196.0,2,0,4 mapped MVMU block(s)
resnet50_s4_b2_conv2_3x3,puma_fixed_adc,MVM,0.0,8196.0,3,0,4 mapped MVMU block(s)
resnet50_s4_b2_conv2_3x3,puma_fixed_adc,MVM,0.0,8196.0,4,1,4 mapped MVMU block(s)
resnet50_s4_b2_conv2_3x3,puma_fixed_adc,MVM,0.0,8196.0,5,1,4 mapped MVMU block(s)
resnet50_s4_b2_conv2_3x3,puma_fixed_adc,MVM,0.0,8196.0,6,1,4 mapped MVMU block(s)
resnet50_s4_b2_conv2_3x3,puma_fixed_adc,MVM,0.0,8196.0,7,1,4 mapped MVMU block(s)
resnet50_s4_b2_conv2_3x3,puma_fixed_adc,MVM,0.0,8196.0,8,2,4 mapped MVMU block(s)
resnet50_s4_b2_conv2_3x3,puma_fixed_adc,MVM,0.0,8196.0,9,2,4 mapped MVMU block(s)
resnet50_s4_b2_conv2_3x3,puma_fixed_adc,MVM,0.0,8196.0,10,2,4 mapped MVMU block(s)
resnet50_s4_b2_conv2_3x3,puma_fixed_adc,MVM,0.0,8196.0,11,2,4 mapped MVMU block(s)
resnet50_s4_b2_conv2_3x3,puma_fixed_adc,MVM,0.0,8196.0,12,3,4 mapped MVMU block(s)
resnet50_s4_b2_conv2_3x3,puma_fixed_adc,MVM,0.0,8196.0,13,3,4 mapped MVMU block(s)
resnet50_s4_b2_conv2_3x3,puma_fixed_adc,MVM,0.0,8196.0,14,3,4 mapped MVMU block(s)
resnet50_s4_b2_conv2_3x3,puma_fixed_adc,MVM,0.0,8196.0,15,3,4 mapped MVMU block(s)
resnet50_s4_b2_conv2_3x3,puma_fixed_adc,MVM,0.0,8196.0,16,4,4 mapped MVMU block(s)
resnet50_s4_b2_conv2_3x3,puma_fixed_adc,MVM,0.0,8196.0,17,4,4 mapped MVMU block(s)
resnet50_s4_b2_conv2_3x3,puma_fixed_adc,MVM,0.0,8196.0,18,4,4 mapped MVMU block(s)
resnet50_s4_b2_conv2_3x3,puma_fixed_adc,MVM,0.0,8196.0,19,4,4 mapped MVMU block(s)
resnet50_s4_b2_conv2_3x3,puma_fixed_adc,MVM,0.0,8196.0,20,5,4 mapped MVMU block(s)
resnet50_s4_b2_conv2_3x3,puma_fixed_adc,MVM,0.0,8196.0,21,5,4 mapped MVMU block(s)
resnet50_s4_b2_conv2_3x3,puma_fixed_adc,MVM,0.0,8196.0,22,5,4 mapped MVMU block(s)
resnet50_s4_b2_conv2_3x3,puma_fixed_adc,MVM,0.0,8196.0,23,5,4 mapped MVMU block(s)
resnet50_s4_b2_conv2_3x3,puma_fixed_adc,MVM,0.0,8196.0,24,6,4 mapped MVMU block(s)
resnet50_s4_b2_conv2_3x3,puma_fixed_adc,MVM,0.0,8196.0,25,6,4 mapped MVMU block(s)
resnet50_s4_b2_conv2_3x3,puma_fixed_adc,MVM,0.0,8196.0,26,6,4 mapped MVMU block(s)
resnet50_s4_b2_conv2_3x3,puma_fixed_adc,MVM,0.0,8196.0,27,6,4 mapped MVMU block(s)
resnet50_s4_b2_conv2_3x3,puma_fixed_adc,MVM,0.0,8196.0,28,7,4 mapped MVMU block(s)
resnet50_s4_b2_conv2_3x3,puma_fixed_adc,MVM,0.0,8196.0,29,7,4 mapped MVMU block(s)
resnet50_s4_b2_conv2_3x3,puma_fixed_adc,MVM,0.0,8196.0,30,7,4 mapped MVMU block(s)
resnet50_s4_b2_conv2_3x3,puma_fixed_adc,MVM,0.0,8196.0,31,7,4 mapped MVMU block(s)
resnet50_s4_b2_conv2_3x3,puma_fixed_adc,MVM,0.0,8196.0,32,8,4 mapped MVMU block(s)
resnet50_s4_b2_conv2_3x3,puma_fixed_adc,MVM,0.0,8196.0,33,8,4 mapped MVMU block(s)
resnet50_s4_b2_conv2_3x3,puma_fixed_adc,MVM,0.0,8196.0,34,8,4 mapped MVMU block(s)
resnet50_s4_b2_conv2_3x3,puma_fixed_adc,MVM,0.0,8196.0,35,8,4 mapped MVMU block(s)
resnet50_s4_b2_conv2_3x3,puma_fixed_adc,CHAIN_REDUCE,8196.0,10108.0,,,"36 core(s), 9 tile(s)"
resnet50_s4_b2_conv3_1x1,puma_fixed_adc,MVM,0.0,8196.0,0,0,4 mapped MVMU block(s)
resnet50_s4_b2_conv3_1x1,puma_fixed_adc,MVM,0.0,8196.0,1,0,4 mapped MVMU block(s)
resnet50_s4_b2_conv3_1x1,puma_fixed_adc,MVM,0.0,8196.0,2,0,4 mapped MVMU block(s)
resnet50_s4_b2_conv3_1x1,puma_fixed_adc,MVM,0.0,8196.0,3,0,4 mapped MVMU block(s)
resnet50_s4_b2_conv3_1x1,puma_fixed_adc,MVM,0.0,8196.0,4,1,4 mapped MVMU block(s)
resnet50_s4_b2_conv3_1x1,puma_fixed_adc,MVM,0.0,8196.0,5,1,4 mapped MVMU block(s)
resnet50_s4_b2_conv3_1x1,puma_fixed_adc,MVM,0.0,8196.0,6,1,4 mapped MVMU block(s)
resnet50_s4_b2_conv3_1x1,puma_fixed_adc,MVM,0.0,8196.0,7,1,4 mapped MVMU block(s)
resnet50_s4_b2_conv3_1x1,puma_fixed_adc,MVM,0.0,8196.0,8,2,4 mapped MVMU block(s)
resnet50_s4_b2_conv3_1x1,puma_fixed_adc,MVM,0.0,8196.0,9,2,4 mapped MVMU block(s)
resnet50_s4_b2_conv3_1x1,puma_fixed_adc,MVM,0.0,8196.0,10,2,4 mapped MVMU block(s)
resnet50_s4_b2_conv3_1x1,puma_fixed_adc,MVM,0.0,8196.0,11,2,4 mapped MVMU block(s)
resnet50_s4_b2_conv3_1x1,puma_fixed_adc,MVM,0.0,8196.0,12,3,4 mapped MVMU block(s)
resnet50_s4_b2_conv3_1x1,puma_fixed_adc,MVM,0.0,8196.0,13,3,4 mapped MVMU block(s)
resnet50_s4_b2_conv3_1x1,puma_fixed_adc,MVM,0.0,8196.0,14,3,4 mapped MVMU block(s)
resnet50_s4_b2_conv3_1x1,puma_fixed_adc,MVM,0.0,8196.0,15,3,4 mapped MVMU block(s)
resnet50_s4_b2_conv3_1x1,puma_fixed_adc,CHAIN_REDUCE,8196.0,8988.0,,,"16 core(s), 4 tile(s)"
resnet50_s4_b3_conv1_1x1,puma_fixed_adc,MVM,0.0,8196.0,0,0,4 mapped MVMU block(s)
resnet50_s4_b3_conv1_1x1,puma_fixed_adc,MVM,0.0,8196.0,1,0,4 mapped MVMU block(s)
resnet50_s4_b3_conv1_1x1,puma_fixed_adc,MVM,0.0,8196.0,2,0,4 mapped MVMU block(s)
resnet50_s4_b3_conv1_1x1,puma_fixed_adc,MVM,0.0,8196.0,3,0,4 mapped MVMU block(s)
resnet50_s4_b3_conv1_1x1,puma_fixed_adc,MVM,0.0,8196.0,4,1,4 mapped MVMU block(s)
resnet50_s4_b3_conv1_1x1,puma_fixed_adc,MVM,0.0,8196.0,5,1,4 mapped MVMU block(s)
resnet50_s4_b3_conv1_1x1,puma_fixed_adc,MVM,0.0,8196.0,6,1,4 mapped MVMU block(s)
resnet50_s4_b3_conv1_1x1,puma_fixed_adc,MVM,0.0,8196.0,7,1,4 mapped MVMU block(s)
resnet50_s4_b3_conv1_1x1,puma_fixed_adc,MVM,0.0,8196.0,8,2,4 mapped MVMU block(s)
resnet50_s4_b3_conv1_1x1,puma_fixed_adc,MVM,0.0,8196.0,9,2,4 mapped MVMU block(s)
resnet50_s4_b3_conv1_1x1,puma_fixed_adc,MVM,0.0,8196.0,10,2,4 mapped MVMU block(s)
resnet50_s4_b3_conv1_1x1,puma_fixed_adc,MVM,0.0,8196.0,11,2,4 mapped MVMU block(s)
resnet50_s4_b3_conv1_1x1,puma_fixed_adc,MVM,0.0,8196.0,12,3,4 mapped MVMU block(s)
resnet50_s4_b3_conv1_1x1,puma_fixed_adc,MVM,0.0,8196.0,13,3,4 mapped MVMU block(s)
resnet50_s4_b3_conv1_1x1,puma_fixed_adc,MVM,0.0,8196.0,14,3,4 mapped MVMU block(s)
resnet50_s4_b3_conv1_1x1,puma_fixed_adc,MVM,0.0,8196.0,15,3,4 mapped MVMU block(s)
resnet50_s4_b3_conv1_1x1,puma_fixed_adc,CHAIN_REDUCE,8196.0,8988.0,,,"16 core(s), 4 tile(s)"
resnet50_s4_b3_conv2_3x3,puma_fixed_adc,MVM,0.0,8196.0,0,0,4 mapped MVMU block(s)
resnet50_s4_b3_conv2_3x3,puma_fixed_adc,MVM,0.0,8196.0,1,0,4 mapped MVMU block(s)
resnet50_s4_b3_conv2_3x3,puma_fixed_adc,MVM,0.0,8196.0,2,0,4 mapped MVMU block(s)
resnet50_s4_b3_conv2_3x3,puma_fixed_adc,MVM,0.0,8196.0,3,0,4 mapped MVMU block(s)
resnet50_s4_b3_conv2_3x3,puma_fixed_adc,MVM,0.0,8196.0,4,1,4 mapped MVMU block(s)
resnet50_s4_b3_conv2_3x3,puma_fixed_adc,MVM,0.0,8196.0,5,1,4 mapped MVMU block(s)
resnet50_s4_b3_conv2_3x3,puma_fixed_adc,MVM,0.0,8196.0,6,1,4 mapped MVMU block(s)
resnet50_s4_b3_conv2_3x3,puma_fixed_adc,MVM,0.0,8196.0,7,1,4 mapped MVMU block(s)
resnet50_s4_b3_conv2_3x3,puma_fixed_adc,MVM,0.0,8196.0,8,2,4 mapped MVMU block(s)
resnet50_s4_b3_conv2_3x3,puma_fixed_adc,MVM,0.0,8196.0,9,2,4 mapped MVMU block(s)
resnet50_s4_b3_conv2_3x3,puma_fixed_adc,MVM,0.0,8196.0,10,2,4 mapped MVMU block(s)
resnet50_s4_b3_conv2_3x3,puma_fixed_adc,MVM,0.0,8196.0,11,2,4 mapped MVMU block(s)
resnet50_s4_b3_conv2_3x3,puma_fixed_adc,MVM,0.0,8196.0,12,3,4 mapped MVMU block(s)
resnet50_s4_b3_conv2_3x3,puma_fixed_adc,MVM,0.0,8196.0,13,3,4 mapped MVMU block(s)
resnet50_s4_b3_conv2_3x3,puma_fixed_adc,MVM,0.0,8196.0,14,3,4 mapped MVMU block(s)
resnet50_s4_b3_conv2_3x3,puma_fixed_adc,MVM,0.0,8196.0,15,3,4 mapped MVMU block(s)
resnet50_s4_b3_conv2_3x3,puma_fixed_adc,MVM,0.0,8196.0,16,4,4 mapped MVMU block(s)
resnet50_s4_b3_conv2_3x3,puma_fixed_adc,MVM,0.0,8196.0,17,4,4 mapped MVMU block(s)
resnet50_s4_b3_conv2_3x3,puma_fixed_adc,MVM,0.0,8196.0,18,4,4 mapped MVMU block(s)
resnet50_s4_b3_conv2_3x3,puma_fixed_adc,MVM,0.0,8196.0,19,4,4 mapped MVMU block(s)
resnet50_s4_b3_conv2_3x3,puma_fixed_adc,MVM,0.0,8196.0,20,5,4 mapped MVMU block(s)
resnet50_s4_b3_conv2_3x3,puma_fixed_adc,MVM,0.0,8196.0,21,5,4 mapped MVMU block(s)
resnet50_s4_b3_conv2_3x3,puma_fixed_adc,MVM,0.0,8196.0,22,5,4 mapped MVMU block(s)
resnet50_s4_b3_conv2_3x3,puma_fixed_adc,MVM,0.0,8196.0,23,5,4 mapped MVMU block(s)
resnet50_s4_b3_conv2_3x3,puma_fixed_adc,MVM,0.0,8196.0,24,6,4 mapped MVMU block(s)
resnet50_s4_b3_conv2_3x3,puma_fixed_adc,MVM,0.0,8196.0,25,6,4 mapped MVMU block(s)
resnet50_s4_b3_conv2_3x3,puma_fixed_adc,MVM,0.0,8196.0,26,6,4 mapped MVMU block(s)
resnet50_s4_b3_conv2_3x3,puma_fixed_adc,MVM,0.0,8196.0,27,6,4 mapped MVMU block(s)
resnet50_s4_b3_conv2_3x3,puma_fixed_adc,MVM,0.0,8196.0,28,7,4 mapped MVMU block(s)
resnet50_s4_b3_conv2_3x3,puma_fixed_adc,MVM,0.0,8196.0,29,7,4 mapped MVMU block(s)
resnet50_s4_b3_conv2_3x3,puma_fixed_adc,MVM,0.0,8196.0,30,7,4 mapped MVMU block(s)
resnet50_s4_b3_conv2_3x3,puma_fixed_adc,MVM,0.0,8196.0,31,7,4 mapped MVMU block(s)
resnet50_s4_b3_conv2_3x3,puma_fixed_adc,MVM,0.0,8196.0,32,8,4 mapped MVMU block(s)
resnet50_s4_b3_conv2_3x3,puma_fixed_adc,MVM,0.0,8196.0,33,8,4 mapped MVMU block(s)
resnet50_s4_b3_conv2_3x3,puma_fixed_adc,MVM,0.0,8196.0,34,8,4 mapped MVMU block(s)
resnet50_s4_b3_conv2_3x3,puma_fixed_adc,MVM,0.0,8196.0,35,8,4 mapped MVMU block(s)
resnet50_s4_b3_conv2_3x3,puma_fixed_adc,CHAIN_REDUCE,8196.0,10108.0,,,"36 core(s), 9 tile(s)"
resnet50_s4_b3_conv3_1x1,puma_fixed_adc,MVM,0.0,8196.0,0,0,4 mapped MVMU block(s)
resnet50_s4_b3_conv3_1x1,puma_fixed_adc,MVM,0.0,8196.0,1,0,4 mapped MVMU block(s)
resnet50_s4_b3_conv3_1x1,puma_fixed_adc,MVM,0.0,8196.0,2,0,4 mapped MVMU block(s)
resnet50_s4_b3_conv3_1x1,puma_fixed_adc,MVM,0.0,8196.0,3,0,4 mapped MVMU block(s)
resnet50_s4_b3_conv3_1x1,puma_fixed_adc,MVM,0.0,8196.0,4,1,4 mapped MVMU block(s)
resnet50_s4_b3_conv3_1x1,puma_fixed_adc,MVM,0.0,8196.0,5,1,4 mapped MVMU block(s)
resnet50_s4_b3_conv3_1x1,puma_fixed_adc,MVM,0.0,8196.0,6,1,4 mapped MVMU block(s)
resnet50_s4_b3_conv3_1x1,puma_fixed_adc,MVM,0.0,8196.0,7,1,4 mapped MVMU block(s)
resnet50_s4_b3_conv3_1x1,puma_fixed_adc,MVM,0.0,8196.0,8,2,4 mapped MVMU block(s)
resnet50_s4_b3_conv3_1x1,puma_fixed_adc,MVM,0.0,8196.0,9,2,4 mapped MVMU block(s)
resnet50_s4_b3_conv3_1x1,puma_fixed_adc,MVM,0.0,8196.0,10,2,4 mapped MVMU block(s)
resnet50_s4_b3_conv3_1x1,puma_fixed_adc,MVM,0.0,8196.0,11,2,4 mapped MVMU block(s)
resnet50_s4_b3_conv3_1x1,puma_fixed_adc,MVM,0.0,8196.0,12,3,4 mapped MVMU block(s)
resnet50_s4_b3_conv3_1x1,puma_fixed_adc,MVM,0.0,8196.0,13,3,4 mapped MVMU block(s)
resnet50_s4_b3_conv3_1x1,puma_fixed_adc,MVM,0.0,8196.0,14,3,4 mapped MVMU block(s)
resnet50_s4_b3_conv3_1x1,puma_fixed_adc,MVM,0.0,8196.0,15,3,4 mapped MVMU block(s)
resnet50_s4_b3_conv3_1x1,puma_fixed_adc,CHAIN_REDUCE,8196.0,8988.0,,,"16 core(s), 4 tile(s)"
resnet50_s4_b4_conv1_1x1,puma_fixed_adc,MVM,0.0,8196.0,0,0,4 mapped MVMU block(s)
resnet50_s4_b4_conv1_1x1,puma_fixed_adc,MVM,0.0,8196.0,1,0,4 mapped MVMU block(s)
resnet50_s4_b4_conv1_1x1,puma_fixed_adc,MVM,0.0,8196.0,2,0,4 mapped MVMU block(s)
resnet50_s4_b4_conv1_1x1,puma_fixed_adc,MVM,0.0,8196.0,3,0,4 mapped MVMU block(s)
resnet50_s4_b4_conv1_1x1,puma_fixed_adc,MVM,0.0,8196.0,4,1,4 mapped MVMU block(s)
resnet50_s4_b4_conv1_1x1,puma_fixed_adc,MVM,0.0,8196.0,5,1,4 mapped MVMU block(s)
resnet50_s4_b4_conv1_1x1,puma_fixed_adc,MVM,0.0,8196.0,6,1,4 mapped MVMU block(s)
resnet50_s4_b4_conv1_1x1,puma_fixed_adc,MVM,0.0,8196.0,7,1,4 mapped MVMU block(s)
resnet50_s4_b4_conv1_1x1,puma_fixed_adc,MVM,0.0,8196.0,8,2,4 mapped MVMU block(s)
resnet50_s4_b4_conv1_1x1,puma_fixed_adc,MVM,0.0,8196.0,9,2,4 mapped MVMU block(s)
resnet50_s4_b4_conv1_1x1,puma_fixed_adc,MVM,0.0,8196.0,10,2,4 mapped MVMU block(s)
resnet50_s4_b4_conv1_1x1,puma_fixed_adc,MVM,0.0,8196.0,11,2,4 mapped MVMU block(s)
resnet50_s4_b4_conv1_1x1,puma_fixed_adc,MVM,0.0,8196.0,12,3,4 mapped MVMU block(s)
resnet50_s4_b4_conv1_1x1,puma_fixed_adc,MVM,0.0,8196.0,13,3,4 mapped MVMU block(s)
resnet50_s4_b4_conv1_1x1,puma_fixed_adc,MVM,0.0,8196.0,14,3,4 mapped MVMU block(s)
resnet50_s4_b4_conv1_1x1,puma_fixed_adc,MVM,0.0,8196.0,15,3,4 mapped MVMU block(s)
resnet50_s4_b4_conv1_1x1,puma_fixed_adc,CHAIN_REDUCE,8196.0,8988.0,,,"16 core(s), 4 tile(s)"
resnet50_s4_b4_conv2_3x3,puma_fixed_adc,MVM,0.0,8196.0,0,0,4 mapped MVMU block(s)
resnet50_s4_b4_conv2_3x3,puma_fixed_adc,MVM,0.0,8196.0,1,0,4 mapped MVMU block(s)
resnet50_s4_b4_conv2_3x3,puma_fixed_adc,MVM,0.0,8196.0,2,0,4 mapped MVMU block(s)
resnet50_s4_b4_conv2_3x3,puma_fixed_adc,MVM,0.0,8196.0,3,0,4 mapped MVMU block(s)
resnet50_s4_b4_conv2_3x3,puma_fixed_adc,MVM,0.0,8196.0,4,1,4 mapped MVMU block(s)
resnet50_s4_b4_conv2_3x3,puma_fixed_adc,MVM,0.0,8196.0,5,1,4 mapped MVMU block(s)
resnet50_s4_b4_conv2_3x3,puma_fixed_adc,MVM,0.0,8196.0,6,1,4 mapped MVMU block(s)
resnet50_s4_b4_conv2_3x3,puma_fixed_adc,MVM,0.0,8196.0,7,1,4 mapped MVMU block(s)
resnet50_s4_b4_conv2_3x3,puma_fixed_adc,MVM,0.0,8196.0,8,2,4 mapped MVMU block(s)
resnet50_s4_b4_conv2_3x3,puma_fixed_adc,MVM,0.0,8196.0,9,2,4 mapped MVMU block(s)
resnet50_s4_b4_conv2_3x3,puma_fixed_adc,MVM,0.0,8196.0,10,2,4 mapped MVMU block(s)
resnet50_s4_b4_conv2_3x3,puma_fixed_adc,MVM,0.0,8196.0,11,2,4 mapped MVMU block(s)
resnet50_s4_b4_conv2_3x3,puma_fixed_adc,MVM,0.0,8196.0,12,3,4 mapped MVMU block(s)
resnet50_s4_b4_conv2_3x3,puma_fixed_adc,MVM,0.0,8196.0,13,3,4 mapped MVMU block(s)
resnet50_s4_b4_conv2_3x3,puma_fixed_adc,MVM,0.0,8196.0,14,3,4 mapped MVMU block(s)
resnet50_s4_b4_conv2_3x3,puma_fixed_adc,MVM,0.0,8196.0,15,3,4 mapped MVMU block(s)
resnet50_s4_b4_conv2_3x3,puma_fixed_adc,MVM,0.0,8196.0,16,4,4 mapped MVMU block(s)
resnet50_s4_b4_conv2_3x3,puma_fixed_adc,MVM,0.0,8196.0,17,4,4 mapped MVMU block(s)
resnet50_s4_b4_conv2_3x3,puma_fixed_adc,MVM,0.0,8196.0,18,4,4 mapped MVMU block(s)
resnet50_s4_b4_conv2_3x3,puma_fixed_adc,MVM,0.0,8196.0,19,4,4 mapped MVMU block(s)
resnet50_s4_b4_conv2_3x3,puma_fixed_adc,MVM,0.0,8196.0,20,5,4 mapped MVMU block(s)
resnet50_s4_b4_conv2_3x3,puma_fixed_adc,MVM,0.0,8196.0,21,5,4 mapped MVMU block(s)
resnet50_s4_b4_conv2_3x3,puma_fixed_adc,MVM,0.0,8196.0,22,5,4 mapped MVMU block(s)
resnet50_s4_b4_conv2_3x3,puma_fixed_adc,MVM,0.0,8196.0,23,5,4 mapped MVMU block(s)
resnet50_s4_b4_conv2_3x3,puma_fixed_adc,MVM,0.0,8196.0,24,6,4 mapped MVMU block(s)
resnet50_s4_b4_conv2_3x3,puma_fixed_adc,MVM,0.0,8196.0,25,6,4 mapped MVMU block(s)
resnet50_s4_b4_conv2_3x3,puma_fixed_adc,MVM,0.0,8196.0,26,6,4 mapped MVMU block(s)
resnet50_s4_b4_conv2_3x3,puma_fixed_adc,MVM,0.0,8196.0,27,6,4 mapped MVMU block(s)
resnet50_s4_b4_conv2_3x3,puma_fixed_adc,MVM,0.0,8196.0,28,7,4 mapped MVMU block(s)
resnet50_s4_b4_conv2_3x3,puma_fixed_adc,MVM,0.0,8196.0,29,7,4 mapped MVMU block(s)
resnet50_s4_b4_conv2_3x3,puma_fixed_adc,MVM,0.0,8196.0,30,7,4 mapped MVMU block(s)
resnet50_s4_b4_conv2_3x3,puma_fixed_adc,MVM,0.0,8196.0,31,7,4 mapped MVMU block(s)
resnet50_s4_b4_conv2_3x3,puma_fixed_adc,MVM,0.0,8196.0,32,8,4 mapped MVMU block(s)
resnet50_s4_b4_conv2_3x3,puma_fixed_adc,MVM,0.0,8196.0,33,8,4 mapped MVMU block(s)
resnet50_s4_b4_conv2_3x3,puma_fixed_adc,MVM,0.0,8196.0,34,8,4 mapped MVMU block(s)
resnet50_s4_b4_conv2_3x3,puma_fixed_adc,MVM,0.0,8196.0,35,8,4 mapped MVMU block(s)
resnet50_s4_b4_conv2_3x3,puma_fixed_adc,CHAIN_REDUCE,8196.0,10108.0,,,"36 core(s), 9 tile(s)"
resnet50_s4_b4_conv3_1x1,puma_fixed_adc,MVM,0.0,8196.0,0,0,4 mapped MVMU block(s)
resnet50_s4_b4_conv3_1x1,puma_fixed_adc,MVM,0.0,8196.0,1,0,4 mapped MVMU block(s)
resnet50_s4_b4_conv3_1x1,puma_fixed_adc,MVM,0.0,8196.0,2,0,4 mapped MVMU block(s)
resnet50_s4_b4_conv3_1x1,puma_fixed_adc,MVM,0.0,8196.0,3,0,4 mapped MVMU block(s)
resnet50_s4_b4_conv3_1x1,puma_fixed_adc,MVM,0.0,8196.0,4,1,4 mapped MVMU block(s)
resnet50_s4_b4_conv3_1x1,puma_fixed_adc,MVM,0.0,8196.0,5,1,4 mapped MVMU block(s)
resnet50_s4_b4_conv3_1x1,puma_fixed_adc,MVM,0.0,8196.0,6,1,4 mapped MVMU block(s)
resnet50_s4_b4_conv3_1x1,puma_fixed_adc,MVM,0.0,8196.0,7,1,4 mapped MVMU block(s)
resnet50_s4_b4_conv3_1x1,puma_fixed_adc,MVM,0.0,8196.0,8,2,4 mapped MVMU block(s)
resnet50_s4_b4_conv3_1x1,puma_fixed_adc,MVM,0.0,8196.0,9,2,4 mapped MVMU block(s)
resnet50_s4_b4_conv3_1x1,puma_fixed_adc,MVM,0.0,8196.0,10,2,4 mapped MVMU block(s)
resnet50_s4_b4_conv3_1x1,puma_fixed_adc,MVM,0.0,8196.0,11,2,4 mapped MVMU block(s)
resnet50_s4_b4_conv3_1x1,puma_fixed_adc,MVM,0.0,8196.0,12,3,4 mapped MVMU block(s)
resnet50_s4_b4_conv3_1x1,puma_fixed_adc,MVM,0.0,8196.0,13,3,4 mapped MVMU block(s)
resnet50_s4_b4_conv3_1x1,puma_fixed_adc,MVM,0.0,8196.0,14,3,4 mapped MVMU block(s)
resnet50_s4_b4_conv3_1x1,puma_fixed_adc,MVM,0.0,8196.0,15,3,4 mapped MVMU block(s)
resnet50_s4_b4_conv3_1x1,puma_fixed_adc,CHAIN_REDUCE,8196.0,8988.0,,,"16 core(s), 4 tile(s)"
resnet50_s4_b5_conv1_1x1,puma_fixed_adc,MVM,0.0,8196.0,0,0,4 mapped MVMU block(s)
resnet50_s4_b5_conv1_1x1,puma_fixed_adc,MVM,0.0,8196.0,1,0,4 mapped MVMU block(s)
resnet50_s4_b5_conv1_1x1,puma_fixed_adc,MVM,0.0,8196.0,2,0,4 mapped MVMU block(s)
resnet50_s4_b5_conv1_1x1,puma_fixed_adc,MVM,0.0,8196.0,3,0,4 mapped MVMU block(s)
resnet50_s4_b5_conv1_1x1,puma_fixed_adc,MVM,0.0,8196.0,4,1,4 mapped MVMU block(s)
resnet50_s4_b5_conv1_1x1,puma_fixed_adc,MVM,0.0,8196.0,5,1,4 mapped MVMU block(s)
resnet50_s4_b5_conv1_1x1,puma_fixed_adc,MVM,0.0,8196.0,6,1,4 mapped MVMU block(s)
resnet50_s4_b5_conv1_1x1,puma_fixed_adc,MVM,0.0,8196.0,7,1,4 mapped MVMU block(s)
resnet50_s4_b5_conv1_1x1,puma_fixed_adc,MVM,0.0,8196.0,8,2,4 mapped MVMU block(s)
resnet50_s4_b5_conv1_1x1,puma_fixed_adc,MVM,0.0,8196.0,9,2,4 mapped MVMU block(s)
resnet50_s4_b5_conv1_1x1,puma_fixed_adc,MVM,0.0,8196.0,10,2,4 mapped MVMU block(s)
resnet50_s4_b5_conv1_1x1,puma_fixed_adc,MVM,0.0,8196.0,11,2,4 mapped MVMU block(s)
resnet50_s4_b5_conv1_1x1,puma_fixed_adc,MVM,0.0,8196.0,12,3,4 mapped MVMU block(s)
resnet50_s4_b5_conv1_1x1,puma_fixed_adc,MVM,0.0,8196.0,13,3,4 mapped MVMU block(s)
resnet50_s4_b5_conv1_1x1,puma_fixed_adc,MVM,0.0,8196.0,14,3,4 mapped MVMU block(s)
resnet50_s4_b5_conv1_1x1,puma_fixed_adc,MVM,0.0,8196.0,15,3,4 mapped MVMU block(s)
resnet50_s4_b5_conv1_1x1,puma_fixed_adc,CHAIN_REDUCE,8196.0,8988.0,,,"16 core(s), 4 tile(s)"
resnet50_s4_b5_conv2_3x3,puma_fixed_adc,MVM,0.0,8196.0,0,0,4 mapped MVMU block(s)
resnet50_s4_b5_conv2_3x3,puma_fixed_adc,MVM,0.0,8196.0,1,0,4 mapped MVMU block(s)
resnet50_s4_b5_conv2_3x3,puma_fixed_adc,MVM,0.0,8196.0,2,0,4 mapped MVMU block(s)
resnet50_s4_b5_conv2_3x3,puma_fixed_adc,MVM,0.0,8196.0,3,0,4 mapped MVMU block(s)
resnet50_s4_b5_conv2_3x3,puma_fixed_adc,MVM,0.0,8196.0,4,1,4 mapped MVMU block(s)
resnet50_s4_b5_conv2_3x3,puma_fixed_adc,MVM,0.0,8196.0,5,1,4 mapped MVMU block(s)
resnet50_s4_b5_conv2_3x3,puma_fixed_adc,MVM,0.0,8196.0,6,1,4 mapped MVMU block(s)
resnet50_s4_b5_conv2_3x3,puma_fixed_adc,MVM,0.0,8196.0,7,1,4 mapped MVMU block(s)
resnet50_s4_b5_conv2_3x3,puma_fixed_adc,MVM,0.0,8196.0,8,2,4 mapped MVMU block(s)
resnet50_s4_b5_conv2_3x3,puma_fixed_adc,MVM,0.0,8196.0,9,2,4 mapped MVMU block(s)
resnet50_s4_b5_conv2_3x3,puma_fixed_adc,MVM,0.0,8196.0,10,2,4 mapped MVMU block(s)
resnet50_s4_b5_conv2_3x3,puma_fixed_adc,MVM,0.0,8196.0,11,2,4 mapped MVMU block(s)
resnet50_s4_b5_conv2_3x3,puma_fixed_adc,MVM,0.0,8196.0,12,3,4 mapped MVMU block(s)
resnet50_s4_b5_conv2_3x3,puma_fixed_adc,MVM,0.0,8196.0,13,3,4 mapped MVMU block(s)
resnet50_s4_b5_conv2_3x3,puma_fixed_adc,MVM,0.0,8196.0,14,3,4 mapped MVMU block(s)
resnet50_s4_b5_conv2_3x3,puma_fixed_adc,MVM,0.0,8196.0,15,3,4 mapped MVMU block(s)
resnet50_s4_b5_conv2_3x3,puma_fixed_adc,MVM,0.0,8196.0,16,4,4 mapped MVMU block(s)
resnet50_s4_b5_conv2_3x3,puma_fixed_adc,MVM,0.0,8196.0,17,4,4 mapped MVMU block(s)
resnet50_s4_b5_conv2_3x3,puma_fixed_adc,MVM,0.0,8196.0,18,4,4 mapped MVMU block(s)
resnet50_s4_b5_conv2_3x3,puma_fixed_adc,MVM,0.0,8196.0,19,4,4 mapped MVMU block(s)
resnet50_s4_b5_conv2_3x3,puma_fixed_adc,MVM,0.0,8196.0,20,5,4 mapped MVMU block(s)
resnet50_s4_b5_conv2_3x3,puma_fixed_adc,MVM,0.0,8196.0,21,5,4 mapped MVMU block(s)
resnet50_s4_b5_conv2_3x3,puma_fixed_adc,MVM,0.0,8196.0,22,5,4 mapped MVMU block(s)
resnet50_s4_b5_conv2_3x3,puma_fixed_adc,MVM,0.0,8196.0,23,5,4 mapped MVMU block(s)
resnet50_s4_b5_conv2_3x3,puma_fixed_adc,MVM,0.0,8196.0,24,6,4 mapped MVMU block(s)
resnet50_s4_b5_conv2_3x3,puma_fixed_adc,MVM,0.0,8196.0,25,6,4 mapped MVMU block(s)
resnet50_s4_b5_conv2_3x3,puma_fixed_adc,MVM,0.0,8196.0,26,6,4 mapped MVMU block(s)
resnet50_s4_b5_conv2_3x3,puma_fixed_adc,MVM,0.0,8196.0,27,6,4 mapped MVMU block(s)
resnet50_s4_b5_conv2_3x3,puma_fixed_adc,MVM,0.0,8196.0,28,7,4 mapped MVMU block(s)
resnet50_s4_b5_conv2_3x3,puma_fixed_adc,MVM,0.0,8196.0,29,7,4 mapped MVMU block(s)
resnet50_s4_b5_conv2_3x3,puma_fixed_adc,MVM,0.0,8196.0,30,7,4 mapped MVMU block(s)
resnet50_s4_b5_conv2_3x3,puma_fixed_adc,MVM,0.0,8196.0,31,7,4 mapped MVMU block(s)
resnet50_s4_b5_conv2_3x3,puma_fixed_adc,MVM,0.0,8196.0,32,8,4 mapped MVMU block(s)
resnet50_s4_b5_conv2_3x3,puma_fixed_adc,MVM,0.0,8196.0,33,8,4 mapped MVMU block(s)
resnet50_s4_b5_conv2_3x3,puma_fixed_adc,MVM,0.0,8196.0,34,8,4 mapped MVMU block(s)
resnet50_s4_b5_conv2_3x3,puma_fixed_adc,MVM,0.0,8196.0,35,8,4 mapped MVMU block(s)
resnet50_s4_b5_conv2_3x3,puma_fixed_adc,CHAIN_REDUCE,8196.0,10108.0,,,"36 core(s), 9 tile(s)"
resnet50_s4_b5_conv3_1x1,puma_fixed_adc,MVM,0.0,8196.0,0,0,4 mapped MVMU block(s)
resnet50_s4_b5_conv3_1x1,puma_fixed_adc,MVM,0.0,8196.0,1,0,4 mapped MVMU block(s)
resnet50_s4_b5_conv3_1x1,puma_fixed_adc,MVM,0.0,8196.0,2,0,4 mapped MVMU block(s)
resnet50_s4_b5_conv3_1x1,puma_fixed_adc,MVM,0.0,8196.0,3,0,4 mapped MVMU block(s)
resnet50_s4_b5_conv3_1x1,puma_fixed_adc,MVM,0.0,8196.0,4,1,4 mapped MVMU block(s)
resnet50_s4_b5_conv3_1x1,puma_fixed_adc,MVM,0.0,8196.0,5,1,4 mapped MVMU block(s)
resnet50_s4_b5_conv3_1x1,puma_fixed_adc,MVM,0.0,8196.0,6,1,4 mapped MVMU block(s)
resnet50_s4_b5_conv3_1x1,puma_fixed_adc,MVM,0.0,8196.0,7,1,4 mapped MVMU block(s)
resnet50_s4_b5_conv3_1x1,puma_fixed_adc,MVM,0.0,8196.0,8,2,4 mapped MVMU block(s)
resnet50_s4_b5_conv3_1x1,puma_fixed_adc,MVM,0.0,8196.0,9,2,4 mapped MVMU block(s)
resnet50_s4_b5_conv3_1x1,puma_fixed_adc,MVM,0.0,8196.0,10,2,4 mapped MVMU block(s)
resnet50_s4_b5_conv3_1x1,puma_fixed_adc,MVM,0.0,8196.0,11,2,4 mapped MVMU block(s)
resnet50_s4_b5_conv3_1x1,puma_fixed_adc,MVM,0.0,8196.0,12,3,4 mapped MVMU block(s)
resnet50_s4_b5_conv3_1x1,puma_fixed_adc,MVM,0.0,8196.0,13,3,4 mapped MVMU block(s)
resnet50_s4_b5_conv3_1x1,puma_fixed_adc,MVM,0.0,8196.0,14,3,4 mapped MVMU block(s)
resnet50_s4_b5_conv3_1x1,puma_fixed_adc,MVM,0.0,8196.0,15,3,4 mapped MVMU block(s)
resnet50_s4_b5_conv3_1x1,puma_fixed_adc,CHAIN_REDUCE,8196.0,8988.0,,,"16 core(s), 4 tile(s)"
resnet50_s4_b6_conv1_1x1,puma_fixed_adc,MVM,0.0,8196.0,0,0,4 mapped MVMU block(s)
resnet50_s4_b6_conv1_1x1,puma_fixed_adc,MVM,0.0,8196.0,1,0,4 mapped MVMU block(s)
resnet50_s4_b6_conv1_1x1,puma_fixed_adc,MVM,0.0,8196.0,2,0,4 mapped MVMU block(s)
resnet50_s4_b6_conv1_1x1,puma_fixed_adc,MVM,0.0,8196.0,3,0,4 mapped MVMU block(s)
resnet50_s4_b6_conv1_1x1,puma_fixed_adc,MVM,0.0,8196.0,4,1,4 mapped MVMU block(s)
resnet50_s4_b6_conv1_1x1,puma_fixed_adc,MVM,0.0,8196.0,5,1,4 mapped MVMU block(s)
resnet50_s4_b6_conv1_1x1,puma_fixed_adc,MVM,0.0,8196.0,6,1,4 mapped MVMU block(s)
resnet50_s4_b6_conv1_1x1,puma_fixed_adc,MVM,0.0,8196.0,7,1,4 mapped MVMU block(s)
resnet50_s4_b6_conv1_1x1,puma_fixed_adc,MVM,0.0,8196.0,8,2,4 mapped MVMU block(s)
resnet50_s4_b6_conv1_1x1,puma_fixed_adc,MVM,0.0,8196.0,9,2,4 mapped MVMU block(s)
resnet50_s4_b6_conv1_1x1,puma_fixed_adc,MVM,0.0,8196.0,10,2,4 mapped MVMU block(s)
resnet50_s4_b6_conv1_1x1,puma_fixed_adc,MVM,0.0,8196.0,11,2,4 mapped MVMU block(s)
resnet50_s4_b6_conv1_1x1,puma_fixed_adc,MVM,0.0,8196.0,12,3,4 mapped MVMU block(s)
resnet50_s4_b6_conv1_1x1,puma_fixed_adc,MVM,0.0,8196.0,13,3,4 mapped MVMU block(s)
resnet50_s4_b6_conv1_1x1,puma_fixed_adc,MVM,0.0,8196.0,14,3,4 mapped MVMU block(s)
resnet50_s4_b6_conv1_1x1,puma_fixed_adc,MVM,0.0,8196.0,15,3,4 mapped MVMU block(s)
resnet50_s4_b6_conv1_1x1,puma_fixed_adc,CHAIN_REDUCE,8196.0,8988.0,,,"16 core(s), 4 tile(s)"
resnet50_s4_b6_conv2_3x3,puma_fixed_adc,MVM,0.0,8196.0,0,0,4 mapped MVMU block(s)
resnet50_s4_b6_conv2_3x3,puma_fixed_adc,MVM,0.0,8196.0,1,0,4 mapped MVMU block(s)
resnet50_s4_b6_conv2_3x3,puma_fixed_adc,MVM,0.0,8196.0,2,0,4 mapped MVMU block(s)
resnet50_s4_b6_conv2_3x3,puma_fixed_adc,MVM,0.0,8196.0,3,0,4 mapped MVMU block(s)
resnet50_s4_b6_conv2_3x3,puma_fixed_adc,MVM,0.0,8196.0,4,1,4 mapped MVMU block(s)
resnet50_s4_b6_conv2_3x3,puma_fixed_adc,MVM,0.0,8196.0,5,1,4 mapped MVMU block(s)
resnet50_s4_b6_conv2_3x3,puma_fixed_adc,MVM,0.0,8196.0,6,1,4 mapped MVMU block(s)
resnet50_s4_b6_conv2_3x3,puma_fixed_adc,MVM,0.0,8196.0,7,1,4 mapped MVMU block(s)
resnet50_s4_b6_conv2_3x3,puma_fixed_adc,MVM,0.0,8196.0,8,2,4 mapped MVMU block(s)
resnet50_s4_b6_conv2_3x3,puma_fixed_adc,MVM,0.0,8196.0,9,2,4 mapped MVMU block(s)
resnet50_s4_b6_conv2_3x3,puma_fixed_adc,MVM,0.0,8196.0,10,2,4 mapped MVMU block(s)
resnet50_s4_b6_conv2_3x3,puma_fixed_adc,MVM,0.0,8196.0,11,2,4 mapped MVMU block(s)
resnet50_s4_b6_conv2_3x3,puma_fixed_adc,MVM,0.0,8196.0,12,3,4 mapped MVMU block(s)
resnet50_s4_b6_conv2_3x3,puma_fixed_adc,MVM,0.0,8196.0,13,3,4 mapped MVMU block(s)
resnet50_s4_b6_conv2_3x3,puma_fixed_adc,MVM,0.0,8196.0,14,3,4 mapped MVMU block(s)
resnet50_s4_b6_conv2_3x3,puma_fixed_adc,MVM,0.0,8196.0,15,3,4 mapped MVMU block(s)
resnet50_s4_b6_conv2_3x3,puma_fixed_adc,MVM,0.0,8196.0,16,4,4 mapped MVMU block(s)
resnet50_s4_b6_conv2_3x3,puma_fixed_adc,MVM,0.0,8196.0,17,4,4 mapped MVMU block(s)
resnet50_s4_b6_conv2_3x3,puma_fixed_adc,MVM,0.0,8196.0,18,4,4 mapped MVMU block(s)
resnet50_s4_b6_conv2_3x3,puma_fixed_adc,MVM,0.0,8196.0,19,4,4 mapped MVMU block(s)
resnet50_s4_b6_conv2_3x3,puma_fixed_adc,MVM,0.0,8196.0,20,5,4 mapped MVMU block(s)
resnet50_s4_b6_conv2_3x3,puma_fixed_adc,MVM,0.0,8196.0,21,5,4 mapped MVMU block(s)
resnet50_s4_b6_conv2_3x3,puma_fixed_adc,MVM,0.0,8196.0,22,5,4 mapped MVMU block(s)
resnet50_s4_b6_conv2_3x3,puma_fixed_adc,MVM,0.0,8196.0,23,5,4 mapped MVMU block(s)
resnet50_s4_b6_conv2_3x3,puma_fixed_adc,MVM,0.0,8196.0,24,6,4 mapped MVMU block(s)
resnet50_s4_b6_conv2_3x3,puma_fixed_adc,MVM,0.0,8196.0,25,6,4 mapped MVMU block(s)
resnet50_s4_b6_conv2_3x3,puma_fixed_adc,MVM,0.0,8196.0,26,6,4 mapped MVMU block(s)
resnet50_s4_b6_conv2_3x3,puma_fixed_adc,MVM,0.0,8196.0,27,6,4 mapped MVMU block(s)
resnet50_s4_b6_conv2_3x3,puma_fixed_adc,MVM,0.0,8196.0,28,7,4 mapped MVMU block(s)
resnet50_s4_b6_conv2_3x3,puma_fixed_adc,MVM,0.0,8196.0,29,7,4 mapped MVMU block(s)
resnet50_s4_b6_conv2_3x3,puma_fixed_adc,MVM,0.0,8196.0,30,7,4 mapped MVMU block(s)
resnet50_s4_b6_conv2_3x3,puma_fixed_adc,MVM,0.0,8196.0,31,7,4 mapped MVMU block(s)
resnet50_s4_b6_conv2_3x3,puma_fixed_adc,MVM,0.0,8196.0,32,8,4 mapped MVMU block(s)
resnet50_s4_b6_conv2_3x3,puma_fixed_adc,MVM,0.0,8196.0,33,8,4 mapped MVMU block(s)
resnet50_s4_b6_conv2_3x3,puma_fixed_adc,MVM,0.0,8196.0,34,8,4 mapped MVMU block(s)
resnet50_s4_b6_conv2_3x3,puma_fixed_adc,MVM,0.0,8196.0,35,8,4 mapped MVMU block(s)
resnet50_s4_b6_conv2_3x3,puma_fixed_adc,CHAIN_REDUCE,8196.0,10108.0,,,"36 core(s), 9 tile(s)"
resnet50_s4_b6_conv3_1x1,puma_fixed_adc,MVM,0.0,8196.0,0,0,4 mapped MVMU block(s)
resnet50_s4_b6_conv3_1x1,puma_fixed_adc,MVM,0.0,8196.0,1,0,4 mapped MVMU block(s)
resnet50_s4_b6_conv3_1x1,puma_fixed_adc,MVM,0.0,8196.0,2,0,4 mapped MVMU block(s)
resnet50_s4_b6_conv3_1x1,puma_fixed_adc,MVM,0.0,8196.0,3,0,4 mapped MVMU block(s)
resnet50_s4_b6_conv3_1x1,puma_fixed_adc,MVM,0.0,8196.0,4,1,4 mapped MVMU block(s)
resnet50_s4_b6_conv3_1x1,puma_fixed_adc,MVM,0.0,8196.0,5,1,4 mapped MVMU block(s)
resnet50_s4_b6_conv3_1x1,puma_fixed_adc,MVM,0.0,8196.0,6,1,4 mapped MVMU block(s)
resnet50_s4_b6_conv3_1x1,puma_fixed_adc,MVM,0.0,8196.0,7,1,4 mapped MVMU block(s)
resnet50_s4_b6_conv3_1x1,puma_fixed_adc,MVM,0.0,8196.0,8,2,4 mapped MVMU block(s)
resnet50_s4_b6_conv3_1x1,puma_fixed_adc,MVM,0.0,8196.0,9,2,4 mapped MVMU block(s)
resnet50_s4_b6_conv3_1x1,puma_fixed_adc,MVM,0.0,8196.0,10,2,4 mapped MVMU block(s)
resnet50_s4_b6_conv3_1x1,puma_fixed_adc,MVM,0.0,8196.0,11,2,4 mapped MVMU block(s)
resnet50_s4_b6_conv3_1x1,puma_fixed_adc,MVM,0.0,8196.0,12,3,4 mapped MVMU block(s)
resnet50_s4_b6_conv3_1x1,puma_fixed_adc,MVM,0.0,8196.0,13,3,4 mapped MVMU block(s)
resnet50_s4_b6_conv3_1x1,puma_fixed_adc,MVM,0.0,8196.0,14,3,4 mapped MVMU block(s)
resnet50_s4_b6_conv3_1x1,puma_fixed_adc,MVM,0.0,8196.0,15,3,4 mapped MVMU block(s)
resnet50_s4_b6_conv3_1x1,puma_fixed_adc,CHAIN_REDUCE,8196.0,8988.0,,,"16 core(s), 4 tile(s)"
resnet50_s5_b1_conv1_1x1,puma_fixed_adc,MVM,0.0,8196.0,0,0,4 mapped MVMU block(s)
resnet50_s5_b1_conv1_1x1,puma_fixed_adc,MVM,0.0,8196.0,1,0,4 mapped MVMU block(s)
resnet50_s5_b1_conv1_1x1,puma_fixed_adc,MVM,0.0,8196.0,2,0,4 mapped MVMU block(s)
resnet50_s5_b1_conv1_1x1,puma_fixed_adc,MVM,0.0,8196.0,3,0,4 mapped MVMU block(s)
resnet50_s5_b1_conv1_1x1,puma_fixed_adc,MVM,0.0,8196.0,4,1,4 mapped MVMU block(s)
resnet50_s5_b1_conv1_1x1,puma_fixed_adc,MVM,0.0,8196.0,5,1,4 mapped MVMU block(s)
resnet50_s5_b1_conv1_1x1,puma_fixed_adc,MVM,0.0,8196.0,6,1,4 mapped MVMU block(s)
resnet50_s5_b1_conv1_1x1,puma_fixed_adc,MVM,0.0,8196.0,7,1,4 mapped MVMU block(s)
resnet50_s5_b1_conv1_1x1,puma_fixed_adc,MVM,0.0,8196.0,8,2,4 mapped MVMU block(s)
resnet50_s5_b1_conv1_1x1,puma_fixed_adc,MVM,0.0,8196.0,9,2,4 mapped MVMU block(s)
resnet50_s5_b1_conv1_1x1,puma_fixed_adc,MVM,0.0,8196.0,10,2,4 mapped MVMU block(s)
resnet50_s5_b1_conv1_1x1,puma_fixed_adc,MVM,0.0,8196.0,11,2,4 mapped MVMU block(s)
resnet50_s5_b1_conv1_1x1,puma_fixed_adc,MVM,0.0,8196.0,12,3,4 mapped MVMU block(s)
resnet50_s5_b1_conv1_1x1,puma_fixed_adc,MVM,0.0,8196.0,13,3,4 mapped MVMU block(s)
resnet50_s5_b1_conv1_1x1,puma_fixed_adc,MVM,0.0,8196.0,14,3,4 mapped MVMU block(s)
resnet50_s5_b1_conv1_1x1,puma_fixed_adc,MVM,0.0,8196.0,15,3,4 mapped MVMU block(s)
resnet50_s5_b1_conv1_1x1,puma_fixed_adc,MVM,0.0,8196.0,16,4,4 mapped MVMU block(s)
resnet50_s5_b1_conv1_1x1,puma_fixed_adc,MVM,0.0,8196.0,17,4,4 mapped MVMU block(s)
resnet50_s5_b1_conv1_1x1,puma_fixed_adc,MVM,0.0,8196.0,18,4,4 mapped MVMU block(s)
resnet50_s5_b1_conv1_1x1,puma_fixed_adc,MVM,0.0,8196.0,19,4,4 mapped MVMU block(s)
resnet50_s5_b1_conv1_1x1,puma_fixed_adc,MVM,0.0,8196.0,20,5,4 mapped MVMU block(s)
resnet50_s5_b1_conv1_1x1,puma_fixed_adc,MVM,0.0,8196.0,21,5,4 mapped MVMU block(s)
resnet50_s5_b1_conv1_1x1,puma_fixed_adc,MVM,0.0,8196.0,22,5,4 mapped MVMU block(s)
resnet50_s5_b1_conv1_1x1,puma_fixed_adc,MVM,0.0,8196.0,23,5,4 mapped MVMU block(s)
resnet50_s5_b1_conv1_1x1,puma_fixed_adc,MVM,0.0,8196.0,24,6,4 mapped MVMU block(s)
resnet50_s5_b1_conv1_1x1,puma_fixed_adc,MVM,0.0,8196.0,25,6,4 mapped MVMU block(s)
resnet50_s5_b1_conv1_1x1,puma_fixed_adc,MVM,0.0,8196.0,26,6,4 mapped MVMU block(s)
resnet50_s5_b1_conv1_1x1,puma_fixed_adc,MVM,0.0,8196.0,27,6,4 mapped MVMU block(s)
resnet50_s5_b1_conv1_1x1,puma_fixed_adc,MVM,0.0,8196.0,28,7,4 mapped MVMU block(s)
resnet50_s5_b1_conv1_1x1,puma_fixed_adc,MVM,0.0,8196.0,29,7,4 mapped MVMU block(s)
resnet50_s5_b1_conv1_1x1,puma_fixed_adc,MVM,0.0,8196.0,30,7,4 mapped MVMU block(s)
resnet50_s5_b1_conv1_1x1,puma_fixed_adc,MVM,0.0,8196.0,31,7,4 mapped MVMU block(s)
resnet50_s5_b1_conv1_1x1,puma_fixed_adc,CHAIN_REDUCE,8196.0,9884.0,,,"32 core(s), 8 tile(s)"
resnet50_s5_b1_conv2_3x3,puma_fixed_adc,MVM,0.0,8196.0,0,0,4 mapped MVMU block(s)
resnet50_s5_b1_conv2_3x3,puma_fixed_adc,MVM,0.0,8196.0,1,0,4 mapped MVMU block(s)
resnet50_s5_b1_conv2_3x3,puma_fixed_adc,MVM,0.0,8196.0,2,0,4 mapped MVMU block(s)
resnet50_s5_b1_conv2_3x3,puma_fixed_adc,MVM,0.0,8196.0,3,0,4 mapped MVMU block(s)
resnet50_s5_b1_conv2_3x3,puma_fixed_adc,MVM,0.0,8196.0,4,1,4 mapped MVMU block(s)
resnet50_s5_b1_conv2_3x3,puma_fixed_adc,MVM,0.0,8196.0,5,1,4 mapped MVMU block(s)
resnet50_s5_b1_conv2_3x3,puma_fixed_adc,MVM,0.0,8196.0,6,1,4 mapped MVMU block(s)
resnet50_s5_b1_conv2_3x3,puma_fixed_adc,MVM,0.0,8196.0,7,1,4 mapped MVMU block(s)
resnet50_s5_b1_conv2_3x3,puma_fixed_adc,MVM,0.0,8196.0,8,2,4 mapped MVMU block(s)
resnet50_s5_b1_conv2_3x3,puma_fixed_adc,MVM,0.0,8196.0,9,2,4 mapped MVMU block(s)
resnet50_s5_b1_conv2_3x3,puma_fixed_adc,MVM,0.0,8196.0,10,2,4 mapped MVMU block(s)
resnet50_s5_b1_conv2_3x3,puma_fixed_adc,MVM,0.0,8196.0,11,2,4 mapped MVMU block(s)
resnet50_s5_b1_conv2_3x3,puma_fixed_adc,MVM,0.0,8196.0,12,3,4 mapped MVMU block(s)
resnet50_s5_b1_conv2_3x3,puma_fixed_adc,MVM,0.0,8196.0,13,3,4 mapped MVMU block(s)
resnet50_s5_b1_conv2_3x3,puma_fixed_adc,MVM,0.0,8196.0,14,3,4 mapped MVMU block(s)
resnet50_s5_b1_conv2_3x3,puma_fixed_adc,MVM,0.0,8196.0,15,3,4 mapped MVMU block(s)
resnet50_s5_b1_conv2_3x3,puma_fixed_adc,MVM,0.0,8196.0,16,4,4 mapped MVMU block(s)
resnet50_s5_b1_conv2_3x3,puma_fixed_adc,MVM,0.0,8196.0,17,4,4 mapped MVMU block(s)
resnet50_s5_b1_conv2_3x3,puma_fixed_adc,MVM,0.0,8196.0,18,4,4 mapped MVMU block(s)
resnet50_s5_b1_conv2_3x3,puma_fixed_adc,MVM,0.0,8196.0,19,4,4 mapped MVMU block(s)
resnet50_s5_b1_conv2_3x3,puma_fixed_adc,MVM,0.0,8196.0,20,5,4 mapped MVMU block(s)
resnet50_s5_b1_conv2_3x3,puma_fixed_adc,MVM,0.0,8196.0,21,5,4 mapped MVMU block(s)
resnet50_s5_b1_conv2_3x3,puma_fixed_adc,MVM,0.0,8196.0,22,5,4 mapped MVMU block(s)
resnet50_s5_b1_conv2_3x3,puma_fixed_adc,MVM,0.0,8196.0,23,5,4 mapped MVMU block(s)
resnet50_s5_b1_conv2_3x3,puma_fixed_adc,MVM,0.0,8196.0,24,6,4 mapped MVMU block(s)
resnet50_s5_b1_conv2_3x3,puma_fixed_adc,MVM,0.0,8196.0,25,6,4 mapped MVMU block(s)
resnet50_s5_b1_conv2_3x3,puma_fixed_adc,MVM,0.0,8196.0,26,6,4 mapped MVMU block(s)
resnet50_s5_b1_conv2_3x3,puma_fixed_adc,MVM,0.0,8196.0,27,6,4 mapped MVMU block(s)
resnet50_s5_b1_conv2_3x3,puma_fixed_adc,MVM,0.0,8196.0,28,7,4 mapped MVMU block(s)
resnet50_s5_b1_conv2_3x3,puma_fixed_adc,MVM,0.0,8196.0,29,7,4 mapped MVMU block(s)
resnet50_s5_b1_conv2_3x3,puma_fixed_adc,MVM,0.0,8196.0,30,7,4 mapped MVMU block(s)
resnet50_s5_b1_conv2_3x3,puma_fixed_adc,MVM,0.0,8196.0,31,7,4 mapped MVMU block(s)
resnet50_s5_b1_conv2_3x3,puma_fixed_adc,MVM,0.0,8196.0,32,8,4 mapped MVMU block(s)
resnet50_s5_b1_conv2_3x3,puma_fixed_adc,MVM,0.0,8196.0,33,8,4 mapped MVMU block(s)
resnet50_s5_b1_conv2_3x3,puma_fixed_adc,MVM,0.0,8196.0,34,8,4 mapped MVMU block(s)
resnet50_s5_b1_conv2_3x3,puma_fixed_adc,MVM,0.0,8196.0,35,8,4 mapped MVMU block(s)
resnet50_s5_b1_conv2_3x3,puma_fixed_adc,MVM,0.0,8196.0,36,9,4 mapped MVMU block(s)
resnet50_s5_b1_conv2_3x3,puma_fixed_adc,MVM,0.0,8196.0,37,9,4 mapped MVMU block(s)
resnet50_s5_b1_conv2_3x3,puma_fixed_adc,MVM,0.0,8196.0,38,9,4 mapped MVMU block(s)
resnet50_s5_b1_conv2_3x3,puma_fixed_adc,MVM,0.0,8196.0,39,9,4 mapped MVMU block(s)
resnet50_s5_b1_conv2_3x3,puma_fixed_adc,MVM,0.0,8196.0,40,10,4 mapped MVMU block(s)
resnet50_s5_b1_conv2_3x3,puma_fixed_adc,MVM,0.0,8196.0,41,10,4 mapped MVMU block(s)
resnet50_s5_b1_conv2_3x3,puma_fixed_adc,MVM,0.0,8196.0,42,10,4 mapped MVMU block(s)
resnet50_s5_b1_conv2_3x3,puma_fixed_adc,MVM,0.0,8196.0,43,10,4 mapped MVMU block(s)
resnet50_s5_b1_conv2_3x3,puma_fixed_adc,MVM,0.0,8196.0,44,11,4 mapped MVMU block(s)
resnet50_s5_b1_conv2_3x3,puma_fixed_adc,MVM,0.0,8196.0,45,11,4 mapped MVMU block(s)
resnet50_s5_b1_conv2_3x3,puma_fixed_adc,MVM,0.0,8196.0,46,11,4 mapped MVMU block(s)
resnet50_s5_b1_conv2_3x3,puma_fixed_adc,MVM,0.0,8196.0,47,11,4 mapped MVMU block(s)
resnet50_s5_b1_conv2_3x3,puma_fixed_adc,MVM,0.0,8196.0,48,12,4 mapped MVMU block(s)
resnet50_s5_b1_conv2_3x3,puma_fixed_adc,MVM,0.0,8196.0,49,12,4 mapped MVMU block(s)
resnet50_s5_b1_conv2_3x3,puma_fixed_adc,MVM,0.0,8196.0,50,12,4 mapped MVMU block(s)
resnet50_s5_b1_conv2_3x3,puma_fixed_adc,MVM,0.0,8196.0,51,12,4 mapped MVMU block(s)
resnet50_s5_b1_conv2_3x3,puma_fixed_adc,MVM,0.0,8196.0,52,13,4 mapped MVMU block(s)
resnet50_s5_b1_conv2_3x3,puma_fixed_adc,MVM,0.0,8196.0,53,13,4 mapped MVMU block(s)
resnet50_s5_b1_conv2_3x3,puma_fixed_adc,MVM,0.0,8196.0,54,13,4 mapped MVMU block(s)
resnet50_s5_b1_conv2_3x3,puma_fixed_adc,MVM,0.0,8196.0,55,13,4 mapped MVMU block(s)
resnet50_s5_b1_conv2_3x3,puma_fixed_adc,MVM,0.0,8196.0,56,14,4 mapped MVMU block(s)
resnet50_s5_b1_conv2_3x3,puma_fixed_adc,MVM,0.0,8196.0,57,14,4 mapped MVMU block(s)
resnet50_s5_b1_conv2_3x3,puma_fixed_adc,MVM,0.0,8196.0,58,14,4 mapped MVMU block(s)
resnet50_s5_b1_conv2_3x3,puma_fixed_adc,MVM,0.0,8196.0,59,14,4 mapped MVMU block(s)
resnet50_s5_b1_conv2_3x3,puma_fixed_adc,MVM,0.0,8196.0,60,15,4 mapped MVMU block(s)
resnet50_s5_b1_conv2_3x3,puma_fixed_adc,MVM,0.0,8196.0,61,15,4 mapped MVMU block(s)
resnet50_s5_b1_conv2_3x3,puma_fixed_adc,MVM,0.0,8196.0,62,15,4 mapped MVMU block(s)
resnet50_s5_b1_conv2_3x3,puma_fixed_adc,MVM,0.0,8196.0,63,15,4 mapped MVMU block(s)
resnet50_s5_b1_conv2_3x3,puma_fixed_adc,MVM,0.0,8196.0,64,16,4 mapped MVMU block(s)
resnet50_s5_b1_conv2_3x3,puma_fixed_adc,MVM,0.0,8196.0,65,16,4 mapped MVMU block(s)
resnet50_s5_b1_conv2_3x3,puma_fixed_adc,MVM,0.0,8196.0,66,16,4 mapped MVMU block(s)
resnet50_s5_b1_conv2_3x3,puma_fixed_adc,MVM,0.0,8196.0,67,16,4 mapped MVMU block(s)
resnet50_s5_b1_conv2_3x3,puma_fixed_adc,MVM,0.0,8196.0,68,17,4 mapped MVMU block(s)
resnet50_s5_b1_conv2_3x3,puma_fixed_adc,MVM,0.0,8196.0,69,17,4 mapped MVMU block(s)
resnet50_s5_b1_conv2_3x3,puma_fixed_adc,MVM,0.0,8196.0,70,17,4 mapped MVMU block(s)
resnet50_s5_b1_conv2_3x3,puma_fixed_adc,MVM,0.0,8196.0,71,17,4 mapped MVMU block(s)
resnet50_s5_b1_conv2_3x3,puma_fixed_adc,MVM,0.0,8196.0,72,18,4 mapped MVMU block(s)
resnet50_s5_b1_conv2_3x3,puma_fixed_adc,MVM,0.0,8196.0,73,18,4 mapped MVMU block(s)
resnet50_s5_b1_conv2_3x3,puma_fixed_adc,MVM,0.0,8196.0,74,18,4 mapped MVMU block(s)
resnet50_s5_b1_conv2_3x3,puma_fixed_adc,MVM,0.0,8196.0,75,18,4 mapped MVMU block(s)
resnet50_s5_b1_conv2_3x3,puma_fixed_adc,MVM,0.0,8196.0,76,19,4 mapped MVMU block(s)
resnet50_s5_b1_conv2_3x3,puma_fixed_adc,MVM,0.0,8196.0,77,19,4 mapped MVMU block(s)
resnet50_s5_b1_conv2_3x3,puma_fixed_adc,MVM,0.0,8196.0,78,19,4 mapped MVMU block(s)
resnet50_s5_b1_conv2_3x3,puma_fixed_adc,MVM,0.0,8196.0,79,19,4 mapped MVMU block(s)
resnet50_s5_b1_conv2_3x3,puma_fixed_adc,MVM,0.0,8196.0,80,20,4 mapped MVMU block(s)
resnet50_s5_b1_conv2_3x3,puma_fixed_adc,MVM,0.0,8196.0,81,20,4 mapped MVMU block(s)
resnet50_s5_b1_conv2_3x3,puma_fixed_adc,MVM,0.0,8196.0,82,20,4 mapped MVMU block(s)
resnet50_s5_b1_conv2_3x3,puma_fixed_adc,MVM,0.0,8196.0,83,20,4 mapped MVMU block(s)
resnet50_s5_b1_conv2_3x3,puma_fixed_adc,MVM,0.0,8196.0,84,21,4 mapped MVMU block(s)
resnet50_s5_b1_conv2_3x3,puma_fixed_adc,MVM,0.0,8196.0,85,21,4 mapped MVMU block(s)
resnet50_s5_b1_conv2_3x3,puma_fixed_adc,MVM,0.0,8196.0,86,21,4 mapped MVMU block(s)
resnet50_s5_b1_conv2_3x3,puma_fixed_adc,MVM,0.0,8196.0,87,21,4 mapped MVMU block(s)
resnet50_s5_b1_conv2_3x3,puma_fixed_adc,MVM,0.0,8196.0,88,22,4 mapped MVMU block(s)
resnet50_s5_b1_conv2_3x3,puma_fixed_adc,MVM,0.0,8196.0,89,22,4 mapped MVMU block(s)
resnet50_s5_b1_conv2_3x3,puma_fixed_adc,MVM,0.0,8196.0,90,22,4 mapped MVMU block(s)
resnet50_s5_b1_conv2_3x3,puma_fixed_adc,MVM,0.0,8196.0,91,22,4 mapped MVMU block(s)
resnet50_s5_b1_conv2_3x3,puma_fixed_adc,MVM,0.0,8196.0,92,23,4 mapped MVMU block(s)
resnet50_s5_b1_conv2_3x3,puma_fixed_adc,MVM,0.0,8196.0,93,23,4 mapped MVMU block(s)
resnet50_s5_b1_conv2_3x3,puma_fixed_adc,MVM,0.0,8196.0,94,23,4 mapped MVMU block(s)
resnet50_s5_b1_conv2_3x3,puma_fixed_adc,MVM,0.0,8196.0,95,23,4 mapped MVMU block(s)
resnet50_s5_b1_conv2_3x3,puma_fixed_adc,MVM,0.0,8196.0,96,24,4 mapped MVMU block(s)
resnet50_s5_b1_conv2_3x3,puma_fixed_adc,MVM,0.0,8196.0,97,24,4 mapped MVMU block(s)
resnet50_s5_b1_conv2_3x3,puma_fixed_adc,MVM,0.0,8196.0,98,24,4 mapped MVMU block(s)
resnet50_s5_b1_conv2_3x3,puma_fixed_adc,MVM,0.0,8196.0,99,24,4 mapped MVMU block(s)
resnet50_s5_b1_conv2_3x3,puma_fixed_adc,MVM,0.0,8196.0,100,25,4 mapped MVMU block(s)
resnet50_s5_b1_conv2_3x3,puma_fixed_adc,MVM,0.0,8196.0,101,25,4 mapped MVMU block(s)
resnet50_s5_b1_conv2_3x3,puma_fixed_adc,MVM,0.0,8196.0,102,25,4 mapped MVMU block(s)
resnet50_s5_b1_conv2_3x3,puma_fixed_adc,MVM,0.0,8196.0,103,25,4 mapped MVMU block(s)
resnet50_s5_b1_conv2_3x3,puma_fixed_adc,MVM,0.0,8196.0,104,26,4 mapped MVMU block(s)
resnet50_s5_b1_conv2_3x3,puma_fixed_adc,MVM,0.0,8196.0,105,26,4 mapped MVMU block(s)
resnet50_s5_b1_conv2_3x3,puma_fixed_adc,MVM,0.0,8196.0,106,26,4 mapped MVMU block(s)
resnet50_s5_b1_conv2_3x3,puma_fixed_adc,MVM,0.0,8196.0,107,26,4 mapped MVMU block(s)
resnet50_s5_b1_conv2_3x3,puma_fixed_adc,MVM,0.0,8196.0,108,27,4 mapped MVMU block(s)
resnet50_s5_b1_conv2_3x3,puma_fixed_adc,MVM,0.0,8196.0,109,27,4 mapped MVMU block(s)
resnet50_s5_b1_conv2_3x3,puma_fixed_adc,MVM,0.0,8196.0,110,27,4 mapped MVMU block(s)
resnet50_s5_b1_conv2_3x3,puma_fixed_adc,MVM,0.0,8196.0,111,27,4 mapped MVMU block(s)
resnet50_s5_b1_conv2_3x3,puma_fixed_adc,MVM,0.0,8196.0,112,28,4 mapped MVMU block(s)
resnet50_s5_b1_conv2_3x3,puma_fixed_adc,MVM,0.0,8196.0,113,28,4 mapped MVMU block(s)
resnet50_s5_b1_conv2_3x3,puma_fixed_adc,MVM,0.0,8196.0,114,28,4 mapped MVMU block(s)
resnet50_s5_b1_conv2_3x3,puma_fixed_adc,MVM,0.0,8196.0,115,28,4 mapped MVMU block(s)
resnet50_s5_b1_conv2_3x3,puma_fixed_adc,MVM,0.0,8196.0,116,29,4 mapped MVMU block(s)
resnet50_s5_b1_conv2_3x3,puma_fixed_adc,MVM,0.0,8196.0,117,29,4 mapped MVMU block(s)
resnet50_s5_b1_conv2_3x3,puma_fixed_adc,MVM,0.0,8196.0,118,29,4 mapped MVMU block(s)
resnet50_s5_b1_conv2_3x3,puma_fixed_adc,MVM,0.0,8196.0,119,29,4 mapped MVMU block(s)
resnet50_s5_b1_conv2_3x3,puma_fixed_adc,MVM,0.0,8196.0,120,30,4 mapped MVMU block(s)
resnet50_s5_b1_conv2_3x3,puma_fixed_adc,MVM,0.0,8196.0,121,30,4 mapped MVMU block(s)
resnet50_s5_b1_conv2_3x3,puma_fixed_adc,MVM,0.0,8196.0,122,30,4 mapped MVMU block(s)
resnet50_s5_b1_conv2_3x3,puma_fixed_adc,MVM,0.0,8196.0,123,30,4 mapped MVMU block(s)
resnet50_s5_b1_conv2_3x3,puma_fixed_adc,MVM,0.0,8196.0,124,31,4 mapped MVMU block(s)
resnet50_s5_b1_conv2_3x3,puma_fixed_adc,MVM,0.0,8196.0,125,31,4 mapped MVMU block(s)
resnet50_s5_b1_conv2_3x3,puma_fixed_adc,MVM,0.0,8196.0,126,31,4 mapped MVMU block(s)
resnet50_s5_b1_conv2_3x3,puma_fixed_adc,MVM,0.0,8196.0,127,31,4 mapped MVMU block(s)
resnet50_s5_b1_conv2_3x3,puma_fixed_adc,MVM,0.0,8196.0,128,32,4 mapped MVMU block(s)
resnet50_s5_b1_conv2_3x3,puma_fixed_adc,MVM,0.0,8196.0,129,32,4 mapped MVMU block(s)
resnet50_s5_b1_conv2_3x3,puma_fixed_adc,MVM,0.0,8196.0,130,32,4 mapped MVMU block(s)
resnet50_s5_b1_conv2_3x3,puma_fixed_adc,MVM,0.0,8196.0,131,32,4 mapped MVMU block(s)
resnet50_s5_b1_conv2_3x3,puma_fixed_adc,MVM,0.0,8196.0,132,33,4 mapped MVMU block(s)
resnet50_s5_b1_conv2_3x3,puma_fixed_adc,MVM,0.0,8196.0,133,33,4 mapped MVMU block(s)
resnet50_s5_b1_conv2_3x3,puma_fixed_adc,MVM,0.0,8196.0,134,33,4 mapped MVMU block(s)
resnet50_s5_b1_conv2_3x3,puma_fixed_adc,MVM,0.0,8196.0,135,33,4 mapped MVMU block(s)
resnet50_s5_b1_conv2_3x3,puma_fixed_adc,MVM,0.0,8196.0,136,34,4 mapped MVMU block(s)
resnet50_s5_b1_conv2_3x3,puma_fixed_adc,MVM,0.0,8196.0,137,34,4 mapped MVMU block(s)
resnet50_s5_b1_conv2_3x3,puma_fixed_adc,MVM,0.0,8196.0,138,34,4 mapped MVMU block(s)
resnet50_s5_b1_conv2_3x3,puma_fixed_adc,MVM,0.0,8196.0,139,34,4 mapped MVMU block(s)
resnet50_s5_b1_conv2_3x3,puma_fixed_adc,MVM,0.0,8196.0,140,35,4 mapped MVMU block(s)
resnet50_s5_b1_conv2_3x3,puma_fixed_adc,MVM,0.0,8196.0,141,35,4 mapped MVMU block(s)
resnet50_s5_b1_conv2_3x3,puma_fixed_adc,MVM,0.0,8196.0,142,35,4 mapped MVMU block(s)
resnet50_s5_b1_conv2_3x3,puma_fixed_adc,MVM,0.0,8196.0,143,35,4 mapped MVMU block(s)
resnet50_s5_b1_conv2_3x3,puma_fixed_adc,CHAIN_REDUCE,8196.0,16156.0,,,"144 core(s), 36 tile(s)"
resnet50_s5_b1_conv3_1x1,puma_fixed_adc,MVM,0.0,8196.0,0,0,4 mapped MVMU block(s)
resnet50_s5_b1_conv3_1x1,puma_fixed_adc,MVM,0.0,8196.0,1,0,4 mapped MVMU block(s)
resnet50_s5_b1_conv3_1x1,puma_fixed_adc,MVM,0.0,8196.0,2,0,4 mapped MVMU block(s)
resnet50_s5_b1_conv3_1x1,puma_fixed_adc,MVM,0.0,8196.0,3,0,4 mapped MVMU block(s)
resnet50_s5_b1_conv3_1x1,puma_fixed_adc,MVM,0.0,8196.0,4,1,4 mapped MVMU block(s)
resnet50_s5_b1_conv3_1x1,puma_fixed_adc,MVM,0.0,8196.0,5,1,4 mapped MVMU block(s)
resnet50_s5_b1_conv3_1x1,puma_fixed_adc,MVM,0.0,8196.0,6,1,4 mapped MVMU block(s)
resnet50_s5_b1_conv3_1x1,puma_fixed_adc,MVM,0.0,8196.0,7,1,4 mapped MVMU block(s)
resnet50_s5_b1_conv3_1x1,puma_fixed_adc,MVM,0.0,8196.0,8,2,4 mapped MVMU block(s)
resnet50_s5_b1_conv3_1x1,puma_fixed_adc,MVM,0.0,8196.0,9,2,4 mapped MVMU block(s)
resnet50_s5_b1_conv3_1x1,puma_fixed_adc,MVM,0.0,8196.0,10,2,4 mapped MVMU block(s)
resnet50_s5_b1_conv3_1x1,puma_fixed_adc,MVM,0.0,8196.0,11,2,4 mapped MVMU block(s)
resnet50_s5_b1_conv3_1x1,puma_fixed_adc,MVM,0.0,8196.0,12,3,4 mapped MVMU block(s)
resnet50_s5_b1_conv3_1x1,puma_fixed_adc,MVM,0.0,8196.0,13,3,4 mapped MVMU block(s)
resnet50_s5_b1_conv3_1x1,puma_fixed_adc,MVM,0.0,8196.0,14,3,4 mapped MVMU block(s)
resnet50_s5_b1_conv3_1x1,puma_fixed_adc,MVM,0.0,8196.0,15,3,4 mapped MVMU block(s)
resnet50_s5_b1_conv3_1x1,puma_fixed_adc,MVM,0.0,8196.0,16,4,4 mapped MVMU block(s)
resnet50_s5_b1_conv3_1x1,puma_fixed_adc,MVM,0.0,8196.0,17,4,4 mapped MVMU block(s)
resnet50_s5_b1_conv3_1x1,puma_fixed_adc,MVM,0.0,8196.0,18,4,4 mapped MVMU block(s)
resnet50_s5_b1_conv3_1x1,puma_fixed_adc,MVM,0.0,8196.0,19,4,4 mapped MVMU block(s)
resnet50_s5_b1_conv3_1x1,puma_fixed_adc,MVM,0.0,8196.0,20,5,4 mapped MVMU block(s)
resnet50_s5_b1_conv3_1x1,puma_fixed_adc,MVM,0.0,8196.0,21,5,4 mapped MVMU block(s)
resnet50_s5_b1_conv3_1x1,puma_fixed_adc,MVM,0.0,8196.0,22,5,4 mapped MVMU block(s)
resnet50_s5_b1_conv3_1x1,puma_fixed_adc,MVM,0.0,8196.0,23,5,4 mapped MVMU block(s)
resnet50_s5_b1_conv3_1x1,puma_fixed_adc,MVM,0.0,8196.0,24,6,4 mapped MVMU block(s)
resnet50_s5_b1_conv3_1x1,puma_fixed_adc,MVM,0.0,8196.0,25,6,4 mapped MVMU block(s)
resnet50_s5_b1_conv3_1x1,puma_fixed_adc,MVM,0.0,8196.0,26,6,4 mapped MVMU block(s)
resnet50_s5_b1_conv3_1x1,puma_fixed_adc,MVM,0.0,8196.0,27,6,4 mapped MVMU block(s)
resnet50_s5_b1_conv3_1x1,puma_fixed_adc,MVM,0.0,8196.0,28,7,4 mapped MVMU block(s)
resnet50_s5_b1_conv3_1x1,puma_fixed_adc,MVM,0.0,8196.0,29,7,4 mapped MVMU block(s)
resnet50_s5_b1_conv3_1x1,puma_fixed_adc,MVM,0.0,8196.0,30,7,4 mapped MVMU block(s)
resnet50_s5_b1_conv3_1x1,puma_fixed_adc,MVM,0.0,8196.0,31,7,4 mapped MVMU block(s)
resnet50_s5_b1_conv3_1x1,puma_fixed_adc,MVM,0.0,8196.0,32,8,4 mapped MVMU block(s)
resnet50_s5_b1_conv3_1x1,puma_fixed_adc,MVM,0.0,8196.0,33,8,4 mapped MVMU block(s)
resnet50_s5_b1_conv3_1x1,puma_fixed_adc,MVM,0.0,8196.0,34,8,4 mapped MVMU block(s)
resnet50_s5_b1_conv3_1x1,puma_fixed_adc,MVM,0.0,8196.0,35,8,4 mapped MVMU block(s)
resnet50_s5_b1_conv3_1x1,puma_fixed_adc,MVM,0.0,8196.0,36,9,4 mapped MVMU block(s)
resnet50_s5_b1_conv3_1x1,puma_fixed_adc,MVM,0.0,8196.0,37,9,4 mapped MVMU block(s)
resnet50_s5_b1_conv3_1x1,puma_fixed_adc,MVM,0.0,8196.0,38,9,4 mapped MVMU block(s)
resnet50_s5_b1_conv3_1x1,puma_fixed_adc,MVM,0.0,8196.0,39,9,4 mapped MVMU block(s)
resnet50_s5_b1_conv3_1x1,puma_fixed_adc,MVM,0.0,8196.0,40,10,4 mapped MVMU block(s)
resnet50_s5_b1_conv3_1x1,puma_fixed_adc,MVM,0.0,8196.0,41,10,4 mapped MVMU block(s)
resnet50_s5_b1_conv3_1x1,puma_fixed_adc,MVM,0.0,8196.0,42,10,4 mapped MVMU block(s)
resnet50_s5_b1_conv3_1x1,puma_fixed_adc,MVM,0.0,8196.0,43,10,4 mapped MVMU block(s)
resnet50_s5_b1_conv3_1x1,puma_fixed_adc,MVM,0.0,8196.0,44,11,4 mapped MVMU block(s)
resnet50_s5_b1_conv3_1x1,puma_fixed_adc,MVM,0.0,8196.0,45,11,4 mapped MVMU block(s)
resnet50_s5_b1_conv3_1x1,puma_fixed_adc,MVM,0.0,8196.0,46,11,4 mapped MVMU block(s)
resnet50_s5_b1_conv3_1x1,puma_fixed_adc,MVM,0.0,8196.0,47,11,4 mapped MVMU block(s)
resnet50_s5_b1_conv3_1x1,puma_fixed_adc,MVM,0.0,8196.0,48,12,4 mapped MVMU block(s)
resnet50_s5_b1_conv3_1x1,puma_fixed_adc,MVM,0.0,8196.0,49,12,4 mapped MVMU block(s)
resnet50_s5_b1_conv3_1x1,puma_fixed_adc,MVM,0.0,8196.0,50,12,4 mapped MVMU block(s)
resnet50_s5_b1_conv3_1x1,puma_fixed_adc,MVM,0.0,8196.0,51,12,4 mapped MVMU block(s)
resnet50_s5_b1_conv3_1x1,puma_fixed_adc,MVM,0.0,8196.0,52,13,4 mapped MVMU block(s)
resnet50_s5_b1_conv3_1x1,puma_fixed_adc,MVM,0.0,8196.0,53,13,4 mapped MVMU block(s)
resnet50_s5_b1_conv3_1x1,puma_fixed_adc,MVM,0.0,8196.0,54,13,4 mapped MVMU block(s)
resnet50_s5_b1_conv3_1x1,puma_fixed_adc,MVM,0.0,8196.0,55,13,4 mapped MVMU block(s)
resnet50_s5_b1_conv3_1x1,puma_fixed_adc,MVM,0.0,8196.0,56,14,4 mapped MVMU block(s)
resnet50_s5_b1_conv3_1x1,puma_fixed_adc,MVM,0.0,8196.0,57,14,4 mapped MVMU block(s)
resnet50_s5_b1_conv3_1x1,puma_fixed_adc,MVM,0.0,8196.0,58,14,4 mapped MVMU block(s)
resnet50_s5_b1_conv3_1x1,puma_fixed_adc,MVM,0.0,8196.0,59,14,4 mapped MVMU block(s)
resnet50_s5_b1_conv3_1x1,puma_fixed_adc,MVM,0.0,8196.0,60,15,4 mapped MVMU block(s)
resnet50_s5_b1_conv3_1x1,puma_fixed_adc,MVM,0.0,8196.0,61,15,4 mapped MVMU block(s)
resnet50_s5_b1_conv3_1x1,puma_fixed_adc,MVM,0.0,8196.0,62,15,4 mapped MVMU block(s)
resnet50_s5_b1_conv3_1x1,puma_fixed_adc,MVM,0.0,8196.0,63,15,4 mapped MVMU block(s)
resnet50_s5_b1_conv3_1x1,puma_fixed_adc,CHAIN_REDUCE,8196.0,11676.0,,,"64 core(s), 16 tile(s)"
resnet50_s5_b1_projection_1x1,puma_fixed_adc,MVM,0.0,8196.0,0,0,4 mapped MVMU block(s)
resnet50_s5_b1_projection_1x1,puma_fixed_adc,MVM,0.0,8196.0,1,0,4 mapped MVMU block(s)
resnet50_s5_b1_projection_1x1,puma_fixed_adc,MVM,0.0,8196.0,2,0,4 mapped MVMU block(s)
resnet50_s5_b1_projection_1x1,puma_fixed_adc,MVM,0.0,8196.0,3,0,4 mapped MVMU block(s)
resnet50_s5_b1_projection_1x1,puma_fixed_adc,MVM,0.0,8196.0,4,1,4 mapped MVMU block(s)
resnet50_s5_b1_projection_1x1,puma_fixed_adc,MVM,0.0,8196.0,5,1,4 mapped MVMU block(s)
resnet50_s5_b1_projection_1x1,puma_fixed_adc,MVM,0.0,8196.0,6,1,4 mapped MVMU block(s)
resnet50_s5_b1_projection_1x1,puma_fixed_adc,MVM,0.0,8196.0,7,1,4 mapped MVMU block(s)
resnet50_s5_b1_projection_1x1,puma_fixed_adc,MVM,0.0,8196.0,8,2,4 mapped MVMU block(s)
resnet50_s5_b1_projection_1x1,puma_fixed_adc,MVM,0.0,8196.0,9,2,4 mapped MVMU block(s)
resnet50_s5_b1_projection_1x1,puma_fixed_adc,MVM,0.0,8196.0,10,2,4 mapped MVMU block(s)
resnet50_s5_b1_projection_1x1,puma_fixed_adc,MVM,0.0,8196.0,11,2,4 mapped MVMU block(s)
resnet50_s5_b1_projection_1x1,puma_fixed_adc,MVM,0.0,8196.0,12,3,4 mapped MVMU block(s)
resnet50_s5_b1_projection_1x1,puma_fixed_adc,MVM,0.0,8196.0,13,3,4 mapped MVMU block(s)
resnet50_s5_b1_projection_1x1,puma_fixed_adc,MVM,0.0,8196.0,14,3,4 mapped MVMU block(s)
resnet50_s5_b1_projection_1x1,puma_fixed_adc,MVM,0.0,8196.0,15,3,4 mapped MVMU block(s)
resnet50_s5_b1_projection_1x1,puma_fixed_adc,MVM,0.0,8196.0,16,4,4 mapped MVMU block(s)
resnet50_s5_b1_projection_1x1,puma_fixed_adc,MVM,0.0,8196.0,17,4,4 mapped MVMU block(s)
resnet50_s5_b1_projection_1x1,puma_fixed_adc,MVM,0.0,8196.0,18,4,4 mapped MVMU block(s)
resnet50_s5_b1_projection_1x1,puma_fixed_adc,MVM,0.0,8196.0,19,4,4 mapped MVMU block(s)
resnet50_s5_b1_projection_1x1,puma_fixed_adc,MVM,0.0,8196.0,20,5,4 mapped MVMU block(s)
resnet50_s5_b1_projection_1x1,puma_fixed_adc,MVM,0.0,8196.0,21,5,4 mapped MVMU block(s)
resnet50_s5_b1_projection_1x1,puma_fixed_adc,MVM,0.0,8196.0,22,5,4 mapped MVMU block(s)
resnet50_s5_b1_projection_1x1,puma_fixed_adc,MVM,0.0,8196.0,23,5,4 mapped MVMU block(s)
resnet50_s5_b1_projection_1x1,puma_fixed_adc,MVM,0.0,8196.0,24,6,4 mapped MVMU block(s)
resnet50_s5_b1_projection_1x1,puma_fixed_adc,MVM,0.0,8196.0,25,6,4 mapped MVMU block(s)
resnet50_s5_b1_projection_1x1,puma_fixed_adc,MVM,0.0,8196.0,26,6,4 mapped MVMU block(s)
resnet50_s5_b1_projection_1x1,puma_fixed_adc,MVM,0.0,8196.0,27,6,4 mapped MVMU block(s)
resnet50_s5_b1_projection_1x1,puma_fixed_adc,MVM,0.0,8196.0,28,7,4 mapped MVMU block(s)
resnet50_s5_b1_projection_1x1,puma_fixed_adc,MVM,0.0,8196.0,29,7,4 mapped MVMU block(s)
resnet50_s5_b1_projection_1x1,puma_fixed_adc,MVM,0.0,8196.0,30,7,4 mapped MVMU block(s)
resnet50_s5_b1_projection_1x1,puma_fixed_adc,MVM,0.0,8196.0,31,7,4 mapped MVMU block(s)
resnet50_s5_b1_projection_1x1,puma_fixed_adc,MVM,0.0,8196.0,32,8,4 mapped MVMU block(s)
resnet50_s5_b1_projection_1x1,puma_fixed_adc,MVM,0.0,8196.0,33,8,4 mapped MVMU block(s)
resnet50_s5_b1_projection_1x1,puma_fixed_adc,MVM,0.0,8196.0,34,8,4 mapped MVMU block(s)
resnet50_s5_b1_projection_1x1,puma_fixed_adc,MVM,0.0,8196.0,35,8,4 mapped MVMU block(s)
resnet50_s5_b1_projection_1x1,puma_fixed_adc,MVM,0.0,8196.0,36,9,4 mapped MVMU block(s)
resnet50_s5_b1_projection_1x1,puma_fixed_adc,MVM,0.0,8196.0,37,9,4 mapped MVMU block(s)
resnet50_s5_b1_projection_1x1,puma_fixed_adc,MVM,0.0,8196.0,38,9,4 mapped MVMU block(s)
resnet50_s5_b1_projection_1x1,puma_fixed_adc,MVM,0.0,8196.0,39,9,4 mapped MVMU block(s)
resnet50_s5_b1_projection_1x1,puma_fixed_adc,MVM,0.0,8196.0,40,10,4 mapped MVMU block(s)
resnet50_s5_b1_projection_1x1,puma_fixed_adc,MVM,0.0,8196.0,41,10,4 mapped MVMU block(s)
resnet50_s5_b1_projection_1x1,puma_fixed_adc,MVM,0.0,8196.0,42,10,4 mapped MVMU block(s)
resnet50_s5_b1_projection_1x1,puma_fixed_adc,MVM,0.0,8196.0,43,10,4 mapped MVMU block(s)
resnet50_s5_b1_projection_1x1,puma_fixed_adc,MVM,0.0,8196.0,44,11,4 mapped MVMU block(s)
resnet50_s5_b1_projection_1x1,puma_fixed_adc,MVM,0.0,8196.0,45,11,4 mapped MVMU block(s)
resnet50_s5_b1_projection_1x1,puma_fixed_adc,MVM,0.0,8196.0,46,11,4 mapped MVMU block(s)
resnet50_s5_b1_projection_1x1,puma_fixed_adc,MVM,0.0,8196.0,47,11,4 mapped MVMU block(s)
resnet50_s5_b1_projection_1x1,puma_fixed_adc,MVM,0.0,8196.0,48,12,4 mapped MVMU block(s)
resnet50_s5_b1_projection_1x1,puma_fixed_adc,MVM,0.0,8196.0,49,12,4 mapped MVMU block(s)
resnet50_s5_b1_projection_1x1,puma_fixed_adc,MVM,0.0,8196.0,50,12,4 mapped MVMU block(s)
resnet50_s5_b1_projection_1x1,puma_fixed_adc,MVM,0.0,8196.0,51,12,4 mapped MVMU block(s)
resnet50_s5_b1_projection_1x1,puma_fixed_adc,MVM,0.0,8196.0,52,13,4 mapped MVMU block(s)
resnet50_s5_b1_projection_1x1,puma_fixed_adc,MVM,0.0,8196.0,53,13,4 mapped MVMU block(s)
resnet50_s5_b1_projection_1x1,puma_fixed_adc,MVM,0.0,8196.0,54,13,4 mapped MVMU block(s)
resnet50_s5_b1_projection_1x1,puma_fixed_adc,MVM,0.0,8196.0,55,13,4 mapped MVMU block(s)
resnet50_s5_b1_projection_1x1,puma_fixed_adc,MVM,0.0,8196.0,56,14,4 mapped MVMU block(s)
resnet50_s5_b1_projection_1x1,puma_fixed_adc,MVM,0.0,8196.0,57,14,4 mapped MVMU block(s)
resnet50_s5_b1_projection_1x1,puma_fixed_adc,MVM,0.0,8196.0,58,14,4 mapped MVMU block(s)
resnet50_s5_b1_projection_1x1,puma_fixed_adc,MVM,0.0,8196.0,59,14,4 mapped MVMU block(s)
resnet50_s5_b1_projection_1x1,puma_fixed_adc,MVM,0.0,8196.0,60,15,4 mapped MVMU block(s)
resnet50_s5_b1_projection_1x1,puma_fixed_adc,MVM,0.0,8196.0,61,15,4 mapped MVMU block(s)
resnet50_s5_b1_projection_1x1,puma_fixed_adc,MVM,0.0,8196.0,62,15,4 mapped MVMU block(s)
resnet50_s5_b1_projection_1x1,puma_fixed_adc,MVM,0.0,8196.0,63,15,4 mapped MVMU block(s)
resnet50_s5_b1_projection_1x1,puma_fixed_adc,MVM,0.0,8196.0,64,16,4 mapped MVMU block(s)
resnet50_s5_b1_projection_1x1,puma_fixed_adc,MVM,0.0,8196.0,65,16,4 mapped MVMU block(s)
resnet50_s5_b1_projection_1x1,puma_fixed_adc,MVM,0.0,8196.0,66,16,4 mapped MVMU block(s)
resnet50_s5_b1_projection_1x1,puma_fixed_adc,MVM,0.0,8196.0,67,16,4 mapped MVMU block(s)
resnet50_s5_b1_projection_1x1,puma_fixed_adc,MVM,0.0,8196.0,68,17,4 mapped MVMU block(s)
resnet50_s5_b1_projection_1x1,puma_fixed_adc,MVM,0.0,8196.0,69,17,4 mapped MVMU block(s)
resnet50_s5_b1_projection_1x1,puma_fixed_adc,MVM,0.0,8196.0,70,17,4 mapped MVMU block(s)
resnet50_s5_b1_projection_1x1,puma_fixed_adc,MVM,0.0,8196.0,71,17,4 mapped MVMU block(s)
resnet50_s5_b1_projection_1x1,puma_fixed_adc,MVM,0.0,8196.0,72,18,4 mapped MVMU block(s)
resnet50_s5_b1_projection_1x1,puma_fixed_adc,MVM,0.0,8196.0,73,18,4 mapped MVMU block(s)
resnet50_s5_b1_projection_1x1,puma_fixed_adc,MVM,0.0,8196.0,74,18,4 mapped MVMU block(s)
resnet50_s5_b1_projection_1x1,puma_fixed_adc,MVM,0.0,8196.0,75,18,4 mapped MVMU block(s)
resnet50_s5_b1_projection_1x1,puma_fixed_adc,MVM,0.0,8196.0,76,19,4 mapped MVMU block(s)
resnet50_s5_b1_projection_1x1,puma_fixed_adc,MVM,0.0,8196.0,77,19,4 mapped MVMU block(s)
resnet50_s5_b1_projection_1x1,puma_fixed_adc,MVM,0.0,8196.0,78,19,4 mapped MVMU block(s)
resnet50_s5_b1_projection_1x1,puma_fixed_adc,MVM,0.0,8196.0,79,19,4 mapped MVMU block(s)
resnet50_s5_b1_projection_1x1,puma_fixed_adc,MVM,0.0,8196.0,80,20,4 mapped MVMU block(s)
resnet50_s5_b1_projection_1x1,puma_fixed_adc,MVM,0.0,8196.0,81,20,4 mapped MVMU block(s)
resnet50_s5_b1_projection_1x1,puma_fixed_adc,MVM,0.0,8196.0,82,20,4 mapped MVMU block(s)
resnet50_s5_b1_projection_1x1,puma_fixed_adc,MVM,0.0,8196.0,83,20,4 mapped MVMU block(s)
resnet50_s5_b1_projection_1x1,puma_fixed_adc,MVM,0.0,8196.0,84,21,4 mapped MVMU block(s)
resnet50_s5_b1_projection_1x1,puma_fixed_adc,MVM,0.0,8196.0,85,21,4 mapped MVMU block(s)
resnet50_s5_b1_projection_1x1,puma_fixed_adc,MVM,0.0,8196.0,86,21,4 mapped MVMU block(s)
resnet50_s5_b1_projection_1x1,puma_fixed_adc,MVM,0.0,8196.0,87,21,4 mapped MVMU block(s)
resnet50_s5_b1_projection_1x1,puma_fixed_adc,MVM,0.0,8196.0,88,22,4 mapped MVMU block(s)
resnet50_s5_b1_projection_1x1,puma_fixed_adc,MVM,0.0,8196.0,89,22,4 mapped MVMU block(s)
resnet50_s5_b1_projection_1x1,puma_fixed_adc,MVM,0.0,8196.0,90,22,4 mapped MVMU block(s)
resnet50_s5_b1_projection_1x1,puma_fixed_adc,MVM,0.0,8196.0,91,22,4 mapped MVMU block(s)
resnet50_s5_b1_projection_1x1,puma_fixed_adc,MVM,0.0,8196.0,92,23,4 mapped MVMU block(s)
resnet50_s5_b1_projection_1x1,puma_fixed_adc,MVM,0.0,8196.0,93,23,4 mapped MVMU block(s)
resnet50_s5_b1_projection_1x1,puma_fixed_adc,MVM,0.0,8196.0,94,23,4 mapped MVMU block(s)
resnet50_s5_b1_projection_1x1,puma_fixed_adc,MVM,0.0,8196.0,95,23,4 mapped MVMU block(s)
resnet50_s5_b1_projection_1x1,puma_fixed_adc,MVM,0.0,8196.0,96,24,4 mapped MVMU block(s)
resnet50_s5_b1_projection_1x1,puma_fixed_adc,MVM,0.0,8196.0,97,24,4 mapped MVMU block(s)
resnet50_s5_b1_projection_1x1,puma_fixed_adc,MVM,0.0,8196.0,98,24,4 mapped MVMU block(s)
resnet50_s5_b1_projection_1x1,puma_fixed_adc,MVM,0.0,8196.0,99,24,4 mapped MVMU block(s)
resnet50_s5_b1_projection_1x1,puma_fixed_adc,MVM,0.0,8196.0,100,25,4 mapped MVMU block(s)
resnet50_s5_b1_projection_1x1,puma_fixed_adc,MVM,0.0,8196.0,101,25,4 mapped MVMU block(s)
resnet50_s5_b1_projection_1x1,puma_fixed_adc,MVM,0.0,8196.0,102,25,4 mapped MVMU block(s)
resnet50_s5_b1_projection_1x1,puma_fixed_adc,MVM,0.0,8196.0,103,25,4 mapped MVMU block(s)
resnet50_s5_b1_projection_1x1,puma_fixed_adc,MVM,0.0,8196.0,104,26,4 mapped MVMU block(s)
resnet50_s5_b1_projection_1x1,puma_fixed_adc,MVM,0.0,8196.0,105,26,4 mapped MVMU block(s)
resnet50_s5_b1_projection_1x1,puma_fixed_adc,MVM,0.0,8196.0,106,26,4 mapped MVMU block(s)
resnet50_s5_b1_projection_1x1,puma_fixed_adc,MVM,0.0,8196.0,107,26,4 mapped MVMU block(s)
resnet50_s5_b1_projection_1x1,puma_fixed_adc,MVM,0.0,8196.0,108,27,4 mapped MVMU block(s)
resnet50_s5_b1_projection_1x1,puma_fixed_adc,MVM,0.0,8196.0,109,27,4 mapped MVMU block(s)
resnet50_s5_b1_projection_1x1,puma_fixed_adc,MVM,0.0,8196.0,110,27,4 mapped MVMU block(s)
resnet50_s5_b1_projection_1x1,puma_fixed_adc,MVM,0.0,8196.0,111,27,4 mapped MVMU block(s)
resnet50_s5_b1_projection_1x1,puma_fixed_adc,MVM,0.0,8196.0,112,28,4 mapped MVMU block(s)
resnet50_s5_b1_projection_1x1,puma_fixed_adc,MVM,0.0,8196.0,113,28,4 mapped MVMU block(s)
resnet50_s5_b1_projection_1x1,puma_fixed_adc,MVM,0.0,8196.0,114,28,4 mapped MVMU block(s)
resnet50_s5_b1_projection_1x1,puma_fixed_adc,MVM,0.0,8196.0,115,28,4 mapped MVMU block(s)
resnet50_s5_b1_projection_1x1,puma_fixed_adc,MVM,0.0,8196.0,116,29,4 mapped MVMU block(s)
resnet50_s5_b1_projection_1x1,puma_fixed_adc,MVM,0.0,8196.0,117,29,4 mapped MVMU block(s)
resnet50_s5_b1_projection_1x1,puma_fixed_adc,MVM,0.0,8196.0,118,29,4 mapped MVMU block(s)
resnet50_s5_b1_projection_1x1,puma_fixed_adc,MVM,0.0,8196.0,119,29,4 mapped MVMU block(s)
resnet50_s5_b1_projection_1x1,puma_fixed_adc,MVM,0.0,8196.0,120,30,4 mapped MVMU block(s)
resnet50_s5_b1_projection_1x1,puma_fixed_adc,MVM,0.0,8196.0,121,30,4 mapped MVMU block(s)
resnet50_s5_b1_projection_1x1,puma_fixed_adc,MVM,0.0,8196.0,122,30,4 mapped MVMU block(s)
resnet50_s5_b1_projection_1x1,puma_fixed_adc,MVM,0.0,8196.0,123,30,4 mapped MVMU block(s)
resnet50_s5_b1_projection_1x1,puma_fixed_adc,MVM,0.0,8196.0,124,31,4 mapped MVMU block(s)
resnet50_s5_b1_projection_1x1,puma_fixed_adc,MVM,0.0,8196.0,125,31,4 mapped MVMU block(s)
resnet50_s5_b1_projection_1x1,puma_fixed_adc,MVM,0.0,8196.0,126,31,4 mapped MVMU block(s)
resnet50_s5_b1_projection_1x1,puma_fixed_adc,MVM,0.0,8196.0,127,31,4 mapped MVMU block(s)
resnet50_s5_b1_projection_1x1,puma_fixed_adc,CHAIN_REDUCE,8196.0,15260.0,,,"128 core(s), 32 tile(s)"
resnet50_s5_b2_conv1_1x1,puma_fixed_adc,MVM,0.0,8196.0,0,0,4 mapped MVMU block(s)
resnet50_s5_b2_conv1_1x1,puma_fixed_adc,MVM,0.0,8196.0,1,0,4 mapped MVMU block(s)
resnet50_s5_b2_conv1_1x1,puma_fixed_adc,MVM,0.0,8196.0,2,0,4 mapped MVMU block(s)
resnet50_s5_b2_conv1_1x1,puma_fixed_adc,MVM,0.0,8196.0,3,0,4 mapped MVMU block(s)
resnet50_s5_b2_conv1_1x1,puma_fixed_adc,MVM,0.0,8196.0,4,1,4 mapped MVMU block(s)
resnet50_s5_b2_conv1_1x1,puma_fixed_adc,MVM,0.0,8196.0,5,1,4 mapped MVMU block(s)
resnet50_s5_b2_conv1_1x1,puma_fixed_adc,MVM,0.0,8196.0,6,1,4 mapped MVMU block(s)
resnet50_s5_b2_conv1_1x1,puma_fixed_adc,MVM,0.0,8196.0,7,1,4 mapped MVMU block(s)
resnet50_s5_b2_conv1_1x1,puma_fixed_adc,MVM,0.0,8196.0,8,2,4 mapped MVMU block(s)
resnet50_s5_b2_conv1_1x1,puma_fixed_adc,MVM,0.0,8196.0,9,2,4 mapped MVMU block(s)
resnet50_s5_b2_conv1_1x1,puma_fixed_adc,MVM,0.0,8196.0,10,2,4 mapped MVMU block(s)
resnet50_s5_b2_conv1_1x1,puma_fixed_adc,MVM,0.0,8196.0,11,2,4 mapped MVMU block(s)
resnet50_s5_b2_conv1_1x1,puma_fixed_adc,MVM,0.0,8196.0,12,3,4 mapped MVMU block(s)
resnet50_s5_b2_conv1_1x1,puma_fixed_adc,MVM,0.0,8196.0,13,3,4 mapped MVMU block(s)
resnet50_s5_b2_conv1_1x1,puma_fixed_adc,MVM,0.0,8196.0,14,3,4 mapped MVMU block(s)
resnet50_s5_b2_conv1_1x1,puma_fixed_adc,MVM,0.0,8196.0,15,3,4 mapped MVMU block(s)
resnet50_s5_b2_conv1_1x1,puma_fixed_adc,MVM,0.0,8196.0,16,4,4 mapped MVMU block(s)
resnet50_s5_b2_conv1_1x1,puma_fixed_adc,MVM,0.0,8196.0,17,4,4 mapped MVMU block(s)
resnet50_s5_b2_conv1_1x1,puma_fixed_adc,MVM,0.0,8196.0,18,4,4 mapped MVMU block(s)
resnet50_s5_b2_conv1_1x1,puma_fixed_adc,MVM,0.0,8196.0,19,4,4 mapped MVMU block(s)
resnet50_s5_b2_conv1_1x1,puma_fixed_adc,MVM,0.0,8196.0,20,5,4 mapped MVMU block(s)
resnet50_s5_b2_conv1_1x1,puma_fixed_adc,MVM,0.0,8196.0,21,5,4 mapped MVMU block(s)
resnet50_s5_b2_conv1_1x1,puma_fixed_adc,MVM,0.0,8196.0,22,5,4 mapped MVMU block(s)
resnet50_s5_b2_conv1_1x1,puma_fixed_adc,MVM,0.0,8196.0,23,5,4 mapped MVMU block(s)
resnet50_s5_b2_conv1_1x1,puma_fixed_adc,MVM,0.0,8196.0,24,6,4 mapped MVMU block(s)
resnet50_s5_b2_conv1_1x1,puma_fixed_adc,MVM,0.0,8196.0,25,6,4 mapped MVMU block(s)
resnet50_s5_b2_conv1_1x1,puma_fixed_adc,MVM,0.0,8196.0,26,6,4 mapped MVMU block(s)
resnet50_s5_b2_conv1_1x1,puma_fixed_adc,MVM,0.0,8196.0,27,6,4 mapped MVMU block(s)
resnet50_s5_b2_conv1_1x1,puma_fixed_adc,MVM,0.0,8196.0,28,7,4 mapped MVMU block(s)
resnet50_s5_b2_conv1_1x1,puma_fixed_adc,MVM,0.0,8196.0,29,7,4 mapped MVMU block(s)
resnet50_s5_b2_conv1_1x1,puma_fixed_adc,MVM,0.0,8196.0,30,7,4 mapped MVMU block(s)
resnet50_s5_b2_conv1_1x1,puma_fixed_adc,MVM,0.0,8196.0,31,7,4 mapped MVMU block(s)
resnet50_s5_b2_conv1_1x1,puma_fixed_adc,MVM,0.0,8196.0,32,8,4 mapped MVMU block(s)
resnet50_s5_b2_conv1_1x1,puma_fixed_adc,MVM,0.0,8196.0,33,8,4 mapped MVMU block(s)
resnet50_s5_b2_conv1_1x1,puma_fixed_adc,MVM,0.0,8196.0,34,8,4 mapped MVMU block(s)
resnet50_s5_b2_conv1_1x1,puma_fixed_adc,MVM,0.0,8196.0,35,8,4 mapped MVMU block(s)
resnet50_s5_b2_conv1_1x1,puma_fixed_adc,MVM,0.0,8196.0,36,9,4 mapped MVMU block(s)
resnet50_s5_b2_conv1_1x1,puma_fixed_adc,MVM,0.0,8196.0,37,9,4 mapped MVMU block(s)
resnet50_s5_b2_conv1_1x1,puma_fixed_adc,MVM,0.0,8196.0,38,9,4 mapped MVMU block(s)
resnet50_s5_b2_conv1_1x1,puma_fixed_adc,MVM,0.0,8196.0,39,9,4 mapped MVMU block(s)
resnet50_s5_b2_conv1_1x1,puma_fixed_adc,MVM,0.0,8196.0,40,10,4 mapped MVMU block(s)
resnet50_s5_b2_conv1_1x1,puma_fixed_adc,MVM,0.0,8196.0,41,10,4 mapped MVMU block(s)
resnet50_s5_b2_conv1_1x1,puma_fixed_adc,MVM,0.0,8196.0,42,10,4 mapped MVMU block(s)
resnet50_s5_b2_conv1_1x1,puma_fixed_adc,MVM,0.0,8196.0,43,10,4 mapped MVMU block(s)
resnet50_s5_b2_conv1_1x1,puma_fixed_adc,MVM,0.0,8196.0,44,11,4 mapped MVMU block(s)
resnet50_s5_b2_conv1_1x1,puma_fixed_adc,MVM,0.0,8196.0,45,11,4 mapped MVMU block(s)
resnet50_s5_b2_conv1_1x1,puma_fixed_adc,MVM,0.0,8196.0,46,11,4 mapped MVMU block(s)
resnet50_s5_b2_conv1_1x1,puma_fixed_adc,MVM,0.0,8196.0,47,11,4 mapped MVMU block(s)
resnet50_s5_b2_conv1_1x1,puma_fixed_adc,MVM,0.0,8196.0,48,12,4 mapped MVMU block(s)
resnet50_s5_b2_conv1_1x1,puma_fixed_adc,MVM,0.0,8196.0,49,12,4 mapped MVMU block(s)
resnet50_s5_b2_conv1_1x1,puma_fixed_adc,MVM,0.0,8196.0,50,12,4 mapped MVMU block(s)
resnet50_s5_b2_conv1_1x1,puma_fixed_adc,MVM,0.0,8196.0,51,12,4 mapped MVMU block(s)
resnet50_s5_b2_conv1_1x1,puma_fixed_adc,MVM,0.0,8196.0,52,13,4 mapped MVMU block(s)
resnet50_s5_b2_conv1_1x1,puma_fixed_adc,MVM,0.0,8196.0,53,13,4 mapped MVMU block(s)
resnet50_s5_b2_conv1_1x1,puma_fixed_adc,MVM,0.0,8196.0,54,13,4 mapped MVMU block(s)
resnet50_s5_b2_conv1_1x1,puma_fixed_adc,MVM,0.0,8196.0,55,13,4 mapped MVMU block(s)
resnet50_s5_b2_conv1_1x1,puma_fixed_adc,MVM,0.0,8196.0,56,14,4 mapped MVMU block(s)
resnet50_s5_b2_conv1_1x1,puma_fixed_adc,MVM,0.0,8196.0,57,14,4 mapped MVMU block(s)
resnet50_s5_b2_conv1_1x1,puma_fixed_adc,MVM,0.0,8196.0,58,14,4 mapped MVMU block(s)
resnet50_s5_b2_conv1_1x1,puma_fixed_adc,MVM,0.0,8196.0,59,14,4 mapped MVMU block(s)
resnet50_s5_b2_conv1_1x1,puma_fixed_adc,MVM,0.0,8196.0,60,15,4 mapped MVMU block(s)
resnet50_s5_b2_conv1_1x1,puma_fixed_adc,MVM,0.0,8196.0,61,15,4 mapped MVMU block(s)
resnet50_s5_b2_conv1_1x1,puma_fixed_adc,MVM,0.0,8196.0,62,15,4 mapped MVMU block(s)
resnet50_s5_b2_conv1_1x1,puma_fixed_adc,MVM,0.0,8196.0,63,15,4 mapped MVMU block(s)
resnet50_s5_b2_conv1_1x1,puma_fixed_adc,CHAIN_REDUCE,8196.0,11676.0,,,"64 core(s), 16 tile(s)"
resnet50_s5_b2_conv2_3x3,puma_fixed_adc,MVM,0.0,8196.0,0,0,4 mapped MVMU block(s)
resnet50_s5_b2_conv2_3x3,puma_fixed_adc,MVM,0.0,8196.0,1,0,4 mapped MVMU block(s)
resnet50_s5_b2_conv2_3x3,puma_fixed_adc,MVM,0.0,8196.0,2,0,4 mapped MVMU block(s)
resnet50_s5_b2_conv2_3x3,puma_fixed_adc,MVM,0.0,8196.0,3,0,4 mapped MVMU block(s)
resnet50_s5_b2_conv2_3x3,puma_fixed_adc,MVM,0.0,8196.0,4,1,4 mapped MVMU block(s)
resnet50_s5_b2_conv2_3x3,puma_fixed_adc,MVM,0.0,8196.0,5,1,4 mapped MVMU block(s)
resnet50_s5_b2_conv2_3x3,puma_fixed_adc,MVM,0.0,8196.0,6,1,4 mapped MVMU block(s)
resnet50_s5_b2_conv2_3x3,puma_fixed_adc,MVM,0.0,8196.0,7,1,4 mapped MVMU block(s)
resnet50_s5_b2_conv2_3x3,puma_fixed_adc,MVM,0.0,8196.0,8,2,4 mapped MVMU block(s)
resnet50_s5_b2_conv2_3x3,puma_fixed_adc,MVM,0.0,8196.0,9,2,4 mapped MVMU block(s)
resnet50_s5_b2_conv2_3x3,puma_fixed_adc,MVM,0.0,8196.0,10,2,4 mapped MVMU block(s)
resnet50_s5_b2_conv2_3x3,puma_fixed_adc,MVM,0.0,8196.0,11,2,4 mapped MVMU block(s)
resnet50_s5_b2_conv2_3x3,puma_fixed_adc,MVM,0.0,8196.0,12,3,4 mapped MVMU block(s)
resnet50_s5_b2_conv2_3x3,puma_fixed_adc,MVM,0.0,8196.0,13,3,4 mapped MVMU block(s)
resnet50_s5_b2_conv2_3x3,puma_fixed_adc,MVM,0.0,8196.0,14,3,4 mapped MVMU block(s)
resnet50_s5_b2_conv2_3x3,puma_fixed_adc,MVM,0.0,8196.0,15,3,4 mapped MVMU block(s)
resnet50_s5_b2_conv2_3x3,puma_fixed_adc,MVM,0.0,8196.0,16,4,4 mapped MVMU block(s)
resnet50_s5_b2_conv2_3x3,puma_fixed_adc,MVM,0.0,8196.0,17,4,4 mapped MVMU block(s)
resnet50_s5_b2_conv2_3x3,puma_fixed_adc,MVM,0.0,8196.0,18,4,4 mapped MVMU block(s)
resnet50_s5_b2_conv2_3x3,puma_fixed_adc,MVM,0.0,8196.0,19,4,4 mapped MVMU block(s)
resnet50_s5_b2_conv2_3x3,puma_fixed_adc,MVM,0.0,8196.0,20,5,4 mapped MVMU block(s)
resnet50_s5_b2_conv2_3x3,puma_fixed_adc,MVM,0.0,8196.0,21,5,4 mapped MVMU block(s)
resnet50_s5_b2_conv2_3x3,puma_fixed_adc,MVM,0.0,8196.0,22,5,4 mapped MVMU block(s)
resnet50_s5_b2_conv2_3x3,puma_fixed_adc,MVM,0.0,8196.0,23,5,4 mapped MVMU block(s)
resnet50_s5_b2_conv2_3x3,puma_fixed_adc,MVM,0.0,8196.0,24,6,4 mapped MVMU block(s)
resnet50_s5_b2_conv2_3x3,puma_fixed_adc,MVM,0.0,8196.0,25,6,4 mapped MVMU block(s)
resnet50_s5_b2_conv2_3x3,puma_fixed_adc,MVM,0.0,8196.0,26,6,4 mapped MVMU block(s)
resnet50_s5_b2_conv2_3x3,puma_fixed_adc,MVM,0.0,8196.0,27,6,4 mapped MVMU block(s)
resnet50_s5_b2_conv2_3x3,puma_fixed_adc,MVM,0.0,8196.0,28,7,4 mapped MVMU block(s)
resnet50_s5_b2_conv2_3x3,puma_fixed_adc,MVM,0.0,8196.0,29,7,4 mapped MVMU block(s)
resnet50_s5_b2_conv2_3x3,puma_fixed_adc,MVM,0.0,8196.0,30,7,4 mapped MVMU block(s)
resnet50_s5_b2_conv2_3x3,puma_fixed_adc,MVM,0.0,8196.0,31,7,4 mapped MVMU block(s)
resnet50_s5_b2_conv2_3x3,puma_fixed_adc,MVM,0.0,8196.0,32,8,4 mapped MVMU block(s)
resnet50_s5_b2_conv2_3x3,puma_fixed_adc,MVM,0.0,8196.0,33,8,4 mapped MVMU block(s)
resnet50_s5_b2_conv2_3x3,puma_fixed_adc,MVM,0.0,8196.0,34,8,4 mapped MVMU block(s)
resnet50_s5_b2_conv2_3x3,puma_fixed_adc,MVM,0.0,8196.0,35,8,4 mapped MVMU block(s)
resnet50_s5_b2_conv2_3x3,puma_fixed_adc,MVM,0.0,8196.0,36,9,4 mapped MVMU block(s)
resnet50_s5_b2_conv2_3x3,puma_fixed_adc,MVM,0.0,8196.0,37,9,4 mapped MVMU block(s)
resnet50_s5_b2_conv2_3x3,puma_fixed_adc,MVM,0.0,8196.0,38,9,4 mapped MVMU block(s)
resnet50_s5_b2_conv2_3x3,puma_fixed_adc,MVM,0.0,8196.0,39,9,4 mapped MVMU block(s)
resnet50_s5_b2_conv2_3x3,puma_fixed_adc,MVM,0.0,8196.0,40,10,4 mapped MVMU block(s)
resnet50_s5_b2_conv2_3x3,puma_fixed_adc,MVM,0.0,8196.0,41,10,4 mapped MVMU block(s)
resnet50_s5_b2_conv2_3x3,puma_fixed_adc,MVM,0.0,8196.0,42,10,4 mapped MVMU block(s)
resnet50_s5_b2_conv2_3x3,puma_fixed_adc,MVM,0.0,8196.0,43,10,4 mapped MVMU block(s)
resnet50_s5_b2_conv2_3x3,puma_fixed_adc,MVM,0.0,8196.0,44,11,4 mapped MVMU block(s)
resnet50_s5_b2_conv2_3x3,puma_fixed_adc,MVM,0.0,8196.0,45,11,4 mapped MVMU block(s)
resnet50_s5_b2_conv2_3x3,puma_fixed_adc,MVM,0.0,8196.0,46,11,4 mapped MVMU block(s)
resnet50_s5_b2_conv2_3x3,puma_fixed_adc,MVM,0.0,8196.0,47,11,4 mapped MVMU block(s)
resnet50_s5_b2_conv2_3x3,puma_fixed_adc,MVM,0.0,8196.0,48,12,4 mapped MVMU block(s)
resnet50_s5_b2_conv2_3x3,puma_fixed_adc,MVM,0.0,8196.0,49,12,4 mapped MVMU block(s)
resnet50_s5_b2_conv2_3x3,puma_fixed_adc,MVM,0.0,8196.0,50,12,4 mapped MVMU block(s)
resnet50_s5_b2_conv2_3x3,puma_fixed_adc,MVM,0.0,8196.0,51,12,4 mapped MVMU block(s)
resnet50_s5_b2_conv2_3x3,puma_fixed_adc,MVM,0.0,8196.0,52,13,4 mapped MVMU block(s)
resnet50_s5_b2_conv2_3x3,puma_fixed_adc,MVM,0.0,8196.0,53,13,4 mapped MVMU block(s)
resnet50_s5_b2_conv2_3x3,puma_fixed_adc,MVM,0.0,8196.0,54,13,4 mapped MVMU block(s)
resnet50_s5_b2_conv2_3x3,puma_fixed_adc,MVM,0.0,8196.0,55,13,4 mapped MVMU block(s)
resnet50_s5_b2_conv2_3x3,puma_fixed_adc,MVM,0.0,8196.0,56,14,4 mapped MVMU block(s)
resnet50_s5_b2_conv2_3x3,puma_fixed_adc,MVM,0.0,8196.0,57,14,4 mapped MVMU block(s)
resnet50_s5_b2_conv2_3x3,puma_fixed_adc,MVM,0.0,8196.0,58,14,4 mapped MVMU block(s)
resnet50_s5_b2_conv2_3x3,puma_fixed_adc,MVM,0.0,8196.0,59,14,4 mapped MVMU block(s)
resnet50_s5_b2_conv2_3x3,puma_fixed_adc,MVM,0.0,8196.0,60,15,4 mapped MVMU block(s)
resnet50_s5_b2_conv2_3x3,puma_fixed_adc,MVM,0.0,8196.0,61,15,4 mapped MVMU block(s)
resnet50_s5_b2_conv2_3x3,puma_fixed_adc,MVM,0.0,8196.0,62,15,4 mapped MVMU block(s)
resnet50_s5_b2_conv2_3x3,puma_fixed_adc,MVM,0.0,8196.0,63,15,4 mapped MVMU block(s)
resnet50_s5_b2_conv2_3x3,puma_fixed_adc,MVM,0.0,8196.0,64,16,4 mapped MVMU block(s)
resnet50_s5_b2_conv2_3x3,puma_fixed_adc,MVM,0.0,8196.0,65,16,4 mapped MVMU block(s)
resnet50_s5_b2_conv2_3x3,puma_fixed_adc,MVM,0.0,8196.0,66,16,4 mapped MVMU block(s)
resnet50_s5_b2_conv2_3x3,puma_fixed_adc,MVM,0.0,8196.0,67,16,4 mapped MVMU block(s)
resnet50_s5_b2_conv2_3x3,puma_fixed_adc,MVM,0.0,8196.0,68,17,4 mapped MVMU block(s)
resnet50_s5_b2_conv2_3x3,puma_fixed_adc,MVM,0.0,8196.0,69,17,4 mapped MVMU block(s)
resnet50_s5_b2_conv2_3x3,puma_fixed_adc,MVM,0.0,8196.0,70,17,4 mapped MVMU block(s)
resnet50_s5_b2_conv2_3x3,puma_fixed_adc,MVM,0.0,8196.0,71,17,4 mapped MVMU block(s)
resnet50_s5_b2_conv2_3x3,puma_fixed_adc,MVM,0.0,8196.0,72,18,4 mapped MVMU block(s)
resnet50_s5_b2_conv2_3x3,puma_fixed_adc,MVM,0.0,8196.0,73,18,4 mapped MVMU block(s)
resnet50_s5_b2_conv2_3x3,puma_fixed_adc,MVM,0.0,8196.0,74,18,4 mapped MVMU block(s)
resnet50_s5_b2_conv2_3x3,puma_fixed_adc,MVM,0.0,8196.0,75,18,4 mapped MVMU block(s)
resnet50_s5_b2_conv2_3x3,puma_fixed_adc,MVM,0.0,8196.0,76,19,4 mapped MVMU block(s)
resnet50_s5_b2_conv2_3x3,puma_fixed_adc,MVM,0.0,8196.0,77,19,4 mapped MVMU block(s)
resnet50_s5_b2_conv2_3x3,puma_fixed_adc,MVM,0.0,8196.0,78,19,4 mapped MVMU block(s)
resnet50_s5_b2_conv2_3x3,puma_fixed_adc,MVM,0.0,8196.0,79,19,4 mapped MVMU block(s)
resnet50_s5_b2_conv2_3x3,puma_fixed_adc,MVM,0.0,8196.0,80,20,4 mapped MVMU block(s)
resnet50_s5_b2_conv2_3x3,puma_fixed_adc,MVM,0.0,8196.0,81,20,4 mapped MVMU block(s)
resnet50_s5_b2_conv2_3x3,puma_fixed_adc,MVM,0.0,8196.0,82,20,4 mapped MVMU block(s)
resnet50_s5_b2_conv2_3x3,puma_fixed_adc,MVM,0.0,8196.0,83,20,4 mapped MVMU block(s)
resnet50_s5_b2_conv2_3x3,puma_fixed_adc,MVM,0.0,8196.0,84,21,4 mapped MVMU block(s)
resnet50_s5_b2_conv2_3x3,puma_fixed_adc,MVM,0.0,8196.0,85,21,4 mapped MVMU block(s)
resnet50_s5_b2_conv2_3x3,puma_fixed_adc,MVM,0.0,8196.0,86,21,4 mapped MVMU block(s)
resnet50_s5_b2_conv2_3x3,puma_fixed_adc,MVM,0.0,8196.0,87,21,4 mapped MVMU block(s)
resnet50_s5_b2_conv2_3x3,puma_fixed_adc,MVM,0.0,8196.0,88,22,4 mapped MVMU block(s)
resnet50_s5_b2_conv2_3x3,puma_fixed_adc,MVM,0.0,8196.0,89,22,4 mapped MVMU block(s)
resnet50_s5_b2_conv2_3x3,puma_fixed_adc,MVM,0.0,8196.0,90,22,4 mapped MVMU block(s)
resnet50_s5_b2_conv2_3x3,puma_fixed_adc,MVM,0.0,8196.0,91,22,4 mapped MVMU block(s)
resnet50_s5_b2_conv2_3x3,puma_fixed_adc,MVM,0.0,8196.0,92,23,4 mapped MVMU block(s)
resnet50_s5_b2_conv2_3x3,puma_fixed_adc,MVM,0.0,8196.0,93,23,4 mapped MVMU block(s)
resnet50_s5_b2_conv2_3x3,puma_fixed_adc,MVM,0.0,8196.0,94,23,4 mapped MVMU block(s)
resnet50_s5_b2_conv2_3x3,puma_fixed_adc,MVM,0.0,8196.0,95,23,4 mapped MVMU block(s)
resnet50_s5_b2_conv2_3x3,puma_fixed_adc,MVM,0.0,8196.0,96,24,4 mapped MVMU block(s)
resnet50_s5_b2_conv2_3x3,puma_fixed_adc,MVM,0.0,8196.0,97,24,4 mapped MVMU block(s)
resnet50_s5_b2_conv2_3x3,puma_fixed_adc,MVM,0.0,8196.0,98,24,4 mapped MVMU block(s)
resnet50_s5_b2_conv2_3x3,puma_fixed_adc,MVM,0.0,8196.0,99,24,4 mapped MVMU block(s)
resnet50_s5_b2_conv2_3x3,puma_fixed_adc,MVM,0.0,8196.0,100,25,4 mapped MVMU block(s)
resnet50_s5_b2_conv2_3x3,puma_fixed_adc,MVM,0.0,8196.0,101,25,4 mapped MVMU block(s)
resnet50_s5_b2_conv2_3x3,puma_fixed_adc,MVM,0.0,8196.0,102,25,4 mapped MVMU block(s)
resnet50_s5_b2_conv2_3x3,puma_fixed_adc,MVM,0.0,8196.0,103,25,4 mapped MVMU block(s)
resnet50_s5_b2_conv2_3x3,puma_fixed_adc,MVM,0.0,8196.0,104,26,4 mapped MVMU block(s)
resnet50_s5_b2_conv2_3x3,puma_fixed_adc,MVM,0.0,8196.0,105,26,4 mapped MVMU block(s)
resnet50_s5_b2_conv2_3x3,puma_fixed_adc,MVM,0.0,8196.0,106,26,4 mapped MVMU block(s)
resnet50_s5_b2_conv2_3x3,puma_fixed_adc,MVM,0.0,8196.0,107,26,4 mapped MVMU block(s)
resnet50_s5_b2_conv2_3x3,puma_fixed_adc,MVM,0.0,8196.0,108,27,4 mapped MVMU block(s)
resnet50_s5_b2_conv2_3x3,puma_fixed_adc,MVM,0.0,8196.0,109,27,4 mapped MVMU block(s)
resnet50_s5_b2_conv2_3x3,puma_fixed_adc,MVM,0.0,8196.0,110,27,4 mapped MVMU block(s)
resnet50_s5_b2_conv2_3x3,puma_fixed_adc,MVM,0.0,8196.0,111,27,4 mapped MVMU block(s)
resnet50_s5_b2_conv2_3x3,puma_fixed_adc,MVM,0.0,8196.0,112,28,4 mapped MVMU block(s)
resnet50_s5_b2_conv2_3x3,puma_fixed_adc,MVM,0.0,8196.0,113,28,4 mapped MVMU block(s)
resnet50_s5_b2_conv2_3x3,puma_fixed_adc,MVM,0.0,8196.0,114,28,4 mapped MVMU block(s)
resnet50_s5_b2_conv2_3x3,puma_fixed_adc,MVM,0.0,8196.0,115,28,4 mapped MVMU block(s)
resnet50_s5_b2_conv2_3x3,puma_fixed_adc,MVM,0.0,8196.0,116,29,4 mapped MVMU block(s)
resnet50_s5_b2_conv2_3x3,puma_fixed_adc,MVM,0.0,8196.0,117,29,4 mapped MVMU block(s)
resnet50_s5_b2_conv2_3x3,puma_fixed_adc,MVM,0.0,8196.0,118,29,4 mapped MVMU block(s)
resnet50_s5_b2_conv2_3x3,puma_fixed_adc,MVM,0.0,8196.0,119,29,4 mapped MVMU block(s)
resnet50_s5_b2_conv2_3x3,puma_fixed_adc,MVM,0.0,8196.0,120,30,4 mapped MVMU block(s)
resnet50_s5_b2_conv2_3x3,puma_fixed_adc,MVM,0.0,8196.0,121,30,4 mapped MVMU block(s)
resnet50_s5_b2_conv2_3x3,puma_fixed_adc,MVM,0.0,8196.0,122,30,4 mapped MVMU block(s)
resnet50_s5_b2_conv2_3x3,puma_fixed_adc,MVM,0.0,8196.0,123,30,4 mapped MVMU block(s)
resnet50_s5_b2_conv2_3x3,puma_fixed_adc,MVM,0.0,8196.0,124,31,4 mapped MVMU block(s)
resnet50_s5_b2_conv2_3x3,puma_fixed_adc,MVM,0.0,8196.0,125,31,4 mapped MVMU block(s)
resnet50_s5_b2_conv2_3x3,puma_fixed_adc,MVM,0.0,8196.0,126,31,4 mapped MVMU block(s)
resnet50_s5_b2_conv2_3x3,puma_fixed_adc,MVM,0.0,8196.0,127,31,4 mapped MVMU block(s)
resnet50_s5_b2_conv2_3x3,puma_fixed_adc,MVM,0.0,8196.0,128,32,4 mapped MVMU block(s)
resnet50_s5_b2_conv2_3x3,puma_fixed_adc,MVM,0.0,8196.0,129,32,4 mapped MVMU block(s)
resnet50_s5_b2_conv2_3x3,puma_fixed_adc,MVM,0.0,8196.0,130,32,4 mapped MVMU block(s)
resnet50_s5_b2_conv2_3x3,puma_fixed_adc,MVM,0.0,8196.0,131,32,4 mapped MVMU block(s)
resnet50_s5_b2_conv2_3x3,puma_fixed_adc,MVM,0.0,8196.0,132,33,4 mapped MVMU block(s)
resnet50_s5_b2_conv2_3x3,puma_fixed_adc,MVM,0.0,8196.0,133,33,4 mapped MVMU block(s)
resnet50_s5_b2_conv2_3x3,puma_fixed_adc,MVM,0.0,8196.0,134,33,4 mapped MVMU block(s)
resnet50_s5_b2_conv2_3x3,puma_fixed_adc,MVM,0.0,8196.0,135,33,4 mapped MVMU block(s)
resnet50_s5_b2_conv2_3x3,puma_fixed_adc,MVM,0.0,8196.0,136,34,4 mapped MVMU block(s)
resnet50_s5_b2_conv2_3x3,puma_fixed_adc,MVM,0.0,8196.0,137,34,4 mapped MVMU block(s)
resnet50_s5_b2_conv2_3x3,puma_fixed_adc,MVM,0.0,8196.0,138,34,4 mapped MVMU block(s)
resnet50_s5_b2_conv2_3x3,puma_fixed_adc,MVM,0.0,8196.0,139,34,4 mapped MVMU block(s)
resnet50_s5_b2_conv2_3x3,puma_fixed_adc,MVM,0.0,8196.0,140,35,4 mapped MVMU block(s)
resnet50_s5_b2_conv2_3x3,puma_fixed_adc,MVM,0.0,8196.0,141,35,4 mapped MVMU block(s)
resnet50_s5_b2_conv2_3x3,puma_fixed_adc,MVM,0.0,8196.0,142,35,4 mapped MVMU block(s)
resnet50_s5_b2_conv2_3x3,puma_fixed_adc,MVM,0.0,8196.0,143,35,4 mapped MVMU block(s)
resnet50_s5_b2_conv2_3x3,puma_fixed_adc,CHAIN_REDUCE,8196.0,16156.0,,,"144 core(s), 36 tile(s)"
resnet50_s5_b2_conv3_1x1,puma_fixed_adc,MVM,0.0,8196.0,0,0,4 mapped MVMU block(s)
resnet50_s5_b2_conv3_1x1,puma_fixed_adc,MVM,0.0,8196.0,1,0,4 mapped MVMU block(s)
resnet50_s5_b2_conv3_1x1,puma_fixed_adc,MVM,0.0,8196.0,2,0,4 mapped MVMU block(s)
resnet50_s5_b2_conv3_1x1,puma_fixed_adc,MVM,0.0,8196.0,3,0,4 mapped MVMU block(s)
resnet50_s5_b2_conv3_1x1,puma_fixed_adc,MVM,0.0,8196.0,4,1,4 mapped MVMU block(s)
resnet50_s5_b2_conv3_1x1,puma_fixed_adc,MVM,0.0,8196.0,5,1,4 mapped MVMU block(s)
resnet50_s5_b2_conv3_1x1,puma_fixed_adc,MVM,0.0,8196.0,6,1,4 mapped MVMU block(s)
resnet50_s5_b2_conv3_1x1,puma_fixed_adc,MVM,0.0,8196.0,7,1,4 mapped MVMU block(s)
resnet50_s5_b2_conv3_1x1,puma_fixed_adc,MVM,0.0,8196.0,8,2,4 mapped MVMU block(s)
resnet50_s5_b2_conv3_1x1,puma_fixed_adc,MVM,0.0,8196.0,9,2,4 mapped MVMU block(s)
resnet50_s5_b2_conv3_1x1,puma_fixed_adc,MVM,0.0,8196.0,10,2,4 mapped MVMU block(s)
resnet50_s5_b2_conv3_1x1,puma_fixed_adc,MVM,0.0,8196.0,11,2,4 mapped MVMU block(s)
resnet50_s5_b2_conv3_1x1,puma_fixed_adc,MVM,0.0,8196.0,12,3,4 mapped MVMU block(s)
resnet50_s5_b2_conv3_1x1,puma_fixed_adc,MVM,0.0,8196.0,13,3,4 mapped MVMU block(s)
resnet50_s5_b2_conv3_1x1,puma_fixed_adc,MVM,0.0,8196.0,14,3,4 mapped MVMU block(s)
resnet50_s5_b2_conv3_1x1,puma_fixed_adc,MVM,0.0,8196.0,15,3,4 mapped MVMU block(s)
resnet50_s5_b2_conv3_1x1,puma_fixed_adc,MVM,0.0,8196.0,16,4,4 mapped MVMU block(s)
resnet50_s5_b2_conv3_1x1,puma_fixed_adc,MVM,0.0,8196.0,17,4,4 mapped MVMU block(s)
resnet50_s5_b2_conv3_1x1,puma_fixed_adc,MVM,0.0,8196.0,18,4,4 mapped MVMU block(s)
resnet50_s5_b2_conv3_1x1,puma_fixed_adc,MVM,0.0,8196.0,19,4,4 mapped MVMU block(s)
resnet50_s5_b2_conv3_1x1,puma_fixed_adc,MVM,0.0,8196.0,20,5,4 mapped MVMU block(s)
resnet50_s5_b2_conv3_1x1,puma_fixed_adc,MVM,0.0,8196.0,21,5,4 mapped MVMU block(s)
resnet50_s5_b2_conv3_1x1,puma_fixed_adc,MVM,0.0,8196.0,22,5,4 mapped MVMU block(s)
resnet50_s5_b2_conv3_1x1,puma_fixed_adc,MVM,0.0,8196.0,23,5,4 mapped MVMU block(s)
resnet50_s5_b2_conv3_1x1,puma_fixed_adc,MVM,0.0,8196.0,24,6,4 mapped MVMU block(s)
resnet50_s5_b2_conv3_1x1,puma_fixed_adc,MVM,0.0,8196.0,25,6,4 mapped MVMU block(s)
resnet50_s5_b2_conv3_1x1,puma_fixed_adc,MVM,0.0,8196.0,26,6,4 mapped MVMU block(s)
resnet50_s5_b2_conv3_1x1,puma_fixed_adc,MVM,0.0,8196.0,27,6,4 mapped MVMU block(s)
resnet50_s5_b2_conv3_1x1,puma_fixed_adc,MVM,0.0,8196.0,28,7,4 mapped MVMU block(s)
resnet50_s5_b2_conv3_1x1,puma_fixed_adc,MVM,0.0,8196.0,29,7,4 mapped MVMU block(s)
resnet50_s5_b2_conv3_1x1,puma_fixed_adc,MVM,0.0,8196.0,30,7,4 mapped MVMU block(s)
resnet50_s5_b2_conv3_1x1,puma_fixed_adc,MVM,0.0,8196.0,31,7,4 mapped MVMU block(s)
resnet50_s5_b2_conv3_1x1,puma_fixed_adc,MVM,0.0,8196.0,32,8,4 mapped MVMU block(s)
resnet50_s5_b2_conv3_1x1,puma_fixed_adc,MVM,0.0,8196.0,33,8,4 mapped MVMU block(s)
resnet50_s5_b2_conv3_1x1,puma_fixed_adc,MVM,0.0,8196.0,34,8,4 mapped MVMU block(s)
resnet50_s5_b2_conv3_1x1,puma_fixed_adc,MVM,0.0,8196.0,35,8,4 mapped MVMU block(s)
resnet50_s5_b2_conv3_1x1,puma_fixed_adc,MVM,0.0,8196.0,36,9,4 mapped MVMU block(s)
resnet50_s5_b2_conv3_1x1,puma_fixed_adc,MVM,0.0,8196.0,37,9,4 mapped MVMU block(s)
resnet50_s5_b2_conv3_1x1,puma_fixed_adc,MVM,0.0,8196.0,38,9,4 mapped MVMU block(s)
resnet50_s5_b2_conv3_1x1,puma_fixed_adc,MVM,0.0,8196.0,39,9,4 mapped MVMU block(s)
resnet50_s5_b2_conv3_1x1,puma_fixed_adc,MVM,0.0,8196.0,40,10,4 mapped MVMU block(s)
resnet50_s5_b2_conv3_1x1,puma_fixed_adc,MVM,0.0,8196.0,41,10,4 mapped MVMU block(s)
resnet50_s5_b2_conv3_1x1,puma_fixed_adc,MVM,0.0,8196.0,42,10,4 mapped MVMU block(s)
resnet50_s5_b2_conv3_1x1,puma_fixed_adc,MVM,0.0,8196.0,43,10,4 mapped MVMU block(s)
resnet50_s5_b2_conv3_1x1,puma_fixed_adc,MVM,0.0,8196.0,44,11,4 mapped MVMU block(s)
resnet50_s5_b2_conv3_1x1,puma_fixed_adc,MVM,0.0,8196.0,45,11,4 mapped MVMU block(s)
resnet50_s5_b2_conv3_1x1,puma_fixed_adc,MVM,0.0,8196.0,46,11,4 mapped MVMU block(s)
resnet50_s5_b2_conv3_1x1,puma_fixed_adc,MVM,0.0,8196.0,47,11,4 mapped MVMU block(s)
resnet50_s5_b2_conv3_1x1,puma_fixed_adc,MVM,0.0,8196.0,48,12,4 mapped MVMU block(s)
resnet50_s5_b2_conv3_1x1,puma_fixed_adc,MVM,0.0,8196.0,49,12,4 mapped MVMU block(s)
resnet50_s5_b2_conv3_1x1,puma_fixed_adc,MVM,0.0,8196.0,50,12,4 mapped MVMU block(s)
resnet50_s5_b2_conv3_1x1,puma_fixed_adc,MVM,0.0,8196.0,51,12,4 mapped MVMU block(s)
resnet50_s5_b2_conv3_1x1,puma_fixed_adc,MVM,0.0,8196.0,52,13,4 mapped MVMU block(s)
resnet50_s5_b2_conv3_1x1,puma_fixed_adc,MVM,0.0,8196.0,53,13,4 mapped MVMU block(s)
resnet50_s5_b2_conv3_1x1,puma_fixed_adc,MVM,0.0,8196.0,54,13,4 mapped MVMU block(s)
resnet50_s5_b2_conv3_1x1,puma_fixed_adc,MVM,0.0,8196.0,55,13,4 mapped MVMU block(s)
resnet50_s5_b2_conv3_1x1,puma_fixed_adc,MVM,0.0,8196.0,56,14,4 mapped MVMU block(s)
resnet50_s5_b2_conv3_1x1,puma_fixed_adc,MVM,0.0,8196.0,57,14,4 mapped MVMU block(s)
resnet50_s5_b2_conv3_1x1,puma_fixed_adc,MVM,0.0,8196.0,58,14,4 mapped MVMU block(s)
resnet50_s5_b2_conv3_1x1,puma_fixed_adc,MVM,0.0,8196.0,59,14,4 mapped MVMU block(s)
resnet50_s5_b2_conv3_1x1,puma_fixed_adc,MVM,0.0,8196.0,60,15,4 mapped MVMU block(s)
resnet50_s5_b2_conv3_1x1,puma_fixed_adc,MVM,0.0,8196.0,61,15,4 mapped MVMU block(s)
resnet50_s5_b2_conv3_1x1,puma_fixed_adc,MVM,0.0,8196.0,62,15,4 mapped MVMU block(s)
resnet50_s5_b2_conv3_1x1,puma_fixed_adc,MVM,0.0,8196.0,63,15,4 mapped MVMU block(s)
resnet50_s5_b2_conv3_1x1,puma_fixed_adc,CHAIN_REDUCE,8196.0,11676.0,,,"64 core(s), 16 tile(s)"
resnet50_s5_b3_conv1_1x1,puma_fixed_adc,MVM,0.0,8196.0,0,0,4 mapped MVMU block(s)
resnet50_s5_b3_conv1_1x1,puma_fixed_adc,MVM,0.0,8196.0,1,0,4 mapped MVMU block(s)
resnet50_s5_b3_conv1_1x1,puma_fixed_adc,MVM,0.0,8196.0,2,0,4 mapped MVMU block(s)
resnet50_s5_b3_conv1_1x1,puma_fixed_adc,MVM,0.0,8196.0,3,0,4 mapped MVMU block(s)
resnet50_s5_b3_conv1_1x1,puma_fixed_adc,MVM,0.0,8196.0,4,1,4 mapped MVMU block(s)
resnet50_s5_b3_conv1_1x1,puma_fixed_adc,MVM,0.0,8196.0,5,1,4 mapped MVMU block(s)
resnet50_s5_b3_conv1_1x1,puma_fixed_adc,MVM,0.0,8196.0,6,1,4 mapped MVMU block(s)
resnet50_s5_b3_conv1_1x1,puma_fixed_adc,MVM,0.0,8196.0,7,1,4 mapped MVMU block(s)
resnet50_s5_b3_conv1_1x1,puma_fixed_adc,MVM,0.0,8196.0,8,2,4 mapped MVMU block(s)
resnet50_s5_b3_conv1_1x1,puma_fixed_adc,MVM,0.0,8196.0,9,2,4 mapped MVMU block(s)
resnet50_s5_b3_conv1_1x1,puma_fixed_adc,MVM,0.0,8196.0,10,2,4 mapped MVMU block(s)
resnet50_s5_b3_conv1_1x1,puma_fixed_adc,MVM,0.0,8196.0,11,2,4 mapped MVMU block(s)
resnet50_s5_b3_conv1_1x1,puma_fixed_adc,MVM,0.0,8196.0,12,3,4 mapped MVMU block(s)
resnet50_s5_b3_conv1_1x1,puma_fixed_adc,MVM,0.0,8196.0,13,3,4 mapped MVMU block(s)
resnet50_s5_b3_conv1_1x1,puma_fixed_adc,MVM,0.0,8196.0,14,3,4 mapped MVMU block(s)
resnet50_s5_b3_conv1_1x1,puma_fixed_adc,MVM,0.0,8196.0,15,3,4 mapped MVMU block(s)
resnet50_s5_b3_conv1_1x1,puma_fixed_adc,MVM,0.0,8196.0,16,4,4 mapped MVMU block(s)
resnet50_s5_b3_conv1_1x1,puma_fixed_adc,MVM,0.0,8196.0,17,4,4 mapped MVMU block(s)
resnet50_s5_b3_conv1_1x1,puma_fixed_adc,MVM,0.0,8196.0,18,4,4 mapped MVMU block(s)
resnet50_s5_b3_conv1_1x1,puma_fixed_adc,MVM,0.0,8196.0,19,4,4 mapped MVMU block(s)
resnet50_s5_b3_conv1_1x1,puma_fixed_adc,MVM,0.0,8196.0,20,5,4 mapped MVMU block(s)
resnet50_s5_b3_conv1_1x1,puma_fixed_adc,MVM,0.0,8196.0,21,5,4 mapped MVMU block(s)
resnet50_s5_b3_conv1_1x1,puma_fixed_adc,MVM,0.0,8196.0,22,5,4 mapped MVMU block(s)
resnet50_s5_b3_conv1_1x1,puma_fixed_adc,MVM,0.0,8196.0,23,5,4 mapped MVMU block(s)
resnet50_s5_b3_conv1_1x1,puma_fixed_adc,MVM,0.0,8196.0,24,6,4 mapped MVMU block(s)
resnet50_s5_b3_conv1_1x1,puma_fixed_adc,MVM,0.0,8196.0,25,6,4 mapped MVMU block(s)
resnet50_s5_b3_conv1_1x1,puma_fixed_adc,MVM,0.0,8196.0,26,6,4 mapped MVMU block(s)
resnet50_s5_b3_conv1_1x1,puma_fixed_adc,MVM,0.0,8196.0,27,6,4 mapped MVMU block(s)
resnet50_s5_b3_conv1_1x1,puma_fixed_adc,MVM,0.0,8196.0,28,7,4 mapped MVMU block(s)
resnet50_s5_b3_conv1_1x1,puma_fixed_adc,MVM,0.0,8196.0,29,7,4 mapped MVMU block(s)
resnet50_s5_b3_conv1_1x1,puma_fixed_adc,MVM,0.0,8196.0,30,7,4 mapped MVMU block(s)
resnet50_s5_b3_conv1_1x1,puma_fixed_adc,MVM,0.0,8196.0,31,7,4 mapped MVMU block(s)
resnet50_s5_b3_conv1_1x1,puma_fixed_adc,MVM,0.0,8196.0,32,8,4 mapped MVMU block(s)
resnet50_s5_b3_conv1_1x1,puma_fixed_adc,MVM,0.0,8196.0,33,8,4 mapped MVMU block(s)
resnet50_s5_b3_conv1_1x1,puma_fixed_adc,MVM,0.0,8196.0,34,8,4 mapped MVMU block(s)
resnet50_s5_b3_conv1_1x1,puma_fixed_adc,MVM,0.0,8196.0,35,8,4 mapped MVMU block(s)
resnet50_s5_b3_conv1_1x1,puma_fixed_adc,MVM,0.0,8196.0,36,9,4 mapped MVMU block(s)
resnet50_s5_b3_conv1_1x1,puma_fixed_adc,MVM,0.0,8196.0,37,9,4 mapped MVMU block(s)
resnet50_s5_b3_conv1_1x1,puma_fixed_adc,MVM,0.0,8196.0,38,9,4 mapped MVMU block(s)
resnet50_s5_b3_conv1_1x1,puma_fixed_adc,MVM,0.0,8196.0,39,9,4 mapped MVMU block(s)
resnet50_s5_b3_conv1_1x1,puma_fixed_adc,MVM,0.0,8196.0,40,10,4 mapped MVMU block(s)
resnet50_s5_b3_conv1_1x1,puma_fixed_adc,MVM,0.0,8196.0,41,10,4 mapped MVMU block(s)
resnet50_s5_b3_conv1_1x1,puma_fixed_adc,MVM,0.0,8196.0,42,10,4 mapped MVMU block(s)
resnet50_s5_b3_conv1_1x1,puma_fixed_adc,MVM,0.0,8196.0,43,10,4 mapped MVMU block(s)
resnet50_s5_b3_conv1_1x1,puma_fixed_adc,MVM,0.0,8196.0,44,11,4 mapped MVMU block(s)
resnet50_s5_b3_conv1_1x1,puma_fixed_adc,MVM,0.0,8196.0,45,11,4 mapped MVMU block(s)
resnet50_s5_b3_conv1_1x1,puma_fixed_adc,MVM,0.0,8196.0,46,11,4 mapped MVMU block(s)
resnet50_s5_b3_conv1_1x1,puma_fixed_adc,MVM,0.0,8196.0,47,11,4 mapped MVMU block(s)
resnet50_s5_b3_conv1_1x1,puma_fixed_adc,MVM,0.0,8196.0,48,12,4 mapped MVMU block(s)
resnet50_s5_b3_conv1_1x1,puma_fixed_adc,MVM,0.0,8196.0,49,12,4 mapped MVMU block(s)
resnet50_s5_b3_conv1_1x1,puma_fixed_adc,MVM,0.0,8196.0,50,12,4 mapped MVMU block(s)
resnet50_s5_b3_conv1_1x1,puma_fixed_adc,MVM,0.0,8196.0,51,12,4 mapped MVMU block(s)
resnet50_s5_b3_conv1_1x1,puma_fixed_adc,MVM,0.0,8196.0,52,13,4 mapped MVMU block(s)
resnet50_s5_b3_conv1_1x1,puma_fixed_adc,MVM,0.0,8196.0,53,13,4 mapped MVMU block(s)
resnet50_s5_b3_conv1_1x1,puma_fixed_adc,MVM,0.0,8196.0,54,13,4 mapped MVMU block(s)
resnet50_s5_b3_conv1_1x1,puma_fixed_adc,MVM,0.0,8196.0,55,13,4 mapped MVMU block(s)
resnet50_s5_b3_conv1_1x1,puma_fixed_adc,MVM,0.0,8196.0,56,14,4 mapped MVMU block(s)
resnet50_s5_b3_conv1_1x1,puma_fixed_adc,MVM,0.0,8196.0,57,14,4 mapped MVMU block(s)
resnet50_s5_b3_conv1_1x1,puma_fixed_adc,MVM,0.0,8196.0,58,14,4 mapped MVMU block(s)
resnet50_s5_b3_conv1_1x1,puma_fixed_adc,MVM,0.0,8196.0,59,14,4 mapped MVMU block(s)
resnet50_s5_b3_conv1_1x1,puma_fixed_adc,MVM,0.0,8196.0,60,15,4 mapped MVMU block(s)
resnet50_s5_b3_conv1_1x1,puma_fixed_adc,MVM,0.0,8196.0,61,15,4 mapped MVMU block(s)
resnet50_s5_b3_conv1_1x1,puma_fixed_adc,MVM,0.0,8196.0,62,15,4 mapped MVMU block(s)
resnet50_s5_b3_conv1_1x1,puma_fixed_adc,MVM,0.0,8196.0,63,15,4 mapped MVMU block(s)
resnet50_s5_b3_conv1_1x1,puma_fixed_adc,CHAIN_REDUCE,8196.0,11676.0,,,"64 core(s), 16 tile(s)"
resnet50_s5_b3_conv2_3x3,puma_fixed_adc,MVM,0.0,8196.0,0,0,4 mapped MVMU block(s)
resnet50_s5_b3_conv2_3x3,puma_fixed_adc,MVM,0.0,8196.0,1,0,4 mapped MVMU block(s)
resnet50_s5_b3_conv2_3x3,puma_fixed_adc,MVM,0.0,8196.0,2,0,4 mapped MVMU block(s)
resnet50_s5_b3_conv2_3x3,puma_fixed_adc,MVM,0.0,8196.0,3,0,4 mapped MVMU block(s)
resnet50_s5_b3_conv2_3x3,puma_fixed_adc,MVM,0.0,8196.0,4,1,4 mapped MVMU block(s)
resnet50_s5_b3_conv2_3x3,puma_fixed_adc,MVM,0.0,8196.0,5,1,4 mapped MVMU block(s)
resnet50_s5_b3_conv2_3x3,puma_fixed_adc,MVM,0.0,8196.0,6,1,4 mapped MVMU block(s)
resnet50_s5_b3_conv2_3x3,puma_fixed_adc,MVM,0.0,8196.0,7,1,4 mapped MVMU block(s)
resnet50_s5_b3_conv2_3x3,puma_fixed_adc,MVM,0.0,8196.0,8,2,4 mapped MVMU block(s)
resnet50_s5_b3_conv2_3x3,puma_fixed_adc,MVM,0.0,8196.0,9,2,4 mapped MVMU block(s)
resnet50_s5_b3_conv2_3x3,puma_fixed_adc,MVM,0.0,8196.0,10,2,4 mapped MVMU block(s)
resnet50_s5_b3_conv2_3x3,puma_fixed_adc,MVM,0.0,8196.0,11,2,4 mapped MVMU block(s)
resnet50_s5_b3_conv2_3x3,puma_fixed_adc,MVM,0.0,8196.0,12,3,4 mapped MVMU block(s)
resnet50_s5_b3_conv2_3x3,puma_fixed_adc,MVM,0.0,8196.0,13,3,4 mapped MVMU block(s)
resnet50_s5_b3_conv2_3x3,puma_fixed_adc,MVM,0.0,8196.0,14,3,4 mapped MVMU block(s)
resnet50_s5_b3_conv2_3x3,puma_fixed_adc,MVM,0.0,8196.0,15,3,4 mapped MVMU block(s)
resnet50_s5_b3_conv2_3x3,puma_fixed_adc,MVM,0.0,8196.0,16,4,4 mapped MVMU block(s)
resnet50_s5_b3_conv2_3x3,puma_fixed_adc,MVM,0.0,8196.0,17,4,4 mapped MVMU block(s)
resnet50_s5_b3_conv2_3x3,puma_fixed_adc,MVM,0.0,8196.0,18,4,4 mapped MVMU block(s)
resnet50_s5_b3_conv2_3x3,puma_fixed_adc,MVM,0.0,8196.0,19,4,4 mapped MVMU block(s)
resnet50_s5_b3_conv2_3x3,puma_fixed_adc,MVM,0.0,8196.0,20,5,4 mapped MVMU block(s)
resnet50_s5_b3_conv2_3x3,puma_fixed_adc,MVM,0.0,8196.0,21,5,4 mapped MVMU block(s)
resnet50_s5_b3_conv2_3x3,puma_fixed_adc,MVM,0.0,8196.0,22,5,4 mapped MVMU block(s)
resnet50_s5_b3_conv2_3x3,puma_fixed_adc,MVM,0.0,8196.0,23,5,4 mapped MVMU block(s)
resnet50_s5_b3_conv2_3x3,puma_fixed_adc,MVM,0.0,8196.0,24,6,4 mapped MVMU block(s)
resnet50_s5_b3_conv2_3x3,puma_fixed_adc,MVM,0.0,8196.0,25,6,4 mapped MVMU block(s)
resnet50_s5_b3_conv2_3x3,puma_fixed_adc,MVM,0.0,8196.0,26,6,4 mapped MVMU block(s)
resnet50_s5_b3_conv2_3x3,puma_fixed_adc,MVM,0.0,8196.0,27,6,4 mapped MVMU block(s)
resnet50_s5_b3_conv2_3x3,puma_fixed_adc,MVM,0.0,8196.0,28,7,4 mapped MVMU block(s)
resnet50_s5_b3_conv2_3x3,puma_fixed_adc,MVM,0.0,8196.0,29,7,4 mapped MVMU block(s)
resnet50_s5_b3_conv2_3x3,puma_fixed_adc,MVM,0.0,8196.0,30,7,4 mapped MVMU block(s)
resnet50_s5_b3_conv2_3x3,puma_fixed_adc,MVM,0.0,8196.0,31,7,4 mapped MVMU block(s)
resnet50_s5_b3_conv2_3x3,puma_fixed_adc,MVM,0.0,8196.0,32,8,4 mapped MVMU block(s)
resnet50_s5_b3_conv2_3x3,puma_fixed_adc,MVM,0.0,8196.0,33,8,4 mapped MVMU block(s)
resnet50_s5_b3_conv2_3x3,puma_fixed_adc,MVM,0.0,8196.0,34,8,4 mapped MVMU block(s)
resnet50_s5_b3_conv2_3x3,puma_fixed_adc,MVM,0.0,8196.0,35,8,4 mapped MVMU block(s)
resnet50_s5_b3_conv2_3x3,puma_fixed_adc,MVM,0.0,8196.0,36,9,4 mapped MVMU block(s)
resnet50_s5_b3_conv2_3x3,puma_fixed_adc,MVM,0.0,8196.0,37,9,4 mapped MVMU block(s)
resnet50_s5_b3_conv2_3x3,puma_fixed_adc,MVM,0.0,8196.0,38,9,4 mapped MVMU block(s)
resnet50_s5_b3_conv2_3x3,puma_fixed_adc,MVM,0.0,8196.0,39,9,4 mapped MVMU block(s)
resnet50_s5_b3_conv2_3x3,puma_fixed_adc,MVM,0.0,8196.0,40,10,4 mapped MVMU block(s)
resnet50_s5_b3_conv2_3x3,puma_fixed_adc,MVM,0.0,8196.0,41,10,4 mapped MVMU block(s)
resnet50_s5_b3_conv2_3x3,puma_fixed_adc,MVM,0.0,8196.0,42,10,4 mapped MVMU block(s)
resnet50_s5_b3_conv2_3x3,puma_fixed_adc,MVM,0.0,8196.0,43,10,4 mapped MVMU block(s)
resnet50_s5_b3_conv2_3x3,puma_fixed_adc,MVM,0.0,8196.0,44,11,4 mapped MVMU block(s)
resnet50_s5_b3_conv2_3x3,puma_fixed_adc,MVM,0.0,8196.0,45,11,4 mapped MVMU block(s)
resnet50_s5_b3_conv2_3x3,puma_fixed_adc,MVM,0.0,8196.0,46,11,4 mapped MVMU block(s)
resnet50_s5_b3_conv2_3x3,puma_fixed_adc,MVM,0.0,8196.0,47,11,4 mapped MVMU block(s)
resnet50_s5_b3_conv2_3x3,puma_fixed_adc,MVM,0.0,8196.0,48,12,4 mapped MVMU block(s)
resnet50_s5_b3_conv2_3x3,puma_fixed_adc,MVM,0.0,8196.0,49,12,4 mapped MVMU block(s)
resnet50_s5_b3_conv2_3x3,puma_fixed_adc,MVM,0.0,8196.0,50,12,4 mapped MVMU block(s)
resnet50_s5_b3_conv2_3x3,puma_fixed_adc,MVM,0.0,8196.0,51,12,4 mapped MVMU block(s)
resnet50_s5_b3_conv2_3x3,puma_fixed_adc,MVM,0.0,8196.0,52,13,4 mapped MVMU block(s)
resnet50_s5_b3_conv2_3x3,puma_fixed_adc,MVM,0.0,8196.0,53,13,4 mapped MVMU block(s)
resnet50_s5_b3_conv2_3x3,puma_fixed_adc,MVM,0.0,8196.0,54,13,4 mapped MVMU block(s)
resnet50_s5_b3_conv2_3x3,puma_fixed_adc,MVM,0.0,8196.0,55,13,4 mapped MVMU block(s)
resnet50_s5_b3_conv2_3x3,puma_fixed_adc,MVM,0.0,8196.0,56,14,4 mapped MVMU block(s)
resnet50_s5_b3_conv2_3x3,puma_fixed_adc,MVM,0.0,8196.0,57,14,4 mapped MVMU block(s)
resnet50_s5_b3_conv2_3x3,puma_fixed_adc,MVM,0.0,8196.0,58,14,4 mapped MVMU block(s)
resnet50_s5_b3_conv2_3x3,puma_fixed_adc,MVM,0.0,8196.0,59,14,4 mapped MVMU block(s)
resnet50_s5_b3_conv2_3x3,puma_fixed_adc,MVM,0.0,8196.0,60,15,4 mapped MVMU block(s)
resnet50_s5_b3_conv2_3x3,puma_fixed_adc,MVM,0.0,8196.0,61,15,4 mapped MVMU block(s)
resnet50_s5_b3_conv2_3x3,puma_fixed_adc,MVM,0.0,8196.0,62,15,4 mapped MVMU block(s)
resnet50_s5_b3_conv2_3x3,puma_fixed_adc,MVM,0.0,8196.0,63,15,4 mapped MVMU block(s)
resnet50_s5_b3_conv2_3x3,puma_fixed_adc,MVM,0.0,8196.0,64,16,4 mapped MVMU block(s)
resnet50_s5_b3_conv2_3x3,puma_fixed_adc,MVM,0.0,8196.0,65,16,4 mapped MVMU block(s)
resnet50_s5_b3_conv2_3x3,puma_fixed_adc,MVM,0.0,8196.0,66,16,4 mapped MVMU block(s)
resnet50_s5_b3_conv2_3x3,puma_fixed_adc,MVM,0.0,8196.0,67,16,4 mapped MVMU block(s)
resnet50_s5_b3_conv2_3x3,puma_fixed_adc,MVM,0.0,8196.0,68,17,4 mapped MVMU block(s)
resnet50_s5_b3_conv2_3x3,puma_fixed_adc,MVM,0.0,8196.0,69,17,4 mapped MVMU block(s)
resnet50_s5_b3_conv2_3x3,puma_fixed_adc,MVM,0.0,8196.0,70,17,4 mapped MVMU block(s)
resnet50_s5_b3_conv2_3x3,puma_fixed_adc,MVM,0.0,8196.0,71,17,4 mapped MVMU block(s)
resnet50_s5_b3_conv2_3x3,puma_fixed_adc,MVM,0.0,8196.0,72,18,4 mapped MVMU block(s)
resnet50_s5_b3_conv2_3x3,puma_fixed_adc,MVM,0.0,8196.0,73,18,4 mapped MVMU block(s)
resnet50_s5_b3_conv2_3x3,puma_fixed_adc,MVM,0.0,8196.0,74,18,4 mapped MVMU block(s)
resnet50_s5_b3_conv2_3x3,puma_fixed_adc,MVM,0.0,8196.0,75,18,4 mapped MVMU block(s)
resnet50_s5_b3_conv2_3x3,puma_fixed_adc,MVM,0.0,8196.0,76,19,4 mapped MVMU block(s)
resnet50_s5_b3_conv2_3x3,puma_fixed_adc,MVM,0.0,8196.0,77,19,4 mapped MVMU block(s)
resnet50_s5_b3_conv2_3x3,puma_fixed_adc,MVM,0.0,8196.0,78,19,4 mapped MVMU block(s)
resnet50_s5_b3_conv2_3x3,puma_fixed_adc,MVM,0.0,8196.0,79,19,4 mapped MVMU block(s)
resnet50_s5_b3_conv2_3x3,puma_fixed_adc,MVM,0.0,8196.0,80,20,4 mapped MVMU block(s)
resnet50_s5_b3_conv2_3x3,puma_fixed_adc,MVM,0.0,8196.0,81,20,4 mapped MVMU block(s)
resnet50_s5_b3_conv2_3x3,puma_fixed_adc,MVM,0.0,8196.0,82,20,4 mapped MVMU block(s)
resnet50_s5_b3_conv2_3x3,puma_fixed_adc,MVM,0.0,8196.0,83,20,4 mapped MVMU block(s)
resnet50_s5_b3_conv2_3x3,puma_fixed_adc,MVM,0.0,8196.0,84,21,4 mapped MVMU block(s)
resnet50_s5_b3_conv2_3x3,puma_fixed_adc,MVM,0.0,8196.0,85,21,4 mapped MVMU block(s)
resnet50_s5_b3_conv2_3x3,puma_fixed_adc,MVM,0.0,8196.0,86,21,4 mapped MVMU block(s)
resnet50_s5_b3_conv2_3x3,puma_fixed_adc,MVM,0.0,8196.0,87,21,4 mapped MVMU block(s)
resnet50_s5_b3_conv2_3x3,puma_fixed_adc,MVM,0.0,8196.0,88,22,4 mapped MVMU block(s)
resnet50_s5_b3_conv2_3x3,puma_fixed_adc,MVM,0.0,8196.0,89,22,4 mapped MVMU block(s)
resnet50_s5_b3_conv2_3x3,puma_fixed_adc,MVM,0.0,8196.0,90,22,4 mapped MVMU block(s)
resnet50_s5_b3_conv2_3x3,puma_fixed_adc,MVM,0.0,8196.0,91,22,4 mapped MVMU block(s)
resnet50_s5_b3_conv2_3x3,puma_fixed_adc,MVM,0.0,8196.0,92,23,4 mapped MVMU block(s)
resnet50_s5_b3_conv2_3x3,puma_fixed_adc,MVM,0.0,8196.0,93,23,4 mapped MVMU block(s)
resnet50_s5_b3_conv2_3x3,puma_fixed_adc,MVM,0.0,8196.0,94,23,4 mapped MVMU block(s)
resnet50_s5_b3_conv2_3x3,puma_fixed_adc,MVM,0.0,8196.0,95,23,4 mapped MVMU block(s)
resnet50_s5_b3_conv2_3x3,puma_fixed_adc,MVM,0.0,8196.0,96,24,4 mapped MVMU block(s)
resnet50_s5_b3_conv2_3x3,puma_fixed_adc,MVM,0.0,8196.0,97,24,4 mapped MVMU block(s)
resnet50_s5_b3_conv2_3x3,puma_fixed_adc,MVM,0.0,8196.0,98,24,4 mapped MVMU block(s)
resnet50_s5_b3_conv2_3x3,puma_fixed_adc,MVM,0.0,8196.0,99,24,4 mapped MVMU block(s)
resnet50_s5_b3_conv2_3x3,puma_fixed_adc,MVM,0.0,8196.0,100,25,4 mapped MVMU block(s)
resnet50_s5_b3_conv2_3x3,puma_fixed_adc,MVM,0.0,8196.0,101,25,4 mapped MVMU block(s)
resnet50_s5_b3_conv2_3x3,puma_fixed_adc,MVM,0.0,8196.0,102,25,4 mapped MVMU block(s)
resnet50_s5_b3_conv2_3x3,puma_fixed_adc,MVM,0.0,8196.0,103,25,4 mapped MVMU block(s)
resnet50_s5_b3_conv2_3x3,puma_fixed_adc,MVM,0.0,8196.0,104,26,4 mapped MVMU block(s)
resnet50_s5_b3_conv2_3x3,puma_fixed_adc,MVM,0.0,8196.0,105,26,4 mapped MVMU block(s)
resnet50_s5_b3_conv2_3x3,puma_fixed_adc,MVM,0.0,8196.0,106,26,4 mapped MVMU block(s)
resnet50_s5_b3_conv2_3x3,puma_fixed_adc,MVM,0.0,8196.0,107,26,4 mapped MVMU block(s)
resnet50_s5_b3_conv2_3x3,puma_fixed_adc,MVM,0.0,8196.0,108,27,4 mapped MVMU block(s)
resnet50_s5_b3_conv2_3x3,puma_fixed_adc,MVM,0.0,8196.0,109,27,4 mapped MVMU block(s)
resnet50_s5_b3_conv2_3x3,puma_fixed_adc,MVM,0.0,8196.0,110,27,4 mapped MVMU block(s)
resnet50_s5_b3_conv2_3x3,puma_fixed_adc,MVM,0.0,8196.0,111,27,4 mapped MVMU block(s)
resnet50_s5_b3_conv2_3x3,puma_fixed_adc,MVM,0.0,8196.0,112,28,4 mapped MVMU block(s)
resnet50_s5_b3_conv2_3x3,puma_fixed_adc,MVM,0.0,8196.0,113,28,4 mapped MVMU block(s)
resnet50_s5_b3_conv2_3x3,puma_fixed_adc,MVM,0.0,8196.0,114,28,4 mapped MVMU block(s)
resnet50_s5_b3_conv2_3x3,puma_fixed_adc,MVM,0.0,8196.0,115,28,4 mapped MVMU block(s)
resnet50_s5_b3_conv2_3x3,puma_fixed_adc,MVM,0.0,8196.0,116,29,4 mapped MVMU block(s)
resnet50_s5_b3_conv2_3x3,puma_fixed_adc,MVM,0.0,8196.0,117,29,4 mapped MVMU block(s)
resnet50_s5_b3_conv2_3x3,puma_fixed_adc,MVM,0.0,8196.0,118,29,4 mapped MVMU block(s)
resnet50_s5_b3_conv2_3x3,puma_fixed_adc,MVM,0.0,8196.0,119,29,4 mapped MVMU block(s)
resnet50_s5_b3_conv2_3x3,puma_fixed_adc,MVM,0.0,8196.0,120,30,4 mapped MVMU block(s)
resnet50_s5_b3_conv2_3x3,puma_fixed_adc,MVM,0.0,8196.0,121,30,4 mapped MVMU block(s)
resnet50_s5_b3_conv2_3x3,puma_fixed_adc,MVM,0.0,8196.0,122,30,4 mapped MVMU block(s)
resnet50_s5_b3_conv2_3x3,puma_fixed_adc,MVM,0.0,8196.0,123,30,4 mapped MVMU block(s)
resnet50_s5_b3_conv2_3x3,puma_fixed_adc,MVM,0.0,8196.0,124,31,4 mapped MVMU block(s)
resnet50_s5_b3_conv2_3x3,puma_fixed_adc,MVM,0.0,8196.0,125,31,4 mapped MVMU block(s)
resnet50_s5_b3_conv2_3x3,puma_fixed_adc,MVM,0.0,8196.0,126,31,4 mapped MVMU block(s)
resnet50_s5_b3_conv2_3x3,puma_fixed_adc,MVM,0.0,8196.0,127,31,4 mapped MVMU block(s)
resnet50_s5_b3_conv2_3x3,puma_fixed_adc,MVM,0.0,8196.0,128,32,4 mapped MVMU block(s)
resnet50_s5_b3_conv2_3x3,puma_fixed_adc,MVM,0.0,8196.0,129,32,4 mapped MVMU block(s)
resnet50_s5_b3_conv2_3x3,puma_fixed_adc,MVM,0.0,8196.0,130,32,4 mapped MVMU block(s)
resnet50_s5_b3_conv2_3x3,puma_fixed_adc,MVM,0.0,8196.0,131,32,4 mapped MVMU block(s)
resnet50_s5_b3_conv2_3x3,puma_fixed_adc,MVM,0.0,8196.0,132,33,4 mapped MVMU block(s)
resnet50_s5_b3_conv2_3x3,puma_fixed_adc,MVM,0.0,8196.0,133,33,4 mapped MVMU block(s)
resnet50_s5_b3_conv2_3x3,puma_fixed_adc,MVM,0.0,8196.0,134,33,4 mapped MVMU block(s)
resnet50_s5_b3_conv2_3x3,puma_fixed_adc,MVM,0.0,8196.0,135,33,4 mapped MVMU block(s)
resnet50_s5_b3_conv2_3x3,puma_fixed_adc,MVM,0.0,8196.0,136,34,4 mapped MVMU block(s)
resnet50_s5_b3_conv2_3x3,puma_fixed_adc,MVM,0.0,8196.0,137,34,4 mapped MVMU block(s)
resnet50_s5_b3_conv2_3x3,puma_fixed_adc,MVM,0.0,8196.0,138,34,4 mapped MVMU block(s)
resnet50_s5_b3_conv2_3x3,puma_fixed_adc,MVM,0.0,8196.0,139,34,4 mapped MVMU block(s)
resnet50_s5_b3_conv2_3x3,puma_fixed_adc,MVM,0.0,8196.0,140,35,4 mapped MVMU block(s)
resnet50_s5_b3_conv2_3x3,puma_fixed_adc,MVM,0.0,8196.0,141,35,4 mapped MVMU block(s)
resnet50_s5_b3_conv2_3x3,puma_fixed_adc,MVM,0.0,8196.0,142,35,4 mapped MVMU block(s)
resnet50_s5_b3_conv2_3x3,puma_fixed_adc,MVM,0.0,8196.0,143,35,4 mapped MVMU block(s)
resnet50_s5_b3_conv2_3x3,puma_fixed_adc,CHAIN_REDUCE,8196.0,16156.0,,,"144 core(s), 36 tile(s)"
resnet50_s5_b3_conv3_1x1,puma_fixed_adc,MVM,0.0,8196.0,0,0,4 mapped MVMU block(s)
resnet50_s5_b3_conv3_1x1,puma_fixed_adc,MVM,0.0,8196.0,1,0,4 mapped MVMU block(s)
resnet50_s5_b3_conv3_1x1,puma_fixed_adc,MVM,0.0,8196.0,2,0,4 mapped MVMU block(s)
resnet50_s5_b3_conv3_1x1,puma_fixed_adc,MVM,0.0,8196.0,3,0,4 mapped MVMU block(s)
resnet50_s5_b3_conv3_1x1,puma_fixed_adc,MVM,0.0,8196.0,4,1,4 mapped MVMU block(s)
resnet50_s5_b3_conv3_1x1,puma_fixed_adc,MVM,0.0,8196.0,5,1,4 mapped MVMU block(s)
resnet50_s5_b3_conv3_1x1,puma_fixed_adc,MVM,0.0,8196.0,6,1,4 mapped MVMU block(s)
resnet50_s5_b3_conv3_1x1,puma_fixed_adc,MVM,0.0,8196.0,7,1,4 mapped MVMU block(s)
resnet50_s5_b3_conv3_1x1,puma_fixed_adc,MVM,0.0,8196.0,8,2,4 mapped MVMU block(s)
resnet50_s5_b3_conv3_1x1,puma_fixed_adc,MVM,0.0,8196.0,9,2,4 mapped MVMU block(s)
resnet50_s5_b3_conv3_1x1,puma_fixed_adc,MVM,0.0,8196.0,10,2,4 mapped MVMU block(s)
resnet50_s5_b3_conv3_1x1,puma_fixed_adc,MVM,0.0,8196.0,11,2,4 mapped MVMU block(s)
resnet50_s5_b3_conv3_1x1,puma_fixed_adc,MVM,0.0,8196.0,12,3,4 mapped MVMU block(s)
resnet50_s5_b3_conv3_1x1,puma_fixed_adc,MVM,0.0,8196.0,13,3,4 mapped MVMU block(s)
resnet50_s5_b3_conv3_1x1,puma_fixed_adc,MVM,0.0,8196.0,14,3,4 mapped MVMU block(s)
resnet50_s5_b3_conv3_1x1,puma_fixed_adc,MVM,0.0,8196.0,15,3,4 mapped MVMU block(s)
resnet50_s5_b3_conv3_1x1,puma_fixed_adc,MVM,0.0,8196.0,16,4,4 mapped MVMU block(s)
resnet50_s5_b3_conv3_1x1,puma_fixed_adc,MVM,0.0,8196.0,17,4,4 mapped MVMU block(s)
resnet50_s5_b3_conv3_1x1,puma_fixed_adc,MVM,0.0,8196.0,18,4,4 mapped MVMU block(s)
resnet50_s5_b3_conv3_1x1,puma_fixed_adc,MVM,0.0,8196.0,19,4,4 mapped MVMU block(s)
resnet50_s5_b3_conv3_1x1,puma_fixed_adc,MVM,0.0,8196.0,20,5,4 mapped MVMU block(s)
resnet50_s5_b3_conv3_1x1,puma_fixed_adc,MVM,0.0,8196.0,21,5,4 mapped MVMU block(s)
resnet50_s5_b3_conv3_1x1,puma_fixed_adc,MVM,0.0,8196.0,22,5,4 mapped MVMU block(s)
resnet50_s5_b3_conv3_1x1,puma_fixed_adc,MVM,0.0,8196.0,23,5,4 mapped MVMU block(s)
resnet50_s5_b3_conv3_1x1,puma_fixed_adc,MVM,0.0,8196.0,24,6,4 mapped MVMU block(s)
resnet50_s5_b3_conv3_1x1,puma_fixed_adc,MVM,0.0,8196.0,25,6,4 mapped MVMU block(s)
resnet50_s5_b3_conv3_1x1,puma_fixed_adc,MVM,0.0,8196.0,26,6,4 mapped MVMU block(s)
resnet50_s5_b3_conv3_1x1,puma_fixed_adc,MVM,0.0,8196.0,27,6,4 mapped MVMU block(s)
resnet50_s5_b3_conv3_1x1,puma_fixed_adc,MVM,0.0,8196.0,28,7,4 mapped MVMU block(s)
resnet50_s5_b3_conv3_1x1,puma_fixed_adc,MVM,0.0,8196.0,29,7,4 mapped MVMU block(s)
resnet50_s5_b3_conv3_1x1,puma_fixed_adc,MVM,0.0,8196.0,30,7,4 mapped MVMU block(s)
resnet50_s5_b3_conv3_1x1,puma_fixed_adc,MVM,0.0,8196.0,31,7,4 mapped MVMU block(s)
resnet50_s5_b3_conv3_1x1,puma_fixed_adc,MVM,0.0,8196.0,32,8,4 mapped MVMU block(s)
resnet50_s5_b3_conv3_1x1,puma_fixed_adc,MVM,0.0,8196.0,33,8,4 mapped MVMU block(s)
resnet50_s5_b3_conv3_1x1,puma_fixed_adc,MVM,0.0,8196.0,34,8,4 mapped MVMU block(s)
resnet50_s5_b3_conv3_1x1,puma_fixed_adc,MVM,0.0,8196.0,35,8,4 mapped MVMU block(s)
resnet50_s5_b3_conv3_1x1,puma_fixed_adc,MVM,0.0,8196.0,36,9,4 mapped MVMU block(s)
resnet50_s5_b3_conv3_1x1,puma_fixed_adc,MVM,0.0,8196.0,37,9,4 mapped MVMU block(s)
resnet50_s5_b3_conv3_1x1,puma_fixed_adc,MVM,0.0,8196.0,38,9,4 mapped MVMU block(s)
resnet50_s5_b3_conv3_1x1,puma_fixed_adc,MVM,0.0,8196.0,39,9,4 mapped MVMU block(s)
resnet50_s5_b3_conv3_1x1,puma_fixed_adc,MVM,0.0,8196.0,40,10,4 mapped MVMU block(s)
resnet50_s5_b3_conv3_1x1,puma_fixed_adc,MVM,0.0,8196.0,41,10,4 mapped MVMU block(s)
resnet50_s5_b3_conv3_1x1,puma_fixed_adc,MVM,0.0,8196.0,42,10,4 mapped MVMU block(s)
resnet50_s5_b3_conv3_1x1,puma_fixed_adc,MVM,0.0,8196.0,43,10,4 mapped MVMU block(s)
resnet50_s5_b3_conv3_1x1,puma_fixed_adc,MVM,0.0,8196.0,44,11,4 mapped MVMU block(s)
resnet50_s5_b3_conv3_1x1,puma_fixed_adc,MVM,0.0,8196.0,45,11,4 mapped MVMU block(s)
resnet50_s5_b3_conv3_1x1,puma_fixed_adc,MVM,0.0,8196.0,46,11,4 mapped MVMU block(s)
resnet50_s5_b3_conv3_1x1,puma_fixed_adc,MVM,0.0,8196.0,47,11,4 mapped MVMU block(s)
resnet50_s5_b3_conv3_1x1,puma_fixed_adc,MVM,0.0,8196.0,48,12,4 mapped MVMU block(s)
resnet50_s5_b3_conv3_1x1,puma_fixed_adc,MVM,0.0,8196.0,49,12,4 mapped MVMU block(s)
resnet50_s5_b3_conv3_1x1,puma_fixed_adc,MVM,0.0,8196.0,50,12,4 mapped MVMU block(s)
resnet50_s5_b3_conv3_1x1,puma_fixed_adc,MVM,0.0,8196.0,51,12,4 mapped MVMU block(s)
resnet50_s5_b3_conv3_1x1,puma_fixed_adc,MVM,0.0,8196.0,52,13,4 mapped MVMU block(s)
resnet50_s5_b3_conv3_1x1,puma_fixed_adc,MVM,0.0,8196.0,53,13,4 mapped MVMU block(s)
resnet50_s5_b3_conv3_1x1,puma_fixed_adc,MVM,0.0,8196.0,54,13,4 mapped MVMU block(s)
resnet50_s5_b3_conv3_1x1,puma_fixed_adc,MVM,0.0,8196.0,55,13,4 mapped MVMU block(s)
resnet50_s5_b3_conv3_1x1,puma_fixed_adc,MVM,0.0,8196.0,56,14,4 mapped MVMU block(s)
resnet50_s5_b3_conv3_1x1,puma_fixed_adc,MVM,0.0,8196.0,57,14,4 mapped MVMU block(s)
resnet50_s5_b3_conv3_1x1,puma_fixed_adc,MVM,0.0,8196.0,58,14,4 mapped MVMU block(s)
resnet50_s5_b3_conv3_1x1,puma_fixed_adc,MVM,0.0,8196.0,59,14,4 mapped MVMU block(s)
resnet50_s5_b3_conv3_1x1,puma_fixed_adc,MVM,0.0,8196.0,60,15,4 mapped MVMU block(s)
resnet50_s5_b3_conv3_1x1,puma_fixed_adc,MVM,0.0,8196.0,61,15,4 mapped MVMU block(s)
resnet50_s5_b3_conv3_1x1,puma_fixed_adc,MVM,0.0,8196.0,62,15,4 mapped MVMU block(s)
resnet50_s5_b3_conv3_1x1,puma_fixed_adc,MVM,0.0,8196.0,63,15,4 mapped MVMU block(s)
resnet50_s5_b3_conv3_1x1,puma_fixed_adc,CHAIN_REDUCE,8196.0,11676.0,,,"64 core(s), 16 tile(s)"
resnet50_stem_7x7,sparse_puma,MVM,0.0,2500.0,0,0,4 mapped MVMU block(s)
resnet50_stem_7x7,sparse_puma,MVM,0.0,2116.0,1,0,4 mapped MVMU block(s)
resnet50_stem_7x7,sparse_puma,MVM,0.0,1796.0,2,0,4 mapped MVMU block(s)
resnet50_stem_7x7,sparse_puma,MVM,0.0,2308.0,3,0,4 mapped MVMU block(s)
resnet50_stem_7x7,sparse_puma,MVM,0.0,1908.0,4,1,4 mapped MVMU block(s)
resnet50_stem_7x7,sparse_puma,MVM,0.0,2276.0,5,1,4 mapped MVMU block(s)
resnet50_stem_7x7,sparse_puma,MVM,0.0,1684.0,6,1,4 mapped MVMU block(s)
resnet50_stem_7x7,sparse_puma,MVM,0.0,1684.0,7,1,4 mapped MVMU block(s)
resnet50_stem_7x7,sparse_puma,MVM,0.0,2276.0,8,2,4 mapped MVMU block(s)
resnet50_stem_7x7,sparse_puma,MVM,0.0,1908.0,9,2,4 mapped MVMU block(s)
resnet50_stem_7x7,sparse_puma,MVM,0.0,2260.0,10,2,4 mapped MVMU block(s)
resnet50_stem_7x7,sparse_puma,MVM,0.0,1860.0,11,2,4 mapped MVMU block(s)
resnet50_stem_7x7,sparse_puma,MVM,0.0,132.0,12,3,1 mapped MVMU block(s)
resnet50_stem_7x7,sparse_puma,CHAIN_REDUCE,2500.0,3172.0,,,"13 core(s), 4 tile(s)"
resnet50_s2_b1_conv1_1x1,sparse_puma,MVM,0.0,7380.0,0,0,1 mapped MVMU block(s)
resnet50_s2_b1_conv1_1x1,sparse_puma,CHAIN_REDUCE,7380.0,7380.0,,,"1 core(s), 1 tile(s)"
resnet50_s2_b1_conv2_3x3,sparse_puma,MVM,0.0,7476.0,0,0,4 mapped MVMU block(s)
resnet50_s2_b1_conv2_3x3,sparse_puma,MVM,0.0,7028.0,1,0,4 mapped MVMU block(s)
resnet50_s2_b1_conv2_3x3,sparse_puma,MVM,0.0,6452.0,2,0,1 mapped MVMU block(s)
resnet50_s2_b1_conv2_3x3,sparse_puma,CHAIN_REDUCE,7476.0,7556.0,,,"3 core(s), 1 tile(s)"
resnet50_s2_b1_conv3_1x1,sparse_puma,MVM,0.0,7556.0,0,0,4 mapped MVMU block(s)
resnet50_s2_b1_conv3_1x1,sparse_puma,CHAIN_REDUCE,7556.0,7556.0,,,"1 core(s), 1 tile(s)"
resnet50_s2_b1_projection_1x1,sparse_puma,MVM,0.0,7396.0,0,0,4 mapped MVMU block(s)
resnet50_s2_b1_projection_1x1,sparse_puma,CHAIN_REDUCE,7396.0,7396.0,,,"1 core(s), 1 tile(s)"
resnet50_s2_b2_conv1_1x1,sparse_puma,MVM,0.0,7540.0,0,0,4 mapped MVMU block(s)
resnet50_s2_b2_conv1_1x1,sparse_puma,CHAIN_REDUCE,7540.0,7540.0,,,"1 core(s), 1 tile(s)"
resnet50_s2_b2_conv2_3x3,sparse_puma,MVM,0.0,7476.0,0,0,4 mapped MVMU block(s)
resnet50_s2_b2_conv2_3x3,sparse_puma,MVM,0.0,7092.0,1,0,4 mapped MVMU block(s)
resnet50_s2_b2_conv2_3x3,sparse_puma,MVM,0.0,6628.0,2,0,1 mapped MVMU block(s)
resnet50_s2_b2_conv2_3x3,sparse_puma,CHAIN_REDUCE,7476.0,7556.0,,,"3 core(s), 1 tile(s)"
resnet50_s2_b2_conv3_1x1,sparse_puma,MVM,0.0,7460.0,0,0,4 mapped MVMU block(s)
resnet50_s2_b2_conv3_1x1,sparse_puma,CHAIN_REDUCE,7460.0,7460.0,,,"1 core(s), 1 tile(s)"
resnet50_s2_b3_conv1_1x1,sparse_puma,MVM,0.0,7428.0,0,0,4 mapped MVMU block(s)
resnet50_s2_b3_conv1_1x1,sparse_puma,CHAIN_REDUCE,7428.0,7428.0,,,"1 core(s), 1 tile(s)"
resnet50_s2_b3_conv2_3x3,sparse_puma,MVM,0.0,7476.0,0,0,4 mapped MVMU block(s)
resnet50_s2_b3_conv2_3x3,sparse_puma,MVM,0.0,7044.0,1,0,4 mapped MVMU block(s)
resnet50_s2_b3_conv2_3x3,sparse_puma,MVM,0.0,6420.0,2,0,1 mapped MVMU block(s)
resnet50_s2_b3_conv2_3x3,sparse_puma,CHAIN_REDUCE,7476.0,7556.0,,,"3 core(s), 1 tile(s)"
resnet50_s2_b3_conv3_1x1,sparse_puma,MVM,0.0,7476.0,0,0,4 mapped MVMU block(s)
resnet50_s2_b3_conv3_1x1,sparse_puma,CHAIN_REDUCE,7476.0,7476.0,,,"1 core(s), 1 tile(s)"
resnet50_s3_b1_conv1_1x1,sparse_puma,MVM,0.0,7380.0,0,0,4 mapped MVMU block(s)
resnet50_s3_b1_conv1_1x1,sparse_puma,MVM,0.0,7524.0,1,0,4 mapped MVMU block(s)
resnet50_s3_b1_conv1_1x1,sparse_puma,CHAIN_REDUCE,7524.0,7528.0,,,"2 core(s), 1 tile(s)"
resnet50_s3_b1_conv2_3x3,sparse_puma,MVM,0.0,7556.0,0,0,4 mapped MVMU block(s)
resnet50_s3_b1_conv2_3x3,sparse_puma,MVM,0.0,7124.0,1,0,4 mapped MVMU block(s)
resnet50_s3_b1_conv2_3x3,sparse_puma,MVM,0.0,7060.0,2,0,4 mapped MVMU block(s)
resnet50_s3_b1_conv2_3x3,sparse_puma,MVM,0.0,6500.0,3,0,4 mapped MVMU block(s)
resnet50_s3_b1_conv2_3x3,sparse_puma,MVM,0.0,6292.0,4,1,4 mapped MVMU block(s)
resnet50_s3_b1_conv2_3x3,sparse_puma,MVM,0.0,7300.0,5,1,4 mapped MVMU block(s)
resnet50_s3_b1_conv2_3x3,sparse_puma,MVM,0.0,7252.0,6,1,4 mapped MVMU block(s)
resnet50_s3_b1_conv2_3x3,sparse_puma,MVM,0.0,7060.0,7,1,4 mapped MVMU block(s)
resnet50_s3_b1_conv2_3x3,sparse_puma,MVM,0.0,6468.0,8,2,4 mapped MVMU block(s)
resnet50_s3_b1_conv2_3x3,sparse_puma,CHAIN_REDUCE,7556.0,8004.0,,,"9 core(s), 3 tile(s)"
resnet50_s3_b1_conv3_1x1,sparse_puma,MVM,0.0,7444.0,0,0,4 mapped MVMU block(s)
resnet50_s3_b1_conv3_1x1,sparse_puma,MVM,0.0,7492.0,1,0,4 mapped MVMU block(s)
resnet50_s3_b1_conv3_1x1,sparse_puma,MVM,0.0,7364.0,2,0,4 mapped MVMU block(s)
resnet50_s3_b1_conv3_1x1,sparse_puma,MVM,0.0,7396.0,3,0,4 mapped MVMU block(s)
resnet50_s3_b1_conv3_1x1,sparse_puma,CHAIN_REDUCE,7492.0,7576.0,,,"4 core(s), 1 tile(s)"
resnet50_s3_b1_projection_1x1,sparse_puma,MVM,0.0,7428.0,0,0,4 mapped MVMU block(s)
resnet50_s3_b1_projection_1x1,sparse_puma,MVM,0.0,7492.0,1,0,4 mapped MVMU block(s)
resnet50_s3_b1_projection_1x1,sparse_puma,MVM,0.0,7332.0,2,0,4 mapped MVMU block(s)
resnet50_s3_b1_projection_1x1,sparse_puma,MVM,0.0,7556.0,3,0,4 mapped MVMU block(s)
resnet50_s3_b1_projection_1x1,sparse_puma,MVM,0.0,7412.0,4,1,4 mapped MVMU block(s)
resnet50_s3_b1_projection_1x1,sparse_puma,MVM,0.0,7348.0,5,1,4 mapped MVMU block(s)
resnet50_s3_b1_projection_1x1,sparse_puma,MVM,0.0,7428.0,6,1,4 mapped MVMU block(s)
resnet50_s3_b1_projection_1x1,sparse_puma,MVM,0.0,7268.0,7,1,4 mapped MVMU block(s)
resnet50_s3_b1_projection_1x1,sparse_puma,CHAIN_REDUCE,7556.0,7800.0,,,"8 core(s), 2 tile(s)"
resnet50_s3_b2_conv1_1x1,sparse_puma,MVM,0.0,7444.0,0,0,4 mapped MVMU block(s)
resnet50_s3_b2_conv1_1x1,sparse_puma,MVM,0.0,7588.0,1,0,4 mapped MVMU block(s)
resnet50_s3_b2_conv1_1x1,sparse_puma,MVM,0.0,7316.0,2,0,4 mapped MVMU block(s)
resnet50_s3_b2_conv1_1x1,sparse_puma,MVM,0.0,7460.0,3,0,4 mapped MVMU block(s)
resnet50_s3_b2_conv1_1x1,sparse_puma,CHAIN_REDUCE,7588.0,7672.0,,,"4 core(s), 1 tile(s)"
resnet50_s3_b2_conv2_3x3,sparse_puma,MVM,0.0,7508.0,0,0,4 mapped MVMU block(s)
resnet50_s3_b2_conv2_3x3,sparse_puma,MVM,0.0,7156.0,1,0,4 mapped MVMU block(s)
resnet50_s3_b2_conv2_3x3,sparse_puma,MVM,0.0,7060.0,2,0,4 mapped MVMU block(s)
resnet50_s3_b2_conv2_3x3,sparse_puma,MVM,0.0,6292.0,3,0,4 mapped MVMU block(s)
resnet50_s3_b2_conv2_3x3,sparse_puma,MVM,0.0,6308.0,4,1,4 mapped MVMU block(s)
resnet50_s3_b2_conv2_3x3,sparse_puma,MVM,0.0,7268.0,5,1,4 mapped MVMU block(s)
resnet50_s3_b2_conv2_3x3,sparse_puma,MVM,0.0,7236.0,6,1,4 mapped MVMU block(s)
resnet50_s3_b2_conv2_3x3,sparse_puma,MVM,0.0,7092.0,7,1,4 mapped MVMU block(s)
resnet50_s3_b2_conv2_3x3,sparse_puma,MVM,0.0,6436.0,8,2,4 mapped MVMU block(s)
resnet50_s3_b2_conv2_3x3,sparse_puma,CHAIN_REDUCE,7508.0,7956.0,,,"9 core(s), 3 tile(s)"
resnet50_s3_b2_conv3_1x1,sparse_puma,MVM,0.0,7364.0,0,0,4 mapped MVMU block(s)
resnet50_s3_b2_conv3_1x1,sparse_puma,MVM,0.0,7508.0,1,0,4 mapped MVMU block(s)
resnet50_s3_b2_conv3_1x1,sparse_puma,MVM,0.0,7236.0,2,0,4 mapped MVMU block(s)
resnet50_s3_b2_conv3_1x1,sparse_puma,MVM,0.0,7428.0,3,0,4 mapped MVMU block(s)
resnet50_s3_b2_conv3_1x1,sparse_puma,CHAIN_REDUCE,7508.0,7592.0,,,"4 core(s), 1 tile(s)"
resnet50_s3_b3_conv1_1x1,sparse_puma,MVM,0.0,7508.0,0,0,4 mapped MVMU block(s)
resnet50_s3_b3_conv1_1x1,sparse_puma,MVM,0.0,7428.0,1,0,4 mapped MVMU block(s)
resnet50_s3_b3_conv1_1x1,sparse_puma,MVM,0.0,7284.0,2,0,4 mapped MVMU block(s)
resnet50_s3_b3_conv1_1x1,sparse_puma,MVM,0.0,7348.0,3,0,4 mapped MVMU block(s)
resnet50_s3_b3_conv1_1x1,sparse_puma,CHAIN_REDUCE,7508.0,7628.0,,,"4 core(s), 1 tile(s)"
resnet50_s3_b3_conv2_3x3,sparse_puma,MVM,0.0,7428.0,0,0,4 mapped MVMU block(s)
resnet50_s3_b3_conv2_3x3,sparse_puma,MVM,0.0,7140.0,1,0,4 mapped MVMU block(s)
resnet50_s3_b3_conv2_3x3,sparse_puma,MVM,0.0,7076.0,2,0,4 mapped MVMU block(s)
resnet50_s3_b3_conv2_3x3,sparse_puma,MVM,0.0,6372.0,3,0,4 mapped MVMU block(s)
resnet50_s3_b3_conv2_3x3,sparse_puma,MVM,0.0,6244.0,4,1,4 mapped MVMU block(s)
resnet50_s3_b3_conv2_3x3,sparse_puma,MVM,0.0,7252.0,5,1,4 mapped MVMU block(s)
resnet50_s3_b3_conv2_3x3,sparse_puma,MVM,0.0,7316.0,6,1,4 mapped MVMU block(s)
resnet50_s3_b3_conv2_3x3,sparse_puma,MVM,0.0,7108.0,7,1,4 mapped MVMU block(s)
resnet50_s3_b3_conv2_3x3,sparse_puma,MVM,0.0,6516.0,8,2,4 mapped MVMU block(s)
resnet50_s3_b3_conv2_3x3,sparse_puma,CHAIN_REDUCE,7428.0,7876.0,,,"9 core(s), 3 tile(s)"
resnet50_s3_b3_conv3_1x1,sparse_puma,MVM,0.0,7476.0,0,0,4 mapped MVMU block(s)
resnet50_s3_b3_conv3_1x1,sparse_puma,MVM,0.0,7540.0,1,0,4 mapped MVMU block(s)
resnet50_s3_b3_conv3_1x1,sparse_puma,MVM,0.0,7252.0,2,0,4 mapped MVMU block(s)
resnet50_s3_b3_conv3_1x1,sparse_puma,MVM,0.0,7508.0,3,0,4 mapped MVMU block(s)
resnet50_s3_b3_conv3_1x1,sparse_puma,CHAIN_REDUCE,7540.0,7624.0,,,"4 core(s), 1 tile(s)"
resnet50_s3_b4_conv1_1x1,sparse_puma,MVM,0.0,7444.0,0,0,4 mapped MVMU block(s)
resnet50_s3_b4_conv1_1x1,sparse_puma,MVM,0.0,7476.0,1,0,4 mapped MVMU block(s)
resnet50_s3_b4_conv1_1x1,sparse_puma,MVM,0.0,7300.0,2,0,4 mapped MVMU block(s)
resnet50_s3_b4_conv1_1x1,sparse_puma,MVM,0.0,7460.0,3,0,4 mapped MVMU block(s)
resnet50_s3_b4_conv1_1x1,sparse_puma,CHAIN_REDUCE,7476.0,7564.0,,,"4 core(s), 1 tile(s)"
resnet50_s3_b4_conv2_3x3,sparse_puma,MVM,0.0,7348.0,0,0,4 mapped MVMU block(s)
resnet50_s3_b4_conv2_3x3,sparse_puma,MVM,0.0,7140.0,1,0,4 mapped MVMU block(s)
resnet50_s3_b4_conv2_3x3,sparse_puma,MVM,0.0,7108.0,2,0,4 mapped MVMU block(s)
resnet50_s3_b4_conv2_3x3,sparse_puma,MVM,0.0,6372.0,3,0,4 mapped MVMU block(s)
resnet50_s3_b4_conv2_3x3,sparse_puma,MVM,0.0,6340.0,4,1,4 mapped MVMU block(s)
resnet50_s3_b4_conv2_3x3,sparse_puma,MVM,0.0,7332.0,5,1,4 mapped MVMU block(s)
resnet50_s3_b4_conv2_3x3,sparse_puma,MVM,0.0,7220.0,6,1,4 mapped MVMU block(s)
resnet50_s3_b4_conv2_3x3,sparse_puma,MVM,0.0,7044.0,7,1,4 mapped MVMU block(s)
resnet50_s3_b4_conv2_3x3,sparse_puma,MVM,0.0,6372.0,8,2,4 mapped MVMU block(s)
resnet50_s3_b4_conv2_3x3,sparse_puma,CHAIN_REDUCE,7348.0,7796.0,,,"9 core(s), 3 tile(s)"
resnet50_s3_b4_conv3_1x1,sparse_puma,MVM,0.0,7508.0,0,0,4 mapped MVMU block(s)
resnet50_s3_b4_conv3_1x1,sparse_puma,MVM,0.0,7556.0,1,0,4 mapped MVMU block(s)
resnet50_s3_b4_conv3_1x1,sparse_puma,MVM,0.0,7316.0,2,0,4 mapped MVMU block(s)
resnet50_s3_b4_conv3_1x1,sparse_puma,MVM,0.0,7492.0,3,0,4 mapped MVMU block(s)
resnet50_s3_b4_conv3_1x1,sparse_puma,CHAIN_REDUCE,7556.0,7640.0,,,"4 core(s), 1 tile(s)"
resnet50_s4_b1_conv1_1x1,sparse_puma,MVM,0.0,7444.0,0,0,4 mapped MVMU block(s)
resnet50_s4_b1_conv1_1x1,sparse_puma,MVM,0.0,7316.0,1,0,4 mapped MVMU block(s)
resnet50_s4_b1_conv1_1x1,sparse_puma,MVM,0.0,7540.0,2,0,4 mapped MVMU block(s)
resnet50_s4_b1_conv1_1x1,sparse_puma,MVM,0.0,7492.0,3,0,4 mapped MVMU block(s)
resnet50_s4_b1_conv1_1x1,sparse_puma,MVM,0.0,7268.0,4,1,4 mapped MVMU block(s)
resnet50_s4_b1_conv1_1x1,sparse_puma,MVM,0.0,7316.0,5,1,4 mapped MVMU block(s)
resnet50_s4_b1_conv1_1x1,sparse_puma,MVM,0.0,7508.0,6,1,4 mapped MVMU block(s)
resnet50_s4_b1_conv1_1x1,sparse_puma,MVM,0.0,7524.0,7,1,4 mapped MVMU block(s)
resnet50_s4_b1_conv1_1x1,sparse_puma,CHAIN_REDUCE,7540.0,7808.0,,,"8 core(s), 2 tile(s)"
resnet50_s4_b1_conv2_3x3,sparse_puma,MVM,0.0,7476.0,0,0,4 mapped MVMU block(s)
resnet50_s4_b1_conv2_3x3,sparse_puma,MVM,0.0,7300.0,1,0,4 mapped MVMU block(s)
resnet50_s4_b1_conv2_3x3,sparse_puma,MVM,0.0,7428.0,2,0,4 mapped MVMU block(s)
resnet50_s4_b1_conv2_3x3,sparse_puma,MVM,0.0,7492.0,3,0,4 mapped MVMU block(s)
resnet50_s4_b1_conv2_3x3,sparse_puma,MVM,0.0,7156.0,4,1,4 mapped MVMU block(s)
resnet50_s4_b1_conv2_3x3,sparse_puma,MVM,0.0,7204.0,5,1,4 mapped MVMU block(s)
resnet50_s4_b1_conv2_3x3,sparse_puma,MVM,0.0,7204.0,6,1,4 mapped MVMU block(s)
resnet50_s4_b1_conv2_3x3,sparse_puma,MVM,0.0,7156.0,7,1,4 mapped MVMU block(s)
resnet50_s4_b1_conv2_3x3,sparse_puma,MVM,0.0,7124.0,8,2,4 mapped MVMU block(s)
resnet50_s4_b1_conv2_3x3,sparse_puma,MVM,0.0,6820.0,9,2,4 mapped MVMU block(s)
resnet50_s4_b1_conv2_3x3,sparse_puma,MVM,0.0,6916.0,10,2,4 mapped MVMU block(s)
resnet50_s4_b1_conv2_3x3,sparse_puma,MVM,0.0,7060.0,11,2,4 mapped MVMU block(s)
resnet50_s4_b1_conv2_3x3,sparse_puma,MVM,0.0,6500.0,12,3,4 mapped MVMU block(s)
resnet50_s4_b1_conv2_3x3,sparse_puma,MVM,0.0,6692.0,13,3,4 mapped MVMU block(s)
resnet50_s4_b1_conv2_3x3,sparse_puma,MVM,0.0,6820.0,14,3,4 mapped MVMU block(s)
resnet50_s4_b1_conv2_3x3,sparse_puma,MVM,0.0,6372.0,15,3,4 mapped MVMU block(s)
resnet50_s4_b1_conv2_3x3,sparse_puma,MVM,0.0,6276.0,16,4,4 mapped MVMU block(s)
resnet50_s4_b1_conv2_3x3,sparse_puma,MVM,0.0,6292.0,17,4,4 mapped MVMU block(s)
resnet50_s4_b1_conv2_3x3,sparse_puma,MVM,0.0,5876.0,18,4,4 mapped MVMU block(s)
resnet50_s4_b1_conv2_3x3,sparse_puma,MVM,0.0,6276.0,19,4,4 mapped MVMU block(s)
resnet50_s4_b1_conv2_3x3,sparse_puma,MVM,0.0,7236.0,20,5,4 mapped MVMU block(s)
resnet50_s4_b1_conv2_3x3,sparse_puma,MVM,0.0,7348.0,21,5,4 mapped MVMU block(s)
resnet50_s4_b1_conv2_3x3,sparse_puma,MVM,0.0,7412.0,22,5,4 mapped MVMU block(s)
resnet50_s4_b1_conv2_3x3,sparse_puma,MVM,0.0,7396.0,23,5,4 mapped MVMU block(s)
resnet50_s4_b1_conv2_3x3,sparse_puma,MVM,0.0,7252.0,24,6,4 mapped MVMU block(s)
resnet50_s4_b1_conv2_3x3,sparse_puma,MVM,0.0,7316.0,25,6,4 mapped MVMU block(s)
resnet50_s4_b1_conv2_3x3,sparse_puma,MVM,0.0,7140.0,26,6,4 mapped MVMU block(s)
resnet50_s4_b1_conv2_3x3,sparse_puma,MVM,0.0,7108.0,27,6,4 mapped MVMU block(s)
resnet50_s4_b1_conv2_3x3,sparse_puma,MVM,0.0,7124.0,28,7,4 mapped MVMU block(s)
resnet50_s4_b1_conv2_3x3,sparse_puma,MVM,0.0,6884.0,29,7,4 mapped MVMU block(s)
resnet50_s4_b1_conv2_3x3,sparse_puma,MVM,0.0,7076.0,30,7,4 mapped MVMU block(s)
resnet50_s4_b1_conv2_3x3,sparse_puma,MVM,0.0,7060.0,31,7,4 mapped MVMU block(s)
resnet50_s4_b1_conv2_3x3,sparse_puma,MVM,0.0,6404.0,32,8,4 mapped MVMU block(s)
resnet50_s4_b1_conv2_3x3,sparse_puma,MVM,0.0,6708.0,33,8,4 mapped MVMU block(s)
resnet50_s4_b1_conv2_3x3,sparse_puma,MVM,0.0,6740.0,34,8,4 mapped MVMU block(s)
resnet50_s4_b1_conv2_3x3,sparse_puma,MVM,0.0,6452.0,35,8,4 mapped MVMU block(s)
resnet50_s4_b1_conv2_3x3,sparse_puma,CHAIN_REDUCE,7492.0,9388.0,,,"36 core(s), 9 tile(s)"
resnet50_s4_b1_conv3_1x1,sparse_puma,MVM,0.0,7572.0,0,0,4 mapped MVMU block(s)
resnet50_s4_b1_conv3_1x1,sparse_puma,MVM,0.0,7460.0,1,0,4 mapped MVMU block(s)
resnet50_s4_b1_conv3_1x1,sparse_puma,MVM,0.0,7364.0,2,0,4 mapped MVMU block(s)
resnet50_s4_b1_conv3_1x1,sparse_puma,MVM,0.0,7476.0,3,0,4 mapped MVMU block(s)
resnet50_s4_b1_conv3_1x1,sparse_puma,MVM,0.0,7300.0,4,1,4 mapped MVMU block(s)
resnet50_s4_b1_conv3_1x1,sparse_puma,MVM,0.0,7476.0,5,1,4 mapped MVMU block(s)
resnet50_s4_b1_conv3_1x1,sparse_puma,MVM,0.0,7268.0,6,1,4 mapped MVMU block(s)
resnet50_s4_b1_conv3_1x1,sparse_puma,MVM,0.0,7444.0,7,1,4 mapped MVMU block(s)
resnet50_s4_b1_conv3_1x1,sparse_puma,MVM,0.0,7460.0,8,2,4 mapped MVMU block(s)
resnet50_s4_b1_conv3_1x1,sparse_puma,MVM,0.0,7284.0,9,2,4 mapped MVMU block(s)
resnet50_s4_b1_conv3_1x1,sparse_puma,MVM,0.0,7588.0,10,2,4 mapped MVMU block(s)
resnet50_s4_b1_conv3_1x1,sparse_puma,MVM,0.0,7252.0,11,2,4 mapped MVMU block(s)
resnet50_s4_b1_conv3_1x1,sparse_puma,MVM,0.0,7540.0,12,3,4 mapped MVMU block(s)
resnet50_s4_b1_conv3_1x1,sparse_puma,MVM,0.0,7236.0,13,3,4 mapped MVMU block(s)
resnet50_s4_b1_conv3_1x1,sparse_puma,MVM,0.0,7556.0,14,3,4 mapped MVMU block(s)
resnet50_s4_b1_conv3_1x1,sparse_puma,MVM,0.0,7380.0,15,3,4 mapped MVMU block(s)
resnet50_s4_b1_conv3_1x1,sparse_puma,CHAIN_REDUCE,7588.0,8364.0,,,"16 core(s), 4 tile(s)"
resnet50_s4_b1_projection_1x1,sparse_puma,MVM,0.0,7508.0,0,0,4 mapped MVMU block(s)
resnet50_s4_b1_projection_1x1,sparse_puma,MVM,0.0,7412.0,1,0,4 mapped MVMU block(s)
resnet50_s4_b1_projection_1x1,sparse_puma,MVM,0.0,7316.0,2,0,4 mapped MVMU block(s)
resnet50_s4_b1_projection_1x1,sparse_puma,MVM,0.0,7492.0,3,0,4 mapped MVMU block(s)
resnet50_s4_b1_projection_1x1,sparse_puma,MVM,0.0,7220.0,4,1,4 mapped MVMU block(s)
resnet50_s4_b1_projection_1x1,sparse_puma,MVM,0.0,7508.0,5,1,4 mapped MVMU block(s)
resnet50_s4_b1_projection_1x1,sparse_puma,MVM,0.0,7284.0,6,1,4 mapped MVMU block(s)
resnet50_s4_b1_projection_1x1,sparse_puma,MVM,0.0,7380.0,7,1,4 mapped MVMU block(s)
resnet50_s4_b1_projection_1x1,sparse_puma,MVM,0.0,7508.0,8,2,4 mapped MVMU block(s)
resnet50_s4_b1_projection_1x1,sparse_puma,MVM,0.0,7316.0,9,2,4 mapped MVMU block(s)
resnet50_s4_b1_projection_1x1,sparse_puma,MVM,0.0,7524.0,10,2,4 mapped MVMU block(s)
resnet50_s4_b1_projection_1x1,sparse_puma,MVM,0.0,7268.0,11,2,4 mapped MVMU block(s)
resnet50_s4_b1_projection_1x1,sparse_puma,MVM,0.0,7412.0,12,3,4 mapped MVMU block(s)
resnet50_s4_b1_projection_1x1,sparse_puma,MVM,0.0,7252.0,13,3,4 mapped MVMU block(s)
resnet50_s4_b1_projection_1x1,sparse_puma,MVM,0.0,7492.0,14,3,4 mapped MVMU block(s)
resnet50_s4_b1_projection_1x1,sparse_puma,MVM,0.0,7396.0,15,3,4 mapped MVMU block(s)
resnet50_s4_b1_projection_1x1,sparse_puma,MVM,0.0,7204.0,16,4,4 mapped MVMU block(s)
resnet50_s4_b1_projection_1x1,sparse_puma,MVM,0.0,7508.0,17,4,4 mapped MVMU block(s)
resnet50_s4_b1_projection_1x1,sparse_puma,MVM,0.0,7284.0,18,4,4 mapped MVMU block(s)
resnet50_s4_b1_projection_1x1,sparse_puma,MVM,0.0,7476.0,19,4,4 mapped MVMU block(s)
resnet50_s4_b1_projection_1x1,sparse_puma,MVM,0.0,7300.0,20,5,4 mapped MVMU block(s)
resnet50_s4_b1_projection_1x1,sparse_puma,MVM,0.0,7444.0,21,5,4 mapped MVMU block(s)
resnet50_s4_b1_projection_1x1,sparse_puma,MVM,0.0,7524.0,22,5,4 mapped MVMU block(s)
resnet50_s4_b1_projection_1x1,sparse_puma,MVM,0.0,7300.0,23,5,4 mapped MVMU block(s)
resnet50_s4_b1_projection_1x1,sparse_puma,MVM,0.0,7524.0,24,6,4 mapped MVMU block(s)
resnet50_s4_b1_projection_1x1,sparse_puma,MVM,0.0,7332.0,25,6,4 mapped MVMU block(s)
resnet50_s4_b1_projection_1x1,sparse_puma,MVM,0.0,7380.0,26,6,4 mapped MVMU block(s)
resnet50_s4_b1_projection_1x1,sparse_puma,MVM,0.0,7268.0,27,6,4 mapped MVMU block(s)
resnet50_s4_b1_projection_1x1,sparse_puma,MVM,0.0,7428.0,28,7,4 mapped MVMU block(s)
resnet50_s4_b1_projection_1x1,sparse_puma,MVM,0.0,7444.0,29,7,4 mapped MVMU block(s)
resnet50_s4_b1_projection_1x1,sparse_puma,MVM,0.0,7332.0,30,7,4 mapped MVMU block(s)
resnet50_s4_b1_projection_1x1,sparse_puma,MVM,0.0,7476.0,31,7,4 mapped MVMU block(s)
resnet50_s4_b1_projection_1x1,sparse_puma,CHAIN_REDUCE,7524.0,9196.0,,,"32 core(s), 8 tile(s)"
resnet50_s4_b2_conv1_1x1,sparse_puma,MVM,0.0,7604.0,0,0,4 mapped MVMU block(s)
resnet50_s4_b2_conv1_1x1,sparse_puma,MVM,0.0,7348.0,1,0,4 mapped MVMU block(s)
resnet50_s4_b2_conv1_1x1,sparse_puma,MVM,0.0,7460.0,2,0,4 mapped MVMU block(s)
resnet50_s4_b2_conv1_1x1,sparse_puma,MVM,0.0,7476.0,3,0,4 mapped MVMU block(s)
resnet50_s4_b2_conv1_1x1,sparse_puma,MVM,0.0,7252.0,4,1,4 mapped MVMU block(s)
resnet50_s4_b2_conv1_1x1,sparse_puma,MVM,0.0,7332.0,5,1,4 mapped MVMU block(s)
resnet50_s4_b2_conv1_1x1,sparse_puma,MVM,0.0,7492.0,6,1,4 mapped MVMU block(s)
resnet50_s4_b2_conv1_1x1,sparse_puma,MVM,0.0,7476.0,7,1,4 mapped MVMU block(s)
resnet50_s4_b2_conv1_1x1,sparse_puma,MVM,0.0,7284.0,8,2,4 mapped MVMU block(s)
resnet50_s4_b2_conv1_1x1,sparse_puma,MVM,0.0,7492.0,9,2,4 mapped MVMU block(s)
resnet50_s4_b2_conv1_1x1,sparse_puma,MVM,0.0,7572.0,10,2,4 mapped MVMU block(s)
resnet50_s4_b2_conv1_1x1,sparse_puma,MVM,0.0,7348.0,11,2,4 mapped MVMU block(s)
resnet50_s4_b2_conv1_1x1,sparse_puma,MVM,0.0,7316.0,12,3,4 mapped MVMU block(s)
resnet50_s4_b2_conv1_1x1,sparse_puma,MVM,0.0,7460.0,13,3,4 mapped MVMU block(s)
resnet50_s4_b2_conv1_1x1,sparse_puma,MVM,0.0,7524.0,14,3,4 mapped MVMU block(s)
resnet50_s4_b2_conv1_1x1,sparse_puma,MVM,0.0,7300.0,15,3,4 mapped MVMU block(s)
resnet50_s4_b2_conv1_1x1,sparse_puma,CHAIN_REDUCE,7604.0,8396.0,,,"16 core(s), 4 tile(s)"
resnet50_s4_b2_conv2_3x3,sparse_puma,MVM,0.0,7444.0,0,0,4 mapped MVMU block(s)
resnet50_s4_b2_conv2_3x3,sparse_puma,MVM,0.0,7300.0,1,0,4 mapped MVMU block(s)
resnet50_s4_b2_conv2_3x3,sparse_puma,MVM,0.0,7492.0,2,0,4 mapped MVMU block(s)
resnet50_s4_b2_conv2_3x3,sparse_puma,MVM,0.0,7524.0,3,0,4 mapped MVMU block(s)
resnet50_s4_b2_conv2_3x3,sparse_puma,MVM,0.0,7124.0,4,1,4 mapped MVMU block(s)
resnet50_s4_b2_conv2_3x3,sparse_puma,MVM,0.0,7268.0,5,1,4 mapped MVMU block(s)
resnet50_s4_b2_conv2_3x3,sparse_puma,MVM,0.0,7268.0,6,1,4 mapped MVMU block(s)
resnet50_s4_b2_conv2_3x3,sparse_puma,MVM,0.0,7124.0,7,1,4 mapped MVMU block(s)
resnet50_s4_b2_conv2_3x3,sparse_puma,MVM,0.0,7076.0,8,2,4 mapped MVMU block(s)
resnet50_s4_b2_conv2_3x3,sparse_puma,MVM,0.0,6836.0,9,2,4 mapped MVMU block(s)
resnet50_s4_b2_conv2_3x3,sparse_puma,MVM,0.0,6916.0,10,2,4 mapped MVMU block(s)
resnet50_s4_b2_conv2_3x3,sparse_puma,MVM,0.0,7076.0,11,2,4 mapped MVMU block(s)
resnet50_s4_b2_conv2_3x3,sparse_puma,MVM,0.0,6452.0,12,3,4 mapped MVMU block(s)
resnet50_s4_b2_conv2_3x3,sparse_puma,MVM,0.0,6788.0,13,3,4 mapped MVMU block(s)
resnet50_s4_b2_conv2_3x3,sparse_puma,MVM,0.0,6692.0,14,3,4 mapped MVMU block(s)
resnet50_s4_b2_conv2_3x3,sparse_puma,MVM,0.0,6404.0,15,3,4 mapped MVMU block(s)
resnet50_s4_b2_conv2_3x3,sparse_puma,MVM,0.0,6308.0,16,4,4 mapped MVMU block(s)
resnet50_s4_b2_conv2_3x3,sparse_puma,MVM,0.0,6260.0,17,4,4 mapped MVMU block(s)
resnet50_s4_b2_conv2_3x3,sparse_puma,MVM,0.0,5908.0,18,4,4 mapped MVMU block(s)
resnet50_s4_b2_conv2_3x3,sparse_puma,MVM,0.0,6308.0,19,4,4 mapped MVMU block(s)
resnet50_s4_b2_conv2_3x3,sparse_puma,MVM,0.0,7364.0,20,5,4 mapped MVMU block(s)
resnet50_s4_b2_conv2_3x3,sparse_puma,MVM,0.0,7300.0,21,5,4 mapped MVMU block(s)
resnet50_s4_b2_conv2_3x3,sparse_puma,MVM,0.0,7476.0,22,5,4 mapped MVMU block(s)
resnet50_s4_b2_conv2_3x3,sparse_puma,MVM,0.0,7476.0,23,5,4 mapped MVMU block(s)
resnet50_s4_b2_conv2_3x3,sparse_puma,MVM,0.0,7188.0,24,6,4 mapped MVMU block(s)
resnet50_s4_b2_conv2_3x3,sparse_puma,MVM,0.0,7220.0,25,6,4 mapped MVMU block(s)
resnet50_s4_b2_conv2_3x3,sparse_puma,MVM,0.0,7076.0,26,6,4 mapped MVMU block(s)
resnet50_s4_b2_conv2_3x3,sparse_puma,MVM,0.0,7172.0,27,6,4 mapped MVMU block(s)
resnet50_s4_b2_conv2_3x3,sparse_puma,MVM,0.0,7060.0,28,7,4 mapped MVMU block(s)
resnet50_s4_b2_conv2_3x3,sparse_puma,MVM,0.0,6820.0,29,7,4 mapped MVMU block(s)
resnet50_s4_b2_conv2_3x3,sparse_puma,MVM,0.0,7060.0,30,7,4 mapped MVMU block(s)
resnet50_s4_b2_conv2_3x3,sparse_puma,MVM,0.0,7028.0,31,7,4 mapped MVMU block(s)
resnet50_s4_b2_conv2_3x3,sparse_puma,MVM,0.0,6372.0,32,8,4 mapped MVMU block(s)
resnet50_s4_b2_conv2_3x3,sparse_puma,MVM,0.0,6756.0,33,8,4 mapped MVMU block(s)
resnet50_s4_b2_conv2_3x3,sparse_puma,MVM,0.0,6788.0,34,8,4 mapped MVMU block(s)
resnet50_s4_b2_conv2_3x3,sparse_puma,MVM,0.0,6404.0,35,8,4 mapped MVMU block(s)
resnet50_s4_b2_conv2_3x3,sparse_puma,CHAIN_REDUCE,7524.0,9356.0,,,"36 core(s), 9 tile(s)"
resnet50_s4_b2_conv3_1x1,sparse_puma,MVM,0.0,7476.0,0,0,4 mapped MVMU block(s)
resnet50_s4_b2_conv3_1x1,sparse_puma,MVM,0.0,7492.0,1,0,4 mapped MVMU block(s)
resnet50_s4_b2_conv3_1x1,sparse_puma,MVM,0.0,7236.0,2,0,4 mapped MVMU block(s)
resnet50_s4_b2_conv3_1x1,sparse_puma,MVM,0.0,7428.0,3,0,4 mapped MVMU block(s)
resnet50_s4_b2_conv3_1x1,sparse_puma,MVM,0.0,7316.0,4,1,4 mapped MVMU block(s)
resnet50_s4_b2_conv3_1x1,sparse_puma,MVM,0.0,7508.0,5,1,4 mapped MVMU block(s)
resnet50_s4_b2_conv3_1x1,sparse_puma,MVM,0.0,7348.0,6,1,4 mapped MVMU block(s)
resnet50_s4_b2_conv3_1x1,sparse_puma,MVM,0.0,7460.0,7,1,4 mapped MVMU block(s)
resnet50_s4_b2_conv3_1x1,sparse_puma,MVM,0.0,7428.0,8,2,4 mapped MVMU block(s)
resnet50_s4_b2_conv3_1x1,sparse_puma,MVM,0.0,7316.0,9,2,4 mapped MVMU block(s)
resnet50_s4_b2_conv3_1x1,sparse_puma,MVM,0.0,7588.0,10,2,4 mapped MVMU block(s)
resnet50_s4_b2_conv3_1x1,sparse_puma,MVM,0.0,7300.0,11,2,4 mapped MVMU block(s)
resnet50_s4_b2_conv3_1x1,sparse_puma,MVM,0.0,7540.0,12,3,4 mapped MVMU block(s)
resnet50_s4_b2_conv3_1x1,sparse_puma,MVM,0.0,7364.0,13,3,4 mapped MVMU block(s)
resnet50_s4_b2_conv3_1x1,sparse_puma,MVM,0.0,7460.0,14,3,4 mapped MVMU block(s)
resnet50_s4_b2_conv3_1x1,sparse_puma,MVM,0.0,7460.0,15,3,4 mapped MVMU block(s)
resnet50_s4_b2_conv3_1x1,sparse_puma,CHAIN_REDUCE,7588.0,8268.0,,,"16 core(s), 4 tile(s)"
resnet50_s4_b3_conv1_1x1,sparse_puma,MVM,0.0,7412.0,0,0,4 mapped MVMU block(s)
resnet50_s4_b3_conv1_1x1,sparse_puma,MVM,0.0,7252.0,1,0,4 mapped MVMU block(s)
resnet50_s4_b3_conv1_1x1,sparse_puma,MVM,0.0,7508.0,2,0,4 mapped MVMU block(s)
resnet50_s4_b3_conv1_1x1,sparse_puma,MVM,0.0,7444.0,3,0,4 mapped MVMU block(s)
resnet50_s4_b3_conv1_1x1,sparse_puma,MVM,0.0,7268.0,4,1,4 mapped MVMU block(s)
resnet50_s4_b3_conv1_1x1,sparse_puma,MVM,0.0,7268.0,5,1,4 mapped MVMU block(s)
resnet50_s4_b3_conv1_1x1,sparse_puma,MVM,0.0,7428.0,6,1,4 mapped MVMU block(s)
resnet50_s4_b3_conv1_1x1,sparse_puma,MVM,0.0,7492.0,7,1,4 mapped MVMU block(s)
resnet50_s4_b3_conv1_1x1,sparse_puma,MVM,0.0,7316.0,8,2,4 mapped MVMU block(s)
resnet50_s4_b3_conv1_1x1,sparse_puma,MVM,0.0,7476.0,9,2,4 mapped MVMU block(s)
resnet50_s4_b3_conv1_1x1,sparse_puma,MVM,0.0,7492.0,10,2,4 mapped MVMU block(s)
resnet50_s4_b3_conv1_1x1,sparse_puma,MVM,0.0,7252.0,11,2,4 mapped MVMU block(s)
resnet50_s4_b3_conv1_1x1,sparse_puma,MVM,0.0,7284.0,12,3,4 mapped MVMU block(s)
resnet50_s4_b3_conv1_1x1,sparse_puma,MVM,0.0,7508.0,13,3,4 mapped MVMU block(s)
resnet50_s4_b3_conv1_1x1,sparse_puma,MVM,0.0,7444.0,14,3,4 mapped MVMU block(s)
resnet50_s4_b3_conv1_1x1,sparse_puma,MVM,0.0,7332.0,15,3,4 mapped MVMU block(s)
resnet50_s4_b3_conv1_1x1,sparse_puma,CHAIN_REDUCE,7508.0,8224.0,,,"16 core(s), 4 tile(s)"
resnet50_s4_b3_conv2_3x3,sparse_puma,MVM,0.0,7412.0,0,0,4 mapped MVMU block(s)
resnet50_s4_b3_conv2_3x3,sparse_puma,MVM,0.0,7300.0,1,0,4 mapped MVMU block(s)
resnet50_s4_b3_conv2_3x3,sparse_puma,MVM,0.0,7476.0,2,0,4 mapped MVMU block(s)
resnet50_s4_b3_conv2_3x3,sparse_puma,MVM,0.0,7476.0,3,0,4 mapped MVMU block(s)
resnet50_s4_b3_conv2_3x3,sparse_puma,MVM,0.0,7188.0,4,1,4 mapped MVMU block(s)
resnet50_s4_b3_conv2_3x3,sparse_puma,MVM,0.0,7252.0,5,1,4 mapped MVMU block(s)
resnet50_s4_b3_conv2_3x3,sparse_puma,MVM,0.0,7204.0,6,1,4 mapped MVMU block(s)
resnet50_s4_b3_conv2_3x3,sparse_puma,MVM,0.0,7172.0,7,1,4 mapped MVMU block(s)
resnet50_s4_b3_conv2_3x3,sparse_puma,MVM,0.0,7076.0,8,2,4 mapped MVMU block(s)
resnet50_s4_b3_conv2_3x3,sparse_puma,MVM,0.0,6820.0,9,2,4 mapped MVMU block(s)
resnet50_s4_b3_conv2_3x3,sparse_puma,MVM,0.0,6964.0,10,2,4 mapped MVMU block(s)
resnet50_s4_b3_conv2_3x3,sparse_puma,MVM,0.0,7060.0,11,2,4 mapped MVMU block(s)
resnet50_s4_b3_conv2_3x3,sparse_puma,MVM,0.0,6468.0,12,3,4 mapped MVMU block(s)
resnet50_s4_b3_conv2_3x3,sparse_puma,MVM,0.0,6740.0,13,3,4 mapped MVMU block(s)
resnet50_s4_b3_conv2_3x3,sparse_puma,MVM,0.0,6820.0,14,3,4 mapped MVMU block(s)
resnet50_s4_b3_conv2_3x3,sparse_puma,MVM,0.0,6436.0,15,3,4 mapped MVMU block(s)
resnet50_s4_b3_conv2_3x3,sparse_puma,MVM,0.0,6260.0,16,4,4 mapped MVMU block(s)
resnet50_s4_b3_conv2_3x3,sparse_puma,MVM,0.0,6276.0,17,4,4 mapped MVMU block(s)
resnet50_s4_b3_conv2_3x3,sparse_puma,MVM,0.0,5828.0,18,4,4 mapped MVMU block(s)
resnet50_s4_b3_conv2_3x3,sparse_puma,MVM,0.0,6228.0,19,4,4 mapped MVMU block(s)
resnet50_s4_b3_conv2_3x3,sparse_puma,MVM,0.0,7316.0,20,5,4 mapped MVMU block(s)
resnet50_s4_b3_conv2_3x3,sparse_puma,MVM,0.0,7316.0,21,5,4 mapped MVMU block(s)
resnet50_s4_b3_conv2_3x3,sparse_puma,MVM,0.0,7476.0,22,5,4 mapped MVMU block(s)
resnet50_s4_b3_conv2_3x3,sparse_puma,MVM,0.0,7396.0,23,5,4 mapped MVMU block(s)
resnet50_s4_b3_conv2_3x3,sparse_puma,MVM,0.0,7220.0,24,6,4 mapped MVMU block(s)
resnet50_s4_b3_conv2_3x3,sparse_puma,MVM,0.0,7172.0,25,6,4 mapped MVMU block(s)
resnet50_s4_b3_conv2_3x3,sparse_puma,MVM,0.0,7140.0,26,6,4 mapped MVMU block(s)
resnet50_s4_b3_conv2_3x3,sparse_puma,MVM,0.0,7124.0,27,6,4 mapped MVMU block(s)
resnet50_s4_b3_conv2_3x3,sparse_puma,MVM,0.0,7092.0,28,7,4 mapped MVMU block(s)
resnet50_s4_b3_conv2_3x3,sparse_puma,MVM,0.0,6804.0,29,7,4 mapped MVMU block(s)
resnet50_s4_b3_conv2_3x3,sparse_puma,MVM,0.0,7092.0,30,7,4 mapped MVMU block(s)
resnet50_s4_b3_conv2_3x3,sparse_puma,MVM,0.0,7060.0,31,7,4 mapped MVMU block(s)
resnet50_s4_b3_conv2_3x3,sparse_puma,MVM,0.0,6436.0,32,8,4 mapped MVMU block(s)
resnet50_s4_b3_conv2_3x3,sparse_puma,MVM,0.0,6772.0,33,8,4 mapped MVMU block(s)
resnet50_s4_b3_conv2_3x3,sparse_puma,MVM,0.0,6740.0,34,8,4 mapped MVMU block(s)
resnet50_s4_b3_conv2_3x3,sparse_puma,MVM,0.0,6324.0,35,8,4 mapped MVMU block(s)
resnet50_s4_b3_conv2_3x3,sparse_puma,CHAIN_REDUCE,7476.0,9324.0,,,"36 core(s), 9 tile(s)"
resnet50_s4_b3_conv3_1x1,sparse_puma,MVM,0.0,7492.0,0,0,4 mapped MVMU block(s)
resnet50_s4_b3_conv3_1x1,sparse_puma,MVM,0.0,7540.0,1,0,4 mapped MVMU block(s)
resnet50_s4_b3_conv3_1x1,sparse_puma,MVM,0.0,7332.0,2,0,4 mapped MVMU block(s)
resnet50_s4_b3_conv3_1x1,sparse_puma,MVM,0.0,7428.0,3,0,4 mapped MVMU block(s)
resnet50_s4_b3_conv3_1x1,sparse_puma,MVM,0.0,7220.0,4,1,4 mapped MVMU block(s)
resnet50_s4_b3_conv3_1x1,sparse_puma,MVM,0.0,7524.0,5,1,4 mapped MVMU block(s)
resnet50_s4_b3_conv3_1x1,sparse_puma,MVM,0.0,7284.0,6,1,4 mapped MVMU block(s)
resnet50_s4_b3_conv3_1x1,sparse_puma,MVM,0.0,7396.0,7,1,4 mapped MVMU block(s)
resnet50_s4_b3_conv3_1x1,sparse_puma,MVM,0.0,7476.0,8,2,4 mapped MVMU block(s)
resnet50_s4_b3_conv3_1x1,sparse_puma,MVM,0.0,7300.0,9,2,4 mapped MVMU block(s)
resnet50_s4_b3_conv3_1x1,sparse_puma,MVM,0.0,7460.0,10,2,4 mapped MVMU block(s)
resnet50_s4_b3_conv3_1x1,sparse_puma,MVM,0.0,7236.0,11,2,4 mapped MVMU block(s)
resnet50_s4_b3_conv3_1x1,sparse_puma,MVM,0.0,7476.0,12,3,4 mapped MVMU block(s)
resnet50_s4_b3_conv3_1x1,sparse_puma,MVM,0.0,7268.0,13,3,4 mapped MVMU block(s)
resnet50_s4_b3_conv3_1x1,sparse_puma,MVM,0.0,7364.0,14,3,4 mapped MVMU block(s)
resnet50_s4_b3_conv3_1x1,sparse_puma,MVM,0.0,7396.0,15,3,4 mapped MVMU block(s)
resnet50_s4_b3_conv3_1x1,sparse_puma,CHAIN_REDUCE,7540.0,8296.0,,,"16 core(s), 4 tile(s)"
resnet50_s4_b4_conv1_1x1,sparse_puma,MVM,0.0,7508.0,0,0,4 mapped MVMU block(s)
resnet50_s4_b4_conv1_1x1,sparse_puma,MVM,0.0,7268.0,1,0,4 mapped MVMU block(s)
resnet50_s4_b4_conv1_1x1,sparse_puma,MVM,0.0,7508.0,2,0,4 mapped MVMU block(s)
resnet50_s4_b4_conv1_1x1,sparse_puma,MVM,0.0,7508.0,3,0,4 mapped MVMU block(s)
resnet50_s4_b4_conv1_1x1,sparse_puma,MVM,0.0,7268.0,4,1,4 mapped MVMU block(s)
resnet50_s4_b4_conv1_1x1,sparse_puma,MVM,0.0,7316.0,5,1,4 mapped MVMU block(s)
resnet50_s4_b4_conv1_1x1,sparse_puma,MVM,0.0,7444.0,6,1,4 mapped MVMU block(s)
resnet50_s4_b4_conv1_1x1,sparse_puma,MVM,0.0,7460.0,7,1,4 mapped MVMU block(s)
resnet50_s4_b4_conv1_1x1,sparse_puma,MVM,0.0,7268.0,8,2,4 mapped MVMU block(s)
resnet50_s4_b4_conv1_1x1,sparse_puma,MVM,0.0,7476.0,9,2,4 mapped MVMU block(s)
resnet50_s4_b4_conv1_1x1,sparse_puma,MVM,0.0,7508.0,10,2,4 mapped MVMU block(s)
resnet50_s4_b4_conv1_1x1,sparse_puma,MVM,0.0,7268.0,11,2,4 mapped MVMU block(s)
resnet50_s4_b4_conv1_1x1,sparse_puma,MVM,0.0,7300.0,12,3,4 mapped MVMU block(s)
resnet50_s4_b4_conv1_1x1,sparse_puma,MVM,0.0,7444.0,13,3,4 mapped MVMU block(s)
resnet50_s4_b4_conv1_1x1,sparse_puma,MVM,0.0,7444.0,14,3,4 mapped MVMU block(s)
resnet50_s4_b4_conv1_1x1,sparse_puma,MVM,0.0,7332.0,15,3,4 mapped MVMU block(s)
resnet50_s4_b4_conv1_1x1,sparse_puma,CHAIN_REDUCE,7508.0,8300.0,,,"16 core(s), 4 tile(s)"
resnet50_s4_b4_conv2_3x3,sparse_puma,MVM,0.0,7460.0,0,0,4 mapped MVMU block(s)
resnet50_s4_b4_conv2_3x3,sparse_puma,MVM,0.0,7252.0,1,0,4 mapped MVMU block(s)
resnet50_s4_b4_conv2_3x3,sparse_puma,MVM,0.0,7508.0,2,0,4 mapped MVMU block(s)
resnet50_s4_b4_conv2_3x3,sparse_puma,MVM,0.0,7476.0,3,0,4 mapped MVMU block(s)
resnet50_s4_b4_conv2_3x3,sparse_puma,MVM,0.0,7108.0,4,1,4 mapped MVMU block(s)
resnet50_s4_b4_conv2_3x3,sparse_puma,MVM,0.0,7284.0,5,1,4 mapped MVMU block(s)
resnet50_s4_b4_conv2_3x3,sparse_puma,MVM,0.0,7172.0,6,1,4 mapped MVMU block(s)
resnet50_s4_b4_conv2_3x3,sparse_puma,MVM,0.0,7140.0,7,1,4 mapped MVMU block(s)
resnet50_s4_b4_conv2_3x3,sparse_puma,MVM,0.0,7060.0,8,2,4 mapped MVMU block(s)
resnet50_s4_b4_conv2_3x3,sparse_puma,MVM,0.0,6900.0,9,2,4 mapped MVMU block(s)
resnet50_s4_b4_conv2_3x3,sparse_puma,MVM,0.0,6772.0,10,2,4 mapped MVMU block(s)
resnet50_s4_b4_conv2_3x3,sparse_puma,MVM,0.0,7060.0,11,2,4 mapped MVMU block(s)
resnet50_s4_b4_conv2_3x3,sparse_puma,MVM,0.0,6436.0,12,3,4 mapped MVMU block(s)
resnet50_s4_b4_conv2_3x3,sparse_puma,MVM,0.0,6756.0,13,3,4 mapped MVMU block(s)
resnet50_s4_b4_conv2_3x3,sparse_puma,MVM,0.0,6852.0,14,3,4 mapped MVMU block(s)
resnet50_s4_b4_conv2_3x3,sparse_puma,MVM,0.0,6404.0,15,3,4 mapped MVMU block(s)
resnet50_s4_b4_conv2_3x3,sparse_puma,MVM,0.0,6292.0,16,4,4 mapped MVMU block(s)
resnet50_s4_b4_conv2_3x3,sparse_puma,MVM,0.0,6292.0,17,4,4 mapped MVMU block(s)
resnet50_s4_b4_conv2_3x3,sparse_puma,MVM,0.0,6004.0,18,4,4 mapped MVMU block(s)
resnet50_s4_b4_conv2_3x3,sparse_puma,MVM,0.0,6260.0,19,4,4 mapped MVMU block(s)
resnet50_s4_b4_conv2_3x3,sparse_puma,MVM,0.0,7252.0,20,5,4 mapped MVMU block(s)
resnet50_s4_b4_conv2_3x3,sparse_puma,MVM,0.0,7284.0,21,5,4 mapped MVMU block(s)
resnet50_s4_b4_conv2_3x3,sparse_puma,MVM,0.0,7460.0,22,5,4 mapped MVMU block(s)
resnet50_s4_b4_conv2_3x3,sparse_puma,MVM,0.0,7492.0,23,5,4 mapped MVMU block(s)
resnet50_s4_b4_conv2_3x3,sparse_puma,MVM,0.0,7252.0,24,6,4 mapped MVMU block(s)
resnet50_s4_b4_conv2_3x3,sparse_puma,MVM,0.0,7284.0,25,6,4 mapped MVMU block(s)
resnet50_s4_b4_conv2_3x3,sparse_puma,MVM,0.0,7124.0,26,6,4 mapped MVMU block(s)
resnet50_s4_b4_conv2_3x3,sparse_puma,MVM,0.0,7172.0,27,6,4 mapped MVMU block(s)
resnet50_s4_b4_conv2_3x3,sparse_puma,MVM,0.0,7060.0,28,7,4 mapped MVMU block(s)
resnet50_s4_b4_conv2_3x3,sparse_puma,MVM,0.0,6836.0,29,7,4 mapped MVMU block(s)
resnet50_s4_b4_conv2_3x3,sparse_puma,MVM,0.0,7060.0,30,7,4 mapped MVMU block(s)
resnet50_s4_b4_conv2_3x3,sparse_puma,MVM,0.0,7092.0,31,7,4 mapped MVMU block(s)
resnet50_s4_b4_conv2_3x3,sparse_puma,MVM,0.0,6436.0,32,8,4 mapped MVMU block(s)
resnet50_s4_b4_conv2_3x3,sparse_puma,MVM,0.0,6708.0,33,8,4 mapped MVMU block(s)
resnet50_s4_b4_conv2_3x3,sparse_puma,MVM,0.0,6756.0,34,8,4 mapped MVMU block(s)
resnet50_s4_b4_conv2_3x3,sparse_puma,MVM,0.0,6452.0,35,8,4 mapped MVMU block(s)
resnet50_s4_b4_conv2_3x3,sparse_puma,CHAIN_REDUCE,7508.0,9372.0,,,"36 core(s), 9 tile(s)"
resnet50_s4_b4_conv3_1x1,sparse_puma,MVM,0.0,7524.0,0,0,4 mapped MVMU block(s)
resnet50_s4_b4_conv3_1x1,sparse_puma,MVM,0.0,7492.0,1,0,4 mapped MVMU block(s)
resnet50_s4_b4_conv3_1x1,sparse_puma,MVM,0.0,7284.0,2,0,4 mapped MVMU block(s)
resnet50_s4_b4_conv3_1x1,sparse_puma,MVM,0.0,7460.0,3,0,4 mapped MVMU block(s)
resnet50_s4_b4_conv3_1x1,sparse_puma,MVM,0.0,7252.0,4,1,4 mapped MVMU block(s)
resnet50_s4_b4_conv3_1x1,sparse_puma,MVM,0.0,7380.0,5,1,4 mapped MVMU block(s)
resnet50_s4_b4_conv3_1x1,sparse_puma,MVM,0.0,7364.0,6,1,4 mapped MVMU block(s)
resnet50_s4_b4_conv3_1x1,sparse_puma,MVM,0.0,7428.0,7,1,4 mapped MVMU block(s)
resnet50_s4_b4_conv3_1x1,sparse_puma,MVM,0.0,7556.0,8,2,4 mapped MVMU block(s)
resnet50_s4_b4_conv3_1x1,sparse_puma,MVM,0.0,7268.0,9,2,4 mapped MVMU block(s)
resnet50_s4_b4_conv3_1x1,sparse_puma,MVM,0.0,7492.0,10,2,4 mapped MVMU block(s)
resnet50_s4_b4_conv3_1x1,sparse_puma,MVM,0.0,7252.0,11,2,4 mapped MVMU block(s)
resnet50_s4_b4_conv3_1x1,sparse_puma,MVM,0.0,7524.0,12,3,4 mapped MVMU block(s)
resnet50_s4_b4_conv3_1x1,sparse_puma,MVM,0.0,7300.0,13,3,4 mapped MVMU block(s)
resnet50_s4_b4_conv3_1x1,sparse_puma,MVM,0.0,7364.0,14,3,4 mapped MVMU block(s)
resnet50_s4_b4_conv3_1x1,sparse_puma,MVM,0.0,7508.0,15,3,4 mapped MVMU block(s)
resnet50_s4_b4_conv3_1x1,sparse_puma,CHAIN_REDUCE,7556.0,8316.0,,,"16 core(s), 4 tile(s)"
resnet50_s4_b5_conv1_1x1,sparse_puma,MVM,0.0,7572.0,0,0,4 mapped MVMU block(s)
resnet50_s4_b5_conv1_1x1,sparse_puma,MVM,0.0,7252.0,1,0,4 mapped MVMU block(s)
resnet50_s4_b5_conv1_1x1,sparse_puma,MVM,0.0,7492.0,2,0,4 mapped MVMU block(s)
resnet50_s4_b5_conv1_1x1,sparse_puma,MVM,0.0,7508.0,3,0,4 mapped MVMU block(s)
resnet50_s4_b5_conv1_1x1,sparse_puma,MVM,0.0,7380.0,4,1,4 mapped MVMU block(s)
resnet50_s4_b5_conv1_1x1,sparse_puma,MVM,0.0,7284.0,5,1,4 mapped MVMU block(s)
resnet50_s4_b5_conv1_1x1,sparse_puma,MVM,0.0,7460.0,6,1,4 mapped MVMU block(s)
resnet50_s4_b5_conv1_1x1,sparse_puma,MVM,0.0,7460.0,7,1,4 mapped MVMU block(s)
resnet50_s4_b5_conv1_1x1,sparse_puma,MVM,0.0,7348.0,8,2,4 mapped MVMU block(s)
resnet50_s4_b5_conv1_1x1,sparse_puma,MVM,0.0,7444.0,9,2,4 mapped MVMU block(s)
resnet50_s4_b5_conv1_1x1,sparse_puma,MVM,0.0,7460.0,10,2,4 mapped MVMU block(s)
resnet50_s4_b5_conv1_1x1,sparse_puma,MVM,0.0,7316.0,11,2,4 mapped MVMU block(s)
resnet50_s4_b5_conv1_1x1,sparse_puma,MVM,0.0,7252.0,12,3,4 mapped MVMU block(s)
resnet50_s4_b5_conv1_1x1,sparse_puma,MVM,0.0,7508.0,13,3,4 mapped MVMU block(s)
resnet50_s4_b5_conv1_1x1,sparse_puma,MVM,0.0,7396.0,14,3,4 mapped MVMU block(s)
resnet50_s4_b5_conv1_1x1,sparse_puma,MVM,0.0,7284.0,15,3,4 mapped MVMU block(s)
resnet50_s4_b5_conv1_1x1,sparse_puma,CHAIN_REDUCE,7572.0,8364.0,,,"16 core(s), 4 tile(s)"
resnet50_s4_b5_conv2_3x3,sparse_puma,MVM,0.0,7460.0,0,0,4 mapped MVMU block(s)
resnet50_s4_b5_conv2_3x3,sparse_puma,MVM,0.0,7300.0,1,0,4 mapped MVMU block(s)
resnet50_s4_b5_conv2_3x3,sparse_puma,MVM,0.0,7460.0,2,0,4 mapped MVMU block(s)
resnet50_s4_b5_conv2_3x3,sparse_puma,MVM,0.0,7492.0,3,0,4 mapped MVMU block(s)
resnet50_s4_b5_conv2_3x3,sparse_puma,MVM,0.0,7172.0,4,1,4 mapped MVMU block(s)
resnet50_s4_b5_conv2_3x3,sparse_puma,MVM,0.0,7236.0,5,1,4 mapped MVMU block(s)
resnet50_s4_b5_conv2_3x3,sparse_puma,MVM,0.0,7220.0,6,1,4 mapped MVMU block(s)
resnet50_s4_b5_conv2_3x3,sparse_puma,MVM,0.0,7108.0,7,1,4 mapped MVMU block(s)
resnet50_s4_b5_conv2_3x3,sparse_puma,MVM,0.0,7076.0,8,2,4 mapped MVMU block(s)
resnet50_s4_b5_conv2_3x3,sparse_puma,MVM,0.0,6868.0,9,2,4 mapped MVMU block(s)
resnet50_s4_b5_conv2_3x3,sparse_puma,MVM,0.0,6916.0,10,2,4 mapped MVMU block(s)
resnet50_s4_b5_conv2_3x3,sparse_puma,MVM,0.0,7124.0,11,2,4 mapped MVMU block(s)
resnet50_s4_b5_conv2_3x3,sparse_puma,MVM,0.0,6468.0,12,3,4 mapped MVMU block(s)
resnet50_s4_b5_conv2_3x3,sparse_puma,MVM,0.0,6740.0,13,3,4 mapped MVMU block(s)
resnet50_s4_b5_conv2_3x3,sparse_puma,MVM,0.0,6804.0,14,3,4 mapped MVMU block(s)
resnet50_s4_b5_conv2_3x3,sparse_puma,MVM,0.0,6452.0,15,3,4 mapped MVMU block(s)
resnet50_s4_b5_conv2_3x3,sparse_puma,MVM,0.0,6356.0,16,4,4 mapped MVMU block(s)
resnet50_s4_b5_conv2_3x3,sparse_puma,MVM,0.0,6292.0,17,4,4 mapped MVMU block(s)
resnet50_s4_b5_conv2_3x3,sparse_puma,MVM,0.0,5908.0,18,4,4 mapped MVMU block(s)
resnet50_s4_b5_conv2_3x3,sparse_puma,MVM,0.0,6292.0,19,4,4 mapped MVMU block(s)
resnet50_s4_b5_conv2_3x3,sparse_puma,MVM,0.0,7284.0,20,5,4 mapped MVMU block(s)
resnet50_s4_b5_conv2_3x3,sparse_puma,MVM,0.0,7316.0,21,5,4 mapped MVMU block(s)
resnet50_s4_b5_conv2_3x3,sparse_puma,MVM,0.0,7508.0,22,5,4 mapped MVMU block(s)
resnet50_s4_b5_conv2_3x3,sparse_puma,MVM,0.0,7620.0,23,5,4 mapped MVMU block(s)
resnet50_s4_b5_conv2_3x3,sparse_puma,MVM,0.0,7236.0,24,6,4 mapped MVMU block(s)
resnet50_s4_b5_conv2_3x3,sparse_puma,MVM,0.0,7252.0,25,6,4 mapped MVMU block(s)
resnet50_s4_b5_conv2_3x3,sparse_puma,MVM,0.0,7172.0,26,6,4 mapped MVMU block(s)
resnet50_s4_b5_conv2_3x3,sparse_puma,MVM,0.0,7140.0,27,6,4 mapped MVMU block(s)
resnet50_s4_b5_conv2_3x3,sparse_puma,MVM,0.0,7076.0,28,7,4 mapped MVMU block(s)
resnet50_s4_b5_conv2_3x3,sparse_puma,MVM,0.0,6836.0,29,7,4 mapped MVMU block(s)
resnet50_s4_b5_conv2_3x3,sparse_puma,MVM,0.0,7124.0,30,7,4 mapped MVMU block(s)
resnet50_s4_b5_conv2_3x3,sparse_puma,MVM,0.0,7108.0,31,7,4 mapped MVMU block(s)
resnet50_s4_b5_conv2_3x3,sparse_puma,MVM,0.0,6500.0,32,8,4 mapped MVMU block(s)
resnet50_s4_b5_conv2_3x3,sparse_puma,MVM,0.0,6756.0,33,8,4 mapped MVMU block(s)
resnet50_s4_b5_conv2_3x3,sparse_puma,MVM,0.0,6804.0,34,8,4 mapped MVMU block(s)
resnet50_s4_b5_conv2_3x3,sparse_puma,MVM,0.0,6404.0,35,8,4 mapped MVMU block(s)
resnet50_s4_b5_conv2_3x3,sparse_puma,CHAIN_REDUCE,7620.0,9372.0,,,"36 core(s), 9 tile(s)"
resnet50_s4_b5_conv3_1x1,sparse_puma,MVM,0.0,7460.0,0,0,4 mapped MVMU block(s)
resnet50_s4_b5_conv3_1x1,sparse_puma,MVM,0.0,7556.0,1,0,4 mapped MVMU block(s)
resnet50_s4_b5_conv3_1x1,sparse_puma,MVM,0.0,7332.0,2,0,4 mapped MVMU block(s)
resnet50_s4_b5_conv3_1x1,sparse_puma,MVM,0.0,7428.0,3,0,4 mapped MVMU block(s)
resnet50_s4_b5_conv3_1x1,sparse_puma,MVM,0.0,7284.0,4,1,4 mapped MVMU block(s)
resnet50_s4_b5_conv3_1x1,sparse_puma,MVM,0.0,7492.0,5,1,4 mapped MVMU block(s)
resnet50_s4_b5_conv3_1x1,sparse_puma,MVM,0.0,7188.0,6,1,4 mapped MVMU block(s)
resnet50_s4_b5_conv3_1x1,sparse_puma,MVM,0.0,7476.0,7,1,4 mapped MVMU block(s)
resnet50_s4_b5_conv3_1x1,sparse_puma,MVM,0.0,7364.0,8,2,4 mapped MVMU block(s)
resnet50_s4_b5_conv3_1x1,sparse_puma,MVM,0.0,7332.0,9,2,4 mapped MVMU block(s)
resnet50_s4_b5_conv3_1x1,sparse_puma,MVM,0.0,7396.0,10,2,4 mapped MVMU block(s)
resnet50_s4_b5_conv3_1x1,sparse_puma,MVM,0.0,7316.0,11,2,4 mapped MVMU block(s)
resnet50_s4_b5_conv3_1x1,sparse_puma,MVM,0.0,7444.0,12,3,4 mapped MVMU block(s)
resnet50_s4_b5_conv3_1x1,sparse_puma,MVM,0.0,7252.0,13,3,4 mapped MVMU block(s)
resnet50_s4_b5_conv3_1x1,sparse_puma,MVM,0.0,7508.0,14,3,4 mapped MVMU block(s)
resnet50_s4_b5_conv3_1x1,sparse_puma,MVM,0.0,7412.0,15,3,4 mapped MVMU block(s)
resnet50_s4_b5_conv3_1x1,sparse_puma,CHAIN_REDUCE,7556.0,8312.0,,,"16 core(s), 4 tile(s)"
resnet50_s4_b6_conv1_1x1,sparse_puma,MVM,0.0,7572.0,0,0,4 mapped MVMU block(s)
resnet50_s4_b6_conv1_1x1,sparse_puma,MVM,0.0,7236.0,1,0,4 mapped MVMU block(s)
resnet50_s4_b6_conv1_1x1,sparse_puma,MVM,0.0,7444.0,2,0,4 mapped MVMU block(s)
resnet50_s4_b6_conv1_1x1,sparse_puma,MVM,0.0,7412.0,3,0,4 mapped MVMU block(s)
resnet50_s4_b6_conv1_1x1,sparse_puma,MVM,0.0,7284.0,4,1,4 mapped MVMU block(s)
resnet50_s4_b6_conv1_1x1,sparse_puma,MVM,0.0,7332.0,5,1,4 mapped MVMU block(s)
resnet50_s4_b6_conv1_1x1,sparse_puma,MVM,0.0,7476.0,6,1,4 mapped MVMU block(s)
resnet50_s4_b6_conv1_1x1,sparse_puma,MVM,0.0,7572.0,7,1,4 mapped MVMU block(s)
resnet50_s4_b6_conv1_1x1,sparse_puma,MVM,0.0,7332.0,8,2,4 mapped MVMU block(s)
resnet50_s4_b6_conv1_1x1,sparse_puma,MVM,0.0,7492.0,9,2,4 mapped MVMU block(s)
resnet50_s4_b6_conv1_1x1,sparse_puma,MVM,0.0,7492.0,10,2,4 mapped MVMU block(s)
resnet50_s4_b6_conv1_1x1,sparse_puma,MVM,0.0,7268.0,11,2,4 mapped MVMU block(s)
resnet50_s4_b6_conv1_1x1,sparse_puma,MVM,0.0,7268.0,12,3,4 mapped MVMU block(s)
resnet50_s4_b6_conv1_1x1,sparse_puma,MVM,0.0,7428.0,13,3,4 mapped MVMU block(s)
resnet50_s4_b6_conv1_1x1,sparse_puma,MVM,0.0,7428.0,14,3,4 mapped MVMU block(s)
resnet50_s4_b6_conv1_1x1,sparse_puma,MVM,0.0,7268.0,15,3,4 mapped MVMU block(s)
resnet50_s4_b6_conv1_1x1,sparse_puma,CHAIN_REDUCE,7572.0,8364.0,,,"16 core(s), 4 tile(s)"
resnet50_s4_b6_conv2_3x3,sparse_puma,MVM,0.0,7572.0,0,0,4 mapped MVMU block(s)
resnet50_s4_b6_conv2_3x3,sparse_puma,MVM,0.0,7252.0,1,0,4 mapped MVMU block(s)
resnet50_s4_b6_conv2_3x3,sparse_puma,MVM,0.0,7556.0,2,0,4 mapped MVMU block(s)
resnet50_s4_b6_conv2_3x3,sparse_puma,MVM,0.0,7476.0,3,0,4 mapped MVMU block(s)
resnet50_s4_b6_conv2_3x3,sparse_puma,MVM,0.0,7124.0,4,1,4 mapped MVMU block(s)
resnet50_s4_b6_conv2_3x3,sparse_puma,MVM,0.0,7284.0,5,1,4 mapped MVMU block(s)
resnet50_s4_b6_conv2_3x3,sparse_puma,MVM,0.0,7220.0,6,1,4 mapped MVMU block(s)
resnet50_s4_b6_conv2_3x3,sparse_puma,MVM,0.0,7108.0,7,1,4 mapped MVMU block(s)
resnet50_s4_b6_conv2_3x3,sparse_puma,MVM,0.0,6996.0,8,2,4 mapped MVMU block(s)
resnet50_s4_b6_conv2_3x3,sparse_puma,MVM,0.0,6916.0,9,2,4 mapped MVMU block(s)
resnet50_s4_b6_conv2_3x3,sparse_puma,MVM,0.0,6852.0,10,2,4 mapped MVMU block(s)
resnet50_s4_b6_conv2_3x3,sparse_puma,MVM,0.0,7092.0,11,2,4 mapped MVMU block(s)
resnet50_s4_b6_conv2_3x3,sparse_puma,MVM,0.0,6500.0,12,3,4 mapped MVMU block(s)
resnet50_s4_b6_conv2_3x3,sparse_puma,MVM,0.0,6740.0,13,3,4 mapped MVMU block(s)
resnet50_s4_b6_conv2_3x3,sparse_puma,MVM,0.0,6868.0,14,3,4 mapped MVMU block(s)
resnet50_s4_b6_conv2_3x3,sparse_puma,MVM,0.0,6372.0,15,3,4 mapped MVMU block(s)
resnet50_s4_b6_conv2_3x3,sparse_puma,MVM,0.0,6228.0,16,4,4 mapped MVMU block(s)
resnet50_s4_b6_conv2_3x3,sparse_puma,MVM,0.0,6244.0,17,4,4 mapped MVMU block(s)
resnet50_s4_b6_conv2_3x3,sparse_puma,MVM,0.0,5892.0,18,4,4 mapped MVMU block(s)
resnet50_s4_b6_conv2_3x3,sparse_puma,MVM,0.0,6276.0,19,4,4 mapped MVMU block(s)
resnet50_s4_b6_conv2_3x3,sparse_puma,MVM,0.0,7300.0,20,5,4 mapped MVMU block(s)
resnet50_s4_b6_conv2_3x3,sparse_puma,MVM,0.0,7332.0,21,5,4 mapped MVMU block(s)
resnet50_s4_b6_conv2_3x3,sparse_puma,MVM,0.0,7396.0,22,5,4 mapped MVMU block(s)
resnet50_s4_b6_conv2_3x3,sparse_puma,MVM,0.0,7492.0,23,5,4 mapped MVMU block(s)
resnet50_s4_b6_conv2_3x3,sparse_puma,MVM,0.0,7236.0,24,6,4 mapped MVMU block(s)
resnet50_s4_b6_conv2_3x3,sparse_puma,MVM,0.0,7268.0,25,6,4 mapped MVMU block(s)
resnet50_s4_b6_conv2_3x3,sparse_puma,MVM,0.0,7124.0,26,6,4 mapped MVMU block(s)
resnet50_s4_b6_conv2_3x3,sparse_puma,MVM,0.0,7108.0,27,6,4 mapped MVMU block(s)
resnet50_s4_b6_conv2_3x3,sparse_puma,MVM,0.0,7044.0,28,7,4 mapped MVMU block(s)
resnet50_s4_b6_conv2_3x3,sparse_puma,MVM,0.0,6820.0,29,7,4 mapped MVMU block(s)
resnet50_s4_b6_conv2_3x3,sparse_puma,MVM,0.0,7108.0,30,7,4 mapped MVMU block(s)
resnet50_s4_b6_conv2_3x3,sparse_puma,MVM,0.0,7140.0,31,7,4 mapped MVMU block(s)
resnet50_s4_b6_conv2_3x3,sparse_puma,MVM,0.0,6468.0,32,8,4 mapped MVMU block(s)
resnet50_s4_b6_conv2_3x3,sparse_puma,MVM,0.0,6788.0,33,8,4 mapped MVMU block(s)
resnet50_s4_b6_conv2_3x3,sparse_puma,MVM,0.0,6756.0,34,8,4 mapped MVMU block(s)
resnet50_s4_b6_conv2_3x3,sparse_puma,MVM,0.0,6420.0,35,8,4 mapped MVMU block(s)
resnet50_s4_b6_conv2_3x3,sparse_puma,CHAIN_REDUCE,7572.0,9484.0,,,"36 core(s), 9 tile(s)"
resnet50_s4_b6_conv3_1x1,sparse_puma,MVM,0.0,7524.0,0,0,4 mapped MVMU block(s)
resnet50_s4_b6_conv3_1x1,sparse_puma,MVM,0.0,7524.0,1,0,4 mapped MVMU block(s)
resnet50_s4_b6_conv3_1x1,sparse_puma,MVM,0.0,7268.0,2,0,4 mapped MVMU block(s)
resnet50_s4_b6_conv3_1x1,sparse_puma,MVM,0.0,7428.0,3,0,4 mapped MVMU block(s)
resnet50_s4_b6_conv3_1x1,sparse_puma,MVM,0.0,7316.0,4,1,4 mapped MVMU block(s)
resnet50_s4_b6_conv3_1x1,sparse_puma,MVM,0.0,7492.0,5,1,4 mapped MVMU block(s)
resnet50_s4_b6_conv3_1x1,sparse_puma,MVM,0.0,7316.0,6,1,4 mapped MVMU block(s)
resnet50_s4_b6_conv3_1x1,sparse_puma,MVM,0.0,7476.0,7,1,4 mapped MVMU block(s)
resnet50_s4_b6_conv3_1x1,sparse_puma,MVM,0.0,7460.0,8,2,4 mapped MVMU block(s)
resnet50_s4_b6_conv3_1x1,sparse_puma,MVM,0.0,7316.0,9,2,4 mapped MVMU block(s)
resnet50_s4_b6_conv3_1x1,sparse_puma,MVM,0.0,7444.0,10,2,4 mapped MVMU block(s)
resnet50_s4_b6_conv3_1x1,sparse_puma,MVM,0.0,7236.0,11,2,4 mapped MVMU block(s)
resnet50_s4_b6_conv3_1x1,sparse_puma,MVM,0.0,7508.0,12,3,4 mapped MVMU block(s)
resnet50_s4_b6_conv3_1x1,sparse_puma,MVM,0.0,7284.0,13,3,4 mapped MVMU block(s)
resnet50_s4_b6_conv3_1x1,sparse_puma,MVM,0.0,7476.0,14,3,4 mapped MVMU block(s)
resnet50_s4_b6_conv3_1x1,sparse_puma,MVM,0.0,7412.0,15,3,4 mapped MVMU block(s)
resnet50_s4_b6_conv3_1x1,sparse_puma,CHAIN_REDUCE,7524.0,8316.0,,,"16 core(s), 4 tile(s)"
resnet50_s5_b1_conv1_1x1,sparse_puma,MVM,0.0,7444.0,0,0,4 mapped MVMU block(s)
resnet50_s5_b1_conv1_1x1,sparse_puma,MVM,0.0,7444.0,1,0,4 mapped MVMU block(s)
resnet50_s5_b1_conv1_1x1,sparse_puma,MVM,0.0,7316.0,2,0,4 mapped MVMU block(s)
resnet50_s5_b1_conv1_1x1,sparse_puma,MVM,0.0,7460.0,3,0,4 mapped MVMU block(s)
resnet50_s5_b1_conv1_1x1,sparse_puma,MVM,0.0,7412.0,4,1,4 mapped MVMU block(s)
resnet50_s5_b1_conv1_1x1,sparse_puma,MVM,0.0,7236.0,5,1,4 mapped MVMU block(s)
resnet50_s5_b1_conv1_1x1,sparse_puma,MVM,0.0,7412.0,6,1,4 mapped MVMU block(s)
resnet50_s5_b1_conv1_1x1,sparse_puma,MVM,0.0,7236.0,7,1,4 mapped MVMU block(s)
resnet50_s5_b1_conv1_1x1,sparse_puma,MVM,0.0,7300.0,8,2,4 mapped MVMU block(s)
resnet50_s5_b1_conv1_1x1,sparse_puma,MVM,0.0,7396.0,9,2,4 mapped MVMU block(s)
resnet50_s5_b1_conv1_1x1,sparse_puma,MVM,0.0,7268.0,10,2,4 mapped MVMU block(s)
resnet50_s5_b1_conv1_1x1,sparse_puma,MVM,0.0,7540.0,11,2,4 mapped MVMU block(s)
resnet50_s5_b1_conv1_1x1,sparse_puma,MVM,0.0,7364.0,12,3,4 mapped MVMU block(s)
resnet50_s5_b1_conv1_1x1,sparse_puma,MVM,0.0,7316.0,13,3,4 mapped MVMU block(s)
resnet50_s5_b1_conv1_1x1,sparse_puma,MVM,0.0,7460.0,14,3,4 mapped MVMU block(s)
resnet50_s5_b1_conv1_1x1,sparse_puma,MVM,0.0,7476.0,15,3,4 mapped MVMU block(s)
resnet50_s5_b1_conv1_1x1,sparse_puma,MVM,0.0,7268.0,16,4,4 mapped MVMU block(s)
resnet50_s5_b1_conv1_1x1,sparse_puma,MVM,0.0,7428.0,17,4,4 mapped MVMU block(s)
resnet50_s5_b1_conv1_1x1,sparse_puma,MVM,0.0,7428.0,18,4,4 mapped MVMU block(s)
resnet50_s5_b1_conv1_1x1,sparse_puma,MVM,0.0,7300.0,19,4,4 mapped MVMU block(s)
resnet50_s5_b1_conv1_1x1,sparse_puma,MVM,0.0,7492.0,20,5,4 mapped MVMU block(s)
resnet50_s5_b1_conv1_1x1,sparse_puma,MVM,0.0,7316.0,21,5,4 mapped MVMU block(s)
resnet50_s5_b1_conv1_1x1,sparse_puma,MVM,0.0,7284.0,22,5,4 mapped MVMU block(s)
resnet50_s5_b1_conv1_1x1,sparse_puma,MVM,0.0,7540.0,23,5,4 mapped MVMU block(s)
resnet50_s5_b1_conv1_1x1,sparse_puma,MVM,0.0,7332.0,24,6,4 mapped MVMU block(s)
resnet50_s5_b1_conv1_1x1,sparse_puma,MVM,0.0,7460.0,25,6,4 mapped MVMU block(s)
resnet50_s5_b1_conv1_1x1,sparse_puma,MVM,0.0,7540.0,26,6,4 mapped MVMU block(s)
resnet50_s5_b1_conv1_1x1,sparse_puma,MVM,0.0,7252.0,27,6,4 mapped MVMU block(s)
resnet50_s5_b1_conv1_1x1,sparse_puma,MVM,0.0,7412.0,28,7,4 mapped MVMU block(s)
resnet50_s5_b1_conv1_1x1,sparse_puma,MVM,0.0,7492.0,29,7,4 mapped MVMU block(s)
resnet50_s5_b1_conv1_1x1,sparse_puma,MVM,0.0,7332.0,30,7,4 mapped MVMU block(s)
resnet50_s5_b1_conv1_1x1,sparse_puma,MVM,0.0,7444.0,31,7,4 mapped MVMU block(s)
resnet50_s5_b1_conv1_1x1,sparse_puma,CHAIN_REDUCE,7540.0,9132.0,,,"32 core(s), 8 tile(s)"
resnet50_s5_b1_conv2_3x3,sparse_puma,MVM,0.0,7588.0,0,0,4 mapped MVMU block(s)
resnet50_s5_b1_conv2_3x3,sparse_puma,MVM,0.0,7508.0,1,0,4 mapped MVMU block(s)
resnet50_s5_b1_conv2_3x3,sparse_puma,MVM,0.0,7364.0,2,0,4 mapped MVMU block(s)
resnet50_s5_b1_conv2_3x3,sparse_puma,MVM,0.0,7476.0,3,0,4 mapped MVMU block(s)
resnet50_s5_b1_conv2_3x3,sparse_puma,MVM,0.0,7428.0,4,1,4 mapped MVMU block(s)
resnet50_s5_b1_conv2_3x3,sparse_puma,MVM,0.0,7300.0,5,1,4 mapped MVMU block(s)
resnet50_s5_b1_conv2_3x3,sparse_puma,MVM,0.0,7412.0,6,1,4 mapped MVMU block(s)
resnet50_s5_b1_conv2_3x3,sparse_puma,MVM,0.0,7252.0,7,1,4 mapped MVMU block(s)
resnet50_s5_b1_conv2_3x3,sparse_puma,MVM,0.0,7300.0,8,2,4 mapped MVMU block(s)
resnet50_s5_b1_conv2_3x3,sparse_puma,MVM,0.0,7540.0,9,2,4 mapped MVMU block(s)
resnet50_s5_b1_conv2_3x3,sparse_puma,MVM,0.0,7236.0,10,2,4 mapped MVMU block(s)
resnet50_s5_b1_conv2_3x3,sparse_puma,MVM,0.0,7476.0,11,2,4 mapped MVMU block(s)
resnet50_s5_b1_conv2_3x3,sparse_puma,MVM,0.0,7524.0,12,3,4 mapped MVMU block(s)
resnet50_s5_b1_conv2_3x3,sparse_puma,MVM,0.0,7332.0,13,3,4 mapped MVMU block(s)
resnet50_s5_b1_conv2_3x3,sparse_puma,MVM,0.0,7444.0,14,3,4 mapped MVMU block(s)
resnet50_s5_b1_conv2_3x3,sparse_puma,MVM,0.0,7460.0,15,3,4 mapped MVMU block(s)
resnet50_s5_b1_conv2_3x3,sparse_puma,MVM,0.0,7236.0,16,4,4 mapped MVMU block(s)
resnet50_s5_b1_conv2_3x3,sparse_puma,MVM,0.0,7204.0,17,4,4 mapped MVMU block(s)
resnet50_s5_b1_conv2_3x3,sparse_puma,MVM,0.0,7220.0,18,4,4 mapped MVMU block(s)
resnet50_s5_b1_conv2_3x3,sparse_puma,MVM,0.0,7092.0,19,4,4 mapped MVMU block(s)
resnet50_s5_b1_conv2_3x3,sparse_puma,MVM,0.0,7236.0,20,5,4 mapped MVMU block(s)
resnet50_s5_b1_conv2_3x3,sparse_puma,MVM,0.0,7220.0,21,5,4 mapped MVMU block(s)
resnet50_s5_b1_conv2_3x3,sparse_puma,MVM,0.0,7140.0,22,5,4 mapped MVMU block(s)
resnet50_s5_b1_conv2_3x3,sparse_puma,MVM,0.0,7236.0,23,5,4 mapped MVMU block(s)
resnet50_s5_b1_conv2_3x3,sparse_puma,MVM,0.0,7268.0,24,6,4 mapped MVMU block(s)
resnet50_s5_b1_conv2_3x3,sparse_puma,MVM,0.0,7108.0,25,6,4 mapped MVMU block(s)
resnet50_s5_b1_conv2_3x3,sparse_puma,MVM,0.0,7236.0,26,6,4 mapped MVMU block(s)
resnet50_s5_b1_conv2_3x3,sparse_puma,MVM,0.0,7108.0,27,6,4 mapped MVMU block(s)
resnet50_s5_b1_conv2_3x3,sparse_puma,MVM,0.0,7108.0,28,7,4 mapped MVMU block(s)
resnet50_s5_b1_conv2_3x3,sparse_puma,MVM,0.0,7236.0,29,7,4 mapped MVMU block(s)
resnet50_s5_b1_conv2_3x3,sparse_puma,MVM,0.0,7188.0,30,7,4 mapped MVMU block(s)
resnet50_s5_b1_conv2_3x3,sparse_puma,MVM,0.0,7268.0,31,7,4 mapped MVMU block(s)
resnet50_s5_b1_conv2_3x3,sparse_puma,MVM,0.0,7060.0,32,8,4 mapped MVMU block(s)
resnet50_s5_b1_conv2_3x3,sparse_puma,MVM,0.0,6868.0,33,8,4 mapped MVMU block(s)
resnet50_s5_b1_conv2_3x3,sparse_puma,MVM,0.0,6868.0,34,8,4 mapped MVMU block(s)
resnet50_s5_b1_conv2_3x3,sparse_puma,MVM,0.0,7076.0,35,8,4 mapped MVMU block(s)
resnet50_s5_b1_conv2_3x3,sparse_puma,MVM,0.0,6820.0,36,9,4 mapped MVMU block(s)
resnet50_s5_b1_conv2_3x3,sparse_puma,MVM,0.0,7076.0,37,9,4 mapped MVMU block(s)
resnet50_s5_b1_conv2_3x3,sparse_puma,MVM,0.0,7108.0,38,9,4 mapped MVMU block(s)
resnet50_s5_b1_conv2_3x3,sparse_puma,MVM,0.0,6900.0,39,9,4 mapped MVMU block(s)
resnet50_s5_b1_conv2_3x3,sparse_puma,MVM,0.0,7108.0,40,10,4 mapped MVMU block(s)
resnet50_s5_b1_conv2_3x3,sparse_puma,MVM,0.0,7092.0,41,10,4 mapped MVMU block(s)
resnet50_s5_b1_conv2_3x3,sparse_puma,MVM,0.0,6836.0,42,10,4 mapped MVMU block(s)
resnet50_s5_b1_conv2_3x3,sparse_puma,MVM,0.0,7060.0,43,10,4 mapped MVMU block(s)
resnet50_s5_b1_conv2_3x3,sparse_puma,MVM,0.0,7076.0,44,11,4 mapped MVMU block(s)
resnet50_s5_b1_conv2_3x3,sparse_puma,MVM,0.0,6836.0,45,11,4 mapped MVMU block(s)
resnet50_s5_b1_conv2_3x3,sparse_puma,MVM,0.0,7092.0,46,11,4 mapped MVMU block(s)
resnet50_s5_b1_conv2_3x3,sparse_puma,MVM,0.0,6868.0,47,11,4 mapped MVMU block(s)
resnet50_s5_b1_conv2_3x3,sparse_puma,MVM,0.0,6372.0,48,12,4 mapped MVMU block(s)
resnet50_s5_b1_conv2_3x3,sparse_puma,MVM,0.0,6820.0,49,12,4 mapped MVMU block(s)
resnet50_s5_b1_conv2_3x3,sparse_puma,MVM,0.0,6756.0,50,12,4 mapped MVMU block(s)
resnet50_s5_b1_conv2_3x3,sparse_puma,MVM,0.0,6516.0,51,12,4 mapped MVMU block(s)
resnet50_s5_b1_conv2_3x3,sparse_puma,MVM,0.0,6852.0,52,13,4 mapped MVMU block(s)
resnet50_s5_b1_conv2_3x3,sparse_puma,MVM,0.0,6420.0,53,13,4 mapped MVMU block(s)
resnet50_s5_b1_conv2_3x3,sparse_puma,MVM,0.0,6420.0,54,13,4 mapped MVMU block(s)
resnet50_s5_b1_conv2_3x3,sparse_puma,MVM,0.0,6804.0,55,13,4 mapped MVMU block(s)
resnet50_s5_b1_conv2_3x3,sparse_puma,MVM,0.0,6420.0,56,14,4 mapped MVMU block(s)
resnet50_s5_b1_conv2_3x3,sparse_puma,MVM,0.0,6708.0,57,14,4 mapped MVMU block(s)
resnet50_s5_b1_conv2_3x3,sparse_puma,MVM,0.0,6740.0,58,14,4 mapped MVMU block(s)
resnet50_s5_b1_conv2_3x3,sparse_puma,MVM,0.0,6500.0,59,14,4 mapped MVMU block(s)
resnet50_s5_b1_conv2_3x3,sparse_puma,MVM,0.0,6900.0,60,15,4 mapped MVMU block(s)
resnet50_s5_b1_conv2_3x3,sparse_puma,MVM,0.0,6836.0,61,15,4 mapped MVMU block(s)
resnet50_s5_b1_conv2_3x3,sparse_puma,MVM,0.0,6404.0,62,15,4 mapped MVMU block(s)
resnet50_s5_b1_conv2_3x3,sparse_puma,MVM,0.0,6772.0,63,15,4 mapped MVMU block(s)
resnet50_s5_b1_conv2_3x3,sparse_puma,MVM,0.0,6372.0,64,16,4 mapped MVMU block(s)
resnet50_s5_b1_conv2_3x3,sparse_puma,MVM,0.0,5940.0,65,16,4 mapped MVMU block(s)
resnet50_s5_b1_conv2_3x3,sparse_puma,MVM,0.0,6292.0,66,16,4 mapped MVMU block(s)
resnet50_s5_b1_conv2_3x3,sparse_puma,MVM,0.0,6244.0,67,16,4 mapped MVMU block(s)
resnet50_s5_b1_conv2_3x3,sparse_puma,MVM,0.0,5892.0,68,17,4 mapped MVMU block(s)
resnet50_s5_b1_conv2_3x3,sparse_puma,MVM,0.0,6292.0,69,17,4 mapped MVMU block(s)
resnet50_s5_b1_conv2_3x3,sparse_puma,MVM,0.0,6292.0,70,17,4 mapped MVMU block(s)
resnet50_s5_b1_conv2_3x3,sparse_puma,MVM,0.0,5940.0,71,17,4 mapped MVMU block(s)
resnet50_s5_b1_conv2_3x3,sparse_puma,MVM,0.0,6356.0,72,18,4 mapped MVMU block(s)
resnet50_s5_b1_conv2_3x3,sparse_puma,MVM,0.0,5908.0,73,18,4 mapped MVMU block(s)
resnet50_s5_b1_conv2_3x3,sparse_puma,MVM,0.0,5812.0,74,18,4 mapped MVMU block(s)
resnet50_s5_b1_conv2_3x3,sparse_puma,MVM,0.0,6292.0,75,18,4 mapped MVMU block(s)
resnet50_s5_b1_conv2_3x3,sparse_puma,MVM,0.0,5988.0,76,19,4 mapped MVMU block(s)
resnet50_s5_b1_conv2_3x3,sparse_puma,MVM,0.0,6340.0,77,19,4 mapped MVMU block(s)
resnet50_s5_b1_conv2_3x3,sparse_puma,MVM,0.0,6244.0,78,19,4 mapped MVMU block(s)
resnet50_s5_b1_conv2_3x3,sparse_puma,MVM,0.0,5940.0,79,19,4 mapped MVMU block(s)
resnet50_s5_b1_conv2_3x3,sparse_puma,MVM,0.0,7300.0,80,20,4 mapped MVMU block(s)
resnet50_s5_b1_conv2_3x3,sparse_puma,MVM,0.0,7444.0,81,20,4 mapped MVMU block(s)
resnet50_s5_b1_conv2_3x3,sparse_puma,MVM,0.0,7316.0,82,20,4 mapped MVMU block(s)
resnet50_s5_b1_conv2_3x3,sparse_puma,MVM,0.0,7428.0,83,20,4 mapped MVMU block(s)
resnet50_s5_b1_conv2_3x3,sparse_puma,MVM,0.0,7540.0,84,21,4 mapped MVMU block(s)
resnet50_s5_b1_conv2_3x3,sparse_puma,MVM,0.0,7316.0,85,21,4 mapped MVMU block(s)
resnet50_s5_b1_conv2_3x3,sparse_puma,MVM,0.0,7444.0,86,21,4 mapped MVMU block(s)
resnet50_s5_b1_conv2_3x3,sparse_puma,MVM,0.0,7492.0,87,21,4 mapped MVMU block(s)
resnet50_s5_b1_conv2_3x3,sparse_puma,MVM,0.0,7316.0,88,22,4 mapped MVMU block(s)
resnet50_s5_b1_conv2_3x3,sparse_puma,MVM,0.0,7492.0,89,22,4 mapped MVMU block(s)
resnet50_s5_b1_conv2_3x3,sparse_puma,MVM,0.0,7492.0,90,22,4 mapped MVMU block(s)
resnet50_s5_b1_conv2_3x3,sparse_puma,MVM,0.0,7220.0,91,22,4 mapped MVMU block(s)
resnet50_s5_b1_conv2_3x3,sparse_puma,MVM,0.0,7476.0,92,23,4 mapped MVMU block(s)
resnet50_s5_b1_conv2_3x3,sparse_puma,MVM,0.0,7268.0,93,23,4 mapped MVMU block(s)
resnet50_s5_b1_conv2_3x3,sparse_puma,MVM,0.0,7284.0,94,23,4 mapped MVMU block(s)
resnet50_s5_b1_conv2_3x3,sparse_puma,MVM,0.0,7508.0,95,23,4 mapped MVMU block(s)
resnet50_s5_b1_conv2_3x3,sparse_puma,MVM,0.0,7236.0,96,24,4 mapped MVMU block(s)
resnet50_s5_b1_conv2_3x3,sparse_puma,MVM,0.0,7124.0,97,24,4 mapped MVMU block(s)
resnet50_s5_b1_conv2_3x3,sparse_puma,MVM,0.0,7220.0,98,24,4 mapped MVMU block(s)
resnet50_s5_b1_conv2_3x3,sparse_puma,MVM,0.0,7172.0,99,24,4 mapped MVMU block(s)
resnet50_s5_b1_conv2_3x3,sparse_puma,MVM,0.0,7124.0,100,25,4 mapped MVMU block(s)
resnet50_s5_b1_conv2_3x3,sparse_puma,MVM,0.0,7236.0,101,25,4 mapped MVMU block(s)
resnet50_s5_b1_conv2_3x3,sparse_puma,MVM,0.0,7108.0,102,25,4 mapped MVMU block(s)
resnet50_s5_b1_conv2_3x3,sparse_puma,MVM,0.0,7252.0,103,25,4 mapped MVMU block(s)
resnet50_s5_b1_conv2_3x3,sparse_puma,MVM,0.0,7236.0,104,26,4 mapped MVMU block(s)
resnet50_s5_b1_conv2_3x3,sparse_puma,MVM,0.0,7140.0,105,26,4 mapped MVMU block(s)
resnet50_s5_b1_conv2_3x3,sparse_puma,MVM,0.0,7300.0,106,26,4 mapped MVMU block(s)
resnet50_s5_b1_conv2_3x3,sparse_puma,MVM,0.0,7236.0,107,26,4 mapped MVMU block(s)
resnet50_s5_b1_conv2_3x3,sparse_puma,MVM,0.0,7156.0,108,27,4 mapped MVMU block(s)
resnet50_s5_b1_conv2_3x3,sparse_puma,MVM,0.0,7220.0,109,27,4 mapped MVMU block(s)
resnet50_s5_b1_conv2_3x3,sparse_puma,MVM,0.0,7188.0,110,27,4 mapped MVMU block(s)
resnet50_s5_b1_conv2_3x3,sparse_puma,MVM,0.0,7124.0,111,27,4 mapped MVMU block(s)
resnet50_s5_b1_conv2_3x3,sparse_puma,MVM,0.0,7060.0,112,28,4 mapped MVMU block(s)
resnet50_s5_b1_conv2_3x3,sparse_puma,MVM,0.0,7108.0,113,28,4 mapped MVMU block(s)
resnet50_s5_b1_conv2_3x3,sparse_puma,MVM,0.0,6916.0,114,28,4 mapped MVMU block(s)
resnet50_s5_b1_conv2_3x3,sparse_puma,MVM,0.0,7092.0,115,28,4 mapped MVMU block(s)
resnet50_s5_b1_conv2_3x3,sparse_puma,MVM,0.0,7108.0,116,29,4 mapped MVMU block(s)
resnet50_s5_b1_conv2_3x3,sparse_puma,MVM,0.0,6852.0,117,29,4 mapped MVMU block(s)
resnet50_s5_b1_conv2_3x3,sparse_puma,MVM,0.0,7044.0,118,29,4 mapped MVMU block(s)
resnet50_s5_b1_conv2_3x3,sparse_puma,MVM,0.0,6964.0,119,29,4 mapped MVMU block(s)
resnet50_s5_b1_conv2_3x3,sparse_puma,MVM,0.0,6884.0,120,30,4 mapped MVMU block(s)
resnet50_s5_b1_conv2_3x3,sparse_puma,MVM,0.0,7092.0,121,30,4 mapped MVMU block(s)
resnet50_s5_b1_conv2_3x3,sparse_puma,MVM,0.0,6916.0,122,30,4 mapped MVMU block(s)
resnet50_s5_b1_conv2_3x3,sparse_puma,MVM,0.0,7092.0,123,30,4 mapped MVMU block(s)
resnet50_s5_b1_conv2_3x3,sparse_puma,MVM,0.0,7092.0,124,31,4 mapped MVMU block(s)
resnet50_s5_b1_conv2_3x3,sparse_puma,MVM,0.0,6900.0,125,31,4 mapped MVMU block(s)
resnet50_s5_b1_conv2_3x3,sparse_puma,MVM,0.0,7108.0,126,31,4 mapped MVMU block(s)
resnet50_s5_b1_conv2_3x3,sparse_puma,MVM,0.0,7044.0,127,31,4 mapped MVMU block(s)
resnet50_s5_b1_conv2_3x3,sparse_puma,MVM,0.0,6484.0,128,32,4 mapped MVMU block(s)
resnet50_s5_b1_conv2_3x3,sparse_puma,MVM,0.0,6740.0,129,32,4 mapped MVMU block(s)
resnet50_s5_b1_conv2_3x3,sparse_puma,MVM,0.0,6724.0,130,32,4 mapped MVMU block(s)
resnet50_s5_b1_conv2_3x3,sparse_puma,MVM,0.0,6500.0,131,32,4 mapped MVMU block(s)
resnet50_s5_b1_conv2_3x3,sparse_puma,MVM,0.0,6788.0,132,33,4 mapped MVMU block(s)
resnet50_s5_b1_conv2_3x3,sparse_puma,MVM,0.0,6740.0,133,33,4 mapped MVMU block(s)
resnet50_s5_b1_conv2_3x3,sparse_puma,MVM,0.0,6500.0,134,33,4 mapped MVMU block(s)
resnet50_s5_b1_conv2_3x3,sparse_puma,MVM,0.0,6772.0,135,33,4 mapped MVMU block(s)
resnet50_s5_b1_conv2_3x3,sparse_puma,MVM,0.0,6772.0,136,34,4 mapped MVMU block(s)
resnet50_s5_b1_conv2_3x3,sparse_puma,MVM,0.0,6436.0,137,34,4 mapped MVMU block(s)
resnet50_s5_b1_conv2_3x3,sparse_puma,MVM,0.0,6804.0,138,34,4 mapped MVMU block(s)
resnet50_s5_b1_conv2_3x3,sparse_puma,MVM,0.0,6580.0,139,34,4 mapped MVMU block(s)
resnet50_s5_b1_conv2_3x3,sparse_puma,MVM,0.0,6452.0,140,35,4 mapped MVMU block(s)
resnet50_s5_b1_conv2_3x3,sparse_puma,MVM,0.0,6756.0,141,35,4 mapped MVMU block(s)
resnet50_s5_b1_conv2_3x3,sparse_puma,MVM,0.0,6484.0,142,35,4 mapped MVMU block(s)
resnet50_s5_b1_conv2_3x3,sparse_puma,MVM,0.0,6788.0,143,35,4 mapped MVMU block(s)
resnet50_s5_b1_conv2_3x3,sparse_puma,CHAIN_REDUCE,7588.0,15548.0,,,"144 core(s), 36 tile(s)"
resnet50_s5_b1_conv3_1x1,sparse_puma,MVM,0.0,7492.0,0,0,4 mapped MVMU block(s)
resnet50_s5_b1_conv3_1x1,sparse_puma,MVM,0.0,7380.0,1,0,4 mapped MVMU block(s)
resnet50_s5_b1_conv3_1x1,sparse_puma,MVM,0.0,7316.0,2,0,4 mapped MVMU block(s)
resnet50_s5_b1_conv3_1x1,sparse_puma,MVM,0.0,7428.0,3,0,4 mapped MVMU block(s)
resnet50_s5_b1_conv3_1x1,sparse_puma,MVM,0.0,7300.0,4,1,4 mapped MVMU block(s)
resnet50_s5_b1_conv3_1x1,sparse_puma,MVM,0.0,7380.0,5,1,4 mapped MVMU block(s)
resnet50_s5_b1_conv3_1x1,sparse_puma,MVM,0.0,7284.0,6,1,4 mapped MVMU block(s)
resnet50_s5_b1_conv3_1x1,sparse_puma,MVM,0.0,7492.0,7,1,4 mapped MVMU block(s)
resnet50_s5_b1_conv3_1x1,sparse_puma,MVM,0.0,7252.0,8,2,4 mapped MVMU block(s)
resnet50_s5_b1_conv3_1x1,sparse_puma,MVM,0.0,7508.0,9,2,4 mapped MVMU block(s)
resnet50_s5_b1_conv3_1x1,sparse_puma,MVM,0.0,7316.0,10,2,4 mapped MVMU block(s)
resnet50_s5_b1_conv3_1x1,sparse_puma,MVM,0.0,7492.0,11,2,4 mapped MVMU block(s)
resnet50_s5_b1_conv3_1x1,sparse_puma,MVM,0.0,7524.0,12,3,4 mapped MVMU block(s)
resnet50_s5_b1_conv3_1x1,sparse_puma,MVM,0.0,7284.0,13,3,4 mapped MVMU block(s)
resnet50_s5_b1_conv3_1x1,sparse_puma,MVM,0.0,7540.0,14,3,4 mapped MVMU block(s)
resnet50_s5_b1_conv3_1x1,sparse_puma,MVM,0.0,7300.0,15,3,4 mapped MVMU block(s)
resnet50_s5_b1_conv3_1x1,sparse_puma,MVM,0.0,7476.0,16,4,4 mapped MVMU block(s)
resnet50_s5_b1_conv3_1x1,sparse_puma,MVM,0.0,7300.0,17,4,4 mapped MVMU block(s)
resnet50_s5_b1_conv3_1x1,sparse_puma,MVM,0.0,7492.0,18,4,4 mapped MVMU block(s)
resnet50_s5_b1_conv3_1x1,sparse_puma,MVM,0.0,7284.0,19,4,4 mapped MVMU block(s)
resnet50_s5_b1_conv3_1x1,sparse_puma,MVM,0.0,7428.0,20,5,4 mapped MVMU block(s)
resnet50_s5_b1_conv3_1x1,sparse_puma,MVM,0.0,7252.0,21,5,4 mapped MVMU block(s)
resnet50_s5_b1_conv3_1x1,sparse_puma,MVM,0.0,7524.0,22,5,4 mapped MVMU block(s)
resnet50_s5_b1_conv3_1x1,sparse_puma,MVM,0.0,7524.0,23,5,4 mapped MVMU block(s)
resnet50_s5_b1_conv3_1x1,sparse_puma,MVM,0.0,7524.0,24,6,4 mapped MVMU block(s)
resnet50_s5_b1_conv3_1x1,sparse_puma,MVM,0.0,7316.0,25,6,4 mapped MVMU block(s)
resnet50_s5_b1_conv3_1x1,sparse_puma,MVM,0.0,7524.0,26,6,4 mapped MVMU block(s)
resnet50_s5_b1_conv3_1x1,sparse_puma,MVM,0.0,7572.0,27,6,4 mapped MVMU block(s)
resnet50_s5_b1_conv3_1x1,sparse_puma,MVM,0.0,7332.0,28,7,4 mapped MVMU block(s)
resnet50_s5_b1_conv3_1x1,sparse_puma,MVM,0.0,7492.0,29,7,4 mapped MVMU block(s)
resnet50_s5_b1_conv3_1x1,sparse_puma,MVM,0.0,7300.0,30,7,4 mapped MVMU block(s)
resnet50_s5_b1_conv3_1x1,sparse_puma,MVM,0.0,7460.0,31,7,4 mapped MVMU block(s)
resnet50_s5_b1_conv3_1x1,sparse_puma,MVM,0.0,7332.0,32,8,4 mapped MVMU block(s)
resnet50_s5_b1_conv3_1x1,sparse_puma,MVM,0.0,7508.0,33,8,4 mapped MVMU block(s)
resnet50_s5_b1_conv3_1x1,sparse_puma,MVM,0.0,7268.0,34,8,4 mapped MVMU block(s)
resnet50_s5_b1_conv3_1x1,sparse_puma,MVM,0.0,7348.0,35,8,4 mapped MVMU block(s)
resnet50_s5_b1_conv3_1x1,sparse_puma,MVM,0.0,7300.0,36,9,4 mapped MVMU block(s)
resnet50_s5_b1_conv3_1x1,sparse_puma,MVM,0.0,7524.0,37,9,4 mapped MVMU block(s)
resnet50_s5_b1_conv3_1x1,sparse_puma,MVM,0.0,7460.0,38,9,4 mapped MVMU block(s)
resnet50_s5_b1_conv3_1x1,sparse_puma,MVM,0.0,7268.0,39,9,4 mapped MVMU block(s)
resnet50_s5_b1_conv3_1x1,sparse_puma,MVM,0.0,7300.0,40,10,4 mapped MVMU block(s)
resnet50_s5_b1_conv3_1x1,sparse_puma,MVM,0.0,7460.0,41,10,4 mapped MVMU block(s)
resnet50_s5_b1_conv3_1x1,sparse_puma,MVM,0.0,7476.0,42,10,4 mapped MVMU block(s)
resnet50_s5_b1_conv3_1x1,sparse_puma,MVM,0.0,7284.0,43,10,4 mapped MVMU block(s)
resnet50_s5_b1_conv3_1x1,sparse_puma,MVM,0.0,7444.0,44,11,4 mapped MVMU block(s)
resnet50_s5_b1_conv3_1x1,sparse_puma,MVM,0.0,7348.0,45,11,4 mapped MVMU block(s)
resnet50_s5_b1_conv3_1x1,sparse_puma,MVM,0.0,7508.0,46,11,4 mapped MVMU block(s)
resnet50_s5_b1_conv3_1x1,sparse_puma,MVM,0.0,7268.0,47,11,4 mapped MVMU block(s)
resnet50_s5_b1_conv3_1x1,sparse_puma,MVM,0.0,7508.0,48,12,4 mapped MVMU block(s)
resnet50_s5_b1_conv3_1x1,sparse_puma,MVM,0.0,7332.0,49,12,4 mapped MVMU block(s)
resnet50_s5_b1_conv3_1x1,sparse_puma,MVM,0.0,7460.0,50,12,4 mapped MVMU block(s)
resnet50_s5_b1_conv3_1x1,sparse_puma,MVM,0.0,7316.0,51,12,4 mapped MVMU block(s)
resnet50_s5_b1_conv3_1x1,sparse_puma,MVM,0.0,7444.0,52,13,4 mapped MVMU block(s)
resnet50_s5_b1_conv3_1x1,sparse_puma,MVM,0.0,7428.0,53,13,4 mapped MVMU block(s)
resnet50_s5_b1_conv3_1x1,sparse_puma,MVM,0.0,7268.0,54,13,4 mapped MVMU block(s)
resnet50_s5_b1_conv3_1x1,sparse_puma,MVM,0.0,7492.0,55,13,4 mapped MVMU block(s)
resnet50_s5_b1_conv3_1x1,sparse_puma,MVM,0.0,7476.0,56,14,4 mapped MVMU block(s)
resnet50_s5_b1_conv3_1x1,sparse_puma,MVM,0.0,7524.0,57,14,4 mapped MVMU block(s)
resnet50_s5_b1_conv3_1x1,sparse_puma,MVM,0.0,7252.0,58,14,4 mapped MVMU block(s)
resnet50_s5_b1_conv3_1x1,sparse_puma,MVM,0.0,7380.0,59,14,4 mapped MVMU block(s)
resnet50_s5_b1_conv3_1x1,sparse_puma,MVM,0.0,7236.0,60,15,4 mapped MVMU block(s)
resnet50_s5_b1_conv3_1x1,sparse_puma,MVM,0.0,7524.0,61,15,4 mapped MVMU block(s)
resnet50_s5_b1_conv3_1x1,sparse_puma,MVM,0.0,7348.0,62,15,4 mapped MVMU block(s)
resnet50_s5_b1_conv3_1x1,sparse_puma,MVM,0.0,7556.0,63,15,4 mapped MVMU block(s)
resnet50_s5_b1_conv3_1x1,sparse_puma,CHAIN_REDUCE,7572.0,10972.0,,,"64 core(s), 16 tile(s)"
resnet50_s5_b1_projection_1x1,sparse_puma,MVM,0.0,7540.0,0,0,4 mapped MVMU block(s)
resnet50_s5_b1_projection_1x1,sparse_puma,MVM,0.0,7396.0,1,0,4 mapped MVMU block(s)
resnet50_s5_b1_projection_1x1,sparse_puma,MVM,0.0,7316.0,2,0,4 mapped MVMU block(s)
resnet50_s5_b1_projection_1x1,sparse_puma,MVM,0.0,7508.0,3,0,4 mapped MVMU block(s)
resnet50_s5_b1_projection_1x1,sparse_puma,MVM,0.0,7348.0,4,1,4 mapped MVMU block(s)
resnet50_s5_b1_projection_1x1,sparse_puma,MVM,0.0,7556.0,5,1,4 mapped MVMU block(s)
resnet50_s5_b1_projection_1x1,sparse_puma,MVM,0.0,7332.0,6,1,4 mapped MVMU block(s)
resnet50_s5_b1_projection_1x1,sparse_puma,MVM,0.0,7508.0,7,1,4 mapped MVMU block(s)
resnet50_s5_b1_projection_1x1,sparse_puma,MVM,0.0,7332.0,8,2,4 mapped MVMU block(s)
resnet50_s5_b1_projection_1x1,sparse_puma,MVM,0.0,7476.0,9,2,4 mapped MVMU block(s)
resnet50_s5_b1_projection_1x1,sparse_puma,MVM,0.0,7268.0,10,2,4 mapped MVMU block(s)
resnet50_s5_b1_projection_1x1,sparse_puma,MVM,0.0,7444.0,11,2,4 mapped MVMU block(s)
resnet50_s5_b1_projection_1x1,sparse_puma,MVM,0.0,7460.0,12,3,4 mapped MVMU block(s)
resnet50_s5_b1_projection_1x1,sparse_puma,MVM,0.0,7300.0,13,3,4 mapped MVMU block(s)
resnet50_s5_b1_projection_1x1,sparse_puma,MVM,0.0,7364.0,14,3,4 mapped MVMU block(s)
resnet50_s5_b1_projection_1x1,sparse_puma,MVM,0.0,7204.0,15,3,4 mapped MVMU block(s)
resnet50_s5_b1_projection_1x1,sparse_puma,MVM,0.0,7460.0,16,4,4 mapped MVMU block(s)
resnet50_s5_b1_projection_1x1,sparse_puma,MVM,0.0,7332.0,17,4,4 mapped MVMU block(s)
resnet50_s5_b1_projection_1x1,sparse_puma,MVM,0.0,7428.0,18,4,4 mapped MVMU block(s)
resnet50_s5_b1_projection_1x1,sparse_puma,MVM,0.0,7252.0,19,4,4 mapped MVMU block(s)
resnet50_s5_b1_projection_1x1,sparse_puma,MVM,0.0,7508.0,20,5,4 mapped MVMU block(s)
resnet50_s5_b1_projection_1x1,sparse_puma,MVM,0.0,7252.0,21,5,4 mapped MVMU block(s)
resnet50_s5_b1_projection_1x1,sparse_puma,MVM,0.0,7428.0,22,5,4 mapped MVMU block(s)
resnet50_s5_b1_projection_1x1,sparse_puma,MVM,0.0,7556.0,23,5,4 mapped MVMU block(s)
resnet50_s5_b1_projection_1x1,sparse_puma,MVM,0.0,7428.0,24,6,4 mapped MVMU block(s)
resnet50_s5_b1_projection_1x1,sparse_puma,MVM,0.0,7316.0,25,6,4 mapped MVMU block(s)
resnet50_s5_b1_projection_1x1,sparse_puma,MVM,0.0,7524.0,26,6,4 mapped MVMU block(s)
resnet50_s5_b1_projection_1x1,sparse_puma,MVM,0.0,7396.0,27,6,4 mapped MVMU block(s)
resnet50_s5_b1_projection_1x1,sparse_puma,MVM,0.0,7332.0,28,7,4 mapped MVMU block(s)
resnet50_s5_b1_projection_1x1,sparse_puma,MVM,0.0,7396.0,29,7,4 mapped MVMU block(s)
resnet50_s5_b1_projection_1x1,sparse_puma,MVM,0.0,7332.0,30,7,4 mapped MVMU block(s)
resnet50_s5_b1_projection_1x1,sparse_puma,MVM,0.0,7460.0,31,7,4 mapped MVMU block(s)
resnet50_s5_b1_projection_1x1,sparse_puma,MVM,0.0,7284.0,32,8,4 mapped MVMU block(s)
resnet50_s5_b1_projection_1x1,sparse_puma,MVM,0.0,7412.0,33,8,4 mapped MVMU block(s)
resnet50_s5_b1_projection_1x1,sparse_puma,MVM,0.0,7364.0,34,8,4 mapped MVMU block(s)
resnet50_s5_b1_projection_1x1,sparse_puma,MVM,0.0,7460.0,35,8,4 mapped MVMU block(s)
resnet50_s5_b1_projection_1x1,sparse_puma,MVM,0.0,7236.0,36,9,4 mapped MVMU block(s)
resnet50_s5_b1_projection_1x1,sparse_puma,MVM,0.0,7492.0,37,9,4 mapped MVMU block(s)
resnet50_s5_b1_projection_1x1,sparse_puma,MVM,0.0,7444.0,38,9,4 mapped MVMU block(s)
resnet50_s5_b1_projection_1x1,sparse_puma,MVM,0.0,7316.0,39,9,4 mapped MVMU block(s)
resnet50_s5_b1_projection_1x1,sparse_puma,MVM,0.0,7268.0,40,10,4 mapped MVMU block(s)
resnet50_s5_b1_projection_1x1,sparse_puma,MVM,0.0,7460.0,41,10,4 mapped MVMU block(s)
resnet50_s5_b1_projection_1x1,sparse_puma,MVM,0.0,7476.0,42,10,4 mapped MVMU block(s)
resnet50_s5_b1_projection_1x1,sparse_puma,MVM,0.0,7300.0,43,10,4 mapped MVMU block(s)
resnet50_s5_b1_projection_1x1,sparse_puma,MVM,0.0,7492.0,44,11,4 mapped MVMU block(s)
resnet50_s5_b1_projection_1x1,sparse_puma,MVM,0.0,7316.0,45,11,4 mapped MVMU block(s)
resnet50_s5_b1_projection_1x1,sparse_puma,MVM,0.0,7412.0,46,11,4 mapped MVMU block(s)
resnet50_s5_b1_projection_1x1,sparse_puma,MVM,0.0,7316.0,47,11,4 mapped MVMU block(s)
resnet50_s5_b1_projection_1x1,sparse_puma,MVM,0.0,7572.0,48,12,4 mapped MVMU block(s)
resnet50_s5_b1_projection_1x1,sparse_puma,MVM,0.0,7252.0,49,12,4 mapped MVMU block(s)
resnet50_s5_b1_projection_1x1,sparse_puma,MVM,0.0,7412.0,50,12,4 mapped MVMU block(s)
resnet50_s5_b1_projection_1x1,sparse_puma,MVM,0.0,7316.0,51,12,4 mapped MVMU block(s)
resnet50_s5_b1_projection_1x1,sparse_puma,MVM,0.0,7428.0,52,13,4 mapped MVMU block(s)
resnet50_s5_b1_projection_1x1,sparse_puma,MVM,0.0,7460.0,53,13,4 mapped MVMU block(s)
resnet50_s5_b1_projection_1x1,sparse_puma,MVM,0.0,7300.0,54,13,4 mapped MVMU block(s)
resnet50_s5_b1_projection_1x1,sparse_puma,MVM,0.0,7428.0,55,13,4 mapped MVMU block(s)
resnet50_s5_b1_projection_1x1,sparse_puma,MVM,0.0,7476.0,56,14,4 mapped MVMU block(s)
resnet50_s5_b1_projection_1x1,sparse_puma,MVM,0.0,7412.0,57,14,4 mapped MVMU block(s)
resnet50_s5_b1_projection_1x1,sparse_puma,MVM,0.0,7268.0,58,14,4 mapped MVMU block(s)
resnet50_s5_b1_projection_1x1,sparse_puma,MVM,0.0,7476.0,59,14,4 mapped MVMU block(s)
resnet50_s5_b1_projection_1x1,sparse_puma,MVM,0.0,7284.0,60,15,4 mapped MVMU block(s)
resnet50_s5_b1_projection_1x1,sparse_puma,MVM,0.0,7460.0,61,15,4 mapped MVMU block(s)
resnet50_s5_b1_projection_1x1,sparse_puma,MVM,0.0,7300.0,62,15,4 mapped MVMU block(s)
resnet50_s5_b1_projection_1x1,sparse_puma,MVM,0.0,7428.0,63,15,4 mapped MVMU block(s)
resnet50_s5_b1_projection_1x1,sparse_puma,MVM,0.0,7252.0,64,16,4 mapped MVMU block(s)
resnet50_s5_b1_projection_1x1,sparse_puma,MVM,0.0,7460.0,65,16,4 mapped MVMU block(s)
resnet50_s5_b1_projection_1x1,sparse_puma,MVM,0.0,7220.0,66,16,4 mapped MVMU block(s)
resnet50_s5_b1_projection_1x1,sparse_puma,MVM,0.0,7412.0,67,16,4 mapped MVMU block(s)
resnet50_s5_b1_projection_1x1,sparse_puma,MVM,0.0,7332.0,68,17,4 mapped MVMU block(s)
resnet50_s5_b1_projection_1x1,sparse_puma,MVM,0.0,7252.0,69,17,4 mapped MVMU block(s)
resnet50_s5_b1_projection_1x1,sparse_puma,MVM,0.0,7476.0,70,17,4 mapped MVMU block(s)
resnet50_s5_b1_projection_1x1,sparse_puma,MVM,0.0,7268.0,71,17,4 mapped MVMU block(s)
resnet50_s5_b1_projection_1x1,sparse_puma,MVM,0.0,7540.0,72,18,4 mapped MVMU block(s)
resnet50_s5_b1_projection_1x1,sparse_puma,MVM,0.0,7348.0,73,18,4 mapped MVMU block(s)
resnet50_s5_b1_projection_1x1,sparse_puma,MVM,0.0,7444.0,74,18,4 mapped MVMU block(s)
resnet50_s5_b1_projection_1x1,sparse_puma,MVM,0.0,7284.0,75,18,4 mapped MVMU block(s)
resnet50_s5_b1_projection_1x1,sparse_puma,MVM,0.0,7396.0,76,19,4 mapped MVMU block(s)
resnet50_s5_b1_projection_1x1,sparse_puma,MVM,0.0,7268.0,77,19,4 mapped MVMU block(s)
resnet50_s5_b1_projection_1x1,sparse_puma,MVM,0.0,7444.0,78,19,4 mapped MVMU block(s)
resnet50_s5_b1_projection_1x1,sparse_puma,MVM,0.0,7444.0,79,19,4 mapped MVMU block(s)
resnet50_s5_b1_projection_1x1,sparse_puma,MVM,0.0,7508.0,80,20,4 mapped MVMU block(s)
resnet50_s5_b1_projection_1x1,sparse_puma,MVM,0.0,7252.0,81,20,4 mapped MVMU block(s)
resnet50_s5_b1_projection_1x1,sparse_puma,MVM,0.0,7396.0,82,20,4 mapped MVMU block(s)
resnet50_s5_b1_projection_1x1,sparse_puma,MVM,0.0,7572.0,83,20,4 mapped MVMU block(s)
resnet50_s5_b1_projection_1x1,sparse_puma,MVM,0.0,7300.0,84,21,4 mapped MVMU block(s)
resnet50_s5_b1_projection_1x1,sparse_puma,MVM,0.0,7428.0,85,21,4 mapped MVMU block(s)
resnet50_s5_b1_projection_1x1,sparse_puma,MVM,0.0,7332.0,86,21,4 mapped MVMU block(s)
resnet50_s5_b1_projection_1x1,sparse_puma,MVM,0.0,7380.0,87,21,4 mapped MVMU block(s)
resnet50_s5_b1_projection_1x1,sparse_puma,MVM,0.0,7268.0,88,22,4 mapped MVMU block(s)
resnet50_s5_b1_projection_1x1,sparse_puma,MVM,0.0,7444.0,89,22,4 mapped MVMU block(s)
resnet50_s5_b1_projection_1x1,sparse_puma,MVM,0.0,7348.0,90,22,4 mapped MVMU block(s)
resnet50_s5_b1_projection_1x1,sparse_puma,MVM,0.0,7460.0,91,22,4 mapped MVMU block(s)
resnet50_s5_b1_projection_1x1,sparse_puma,MVM,0.0,7268.0,92,23,4 mapped MVMU block(s)
resnet50_s5_b1_projection_1x1,sparse_puma,MVM,0.0,7492.0,93,23,4 mapped MVMU block(s)
resnet50_s5_b1_projection_1x1,sparse_puma,MVM,0.0,7428.0,94,23,4 mapped MVMU block(s)
resnet50_s5_b1_projection_1x1,sparse_puma,MVM,0.0,7332.0,95,23,4 mapped MVMU block(s)
resnet50_s5_b1_projection_1x1,sparse_puma,MVM,0.0,7268.0,96,24,4 mapped MVMU block(s)
resnet50_s5_b1_projection_1x1,sparse_puma,MVM,0.0,7476.0,97,24,4 mapped MVMU block(s)
resnet50_s5_b1_projection_1x1,sparse_puma,MVM,0.0,7428.0,98,24,4 mapped MVMU block(s)
resnet50_s5_b1_projection_1x1,sparse_puma,MVM,0.0,7332.0,99,24,4 mapped MVMU block(s)
resnet50_s5_b1_projection_1x1,sparse_puma,MVM,0.0,7460.0,100,25,4 mapped MVMU block(s)
resnet50_s5_b1_projection_1x1,sparse_puma,MVM,0.0,7300.0,101,25,4 mapped MVMU block(s)
resnet50_s5_b1_projection_1x1,sparse_puma,MVM,0.0,7476.0,102,25,4 mapped MVMU block(s)
resnet50_s5_b1_projection_1x1,sparse_puma,MVM,0.0,7268.0,103,25,4 mapped MVMU block(s)
resnet50_s5_b1_projection_1x1,sparse_puma,MVM,0.0,7508.0,104,26,4 mapped MVMU block(s)
resnet50_s5_b1_projection_1x1,sparse_puma,MVM,0.0,7284.0,105,26,4 mapped MVMU block(s)
resnet50_s5_b1_projection_1x1,sparse_puma,MVM,0.0,7588.0,106,26,4 mapped MVMU block(s)
resnet50_s5_b1_projection_1x1,sparse_puma,MVM,0.0,7236.0,107,26,4 mapped MVMU block(s)
resnet50_s5_b1_projection_1x1,sparse_puma,MVM,0.0,7508.0,108,27,4 mapped MVMU block(s)
resnet50_s5_b1_projection_1x1,sparse_puma,MVM,0.0,7428.0,109,27,4 mapped MVMU block(s)
resnet50_s5_b1_projection_1x1,sparse_puma,MVM,0.0,7268.0,110,27,4 mapped MVMU block(s)
resnet50_s5_b1_projection_1x1,sparse_puma,MVM,0.0,7636.0,111,27,4 mapped MVMU block(s)
resnet50_s5_b1_projection_1x1,sparse_puma,MVM,0.0,7396.0,112,28,4 mapped MVMU block(s)
resnet50_s5_b1_projection_1x1,sparse_puma,MVM,0.0,7396.0,113,28,4 mapped MVMU block(s)
resnet50_s5_b1_projection_1x1,sparse_puma,MVM,0.0,7332.0,114,28,4 mapped MVMU block(s)
resnet50_s5_b1_projection_1x1,sparse_puma,MVM,0.0,7476.0,115,28,4 mapped MVMU block(s)
resnet50_s5_b1_projection_1x1,sparse_puma,MVM,0.0,7284.0,116,29,4 mapped MVMU block(s)
resnet50_s5_b1_projection_1x1,sparse_puma,MVM,0.0,7588.0,117,29,4 mapped MVMU block(s)
resnet50_s5_b1_projection_1x1,sparse_puma,MVM,0.0,7252.0,118,29,4 mapped MVMU block(s)
resnet50_s5_b1_projection_1x1,sparse_puma,MVM,0.0,7348.0,119,29,4 mapped MVMU block(s)
resnet50_s5_b1_projection_1x1,sparse_puma,MVM,0.0,7284.0,120,30,4 mapped MVMU block(s)
resnet50_s5_b1_projection_1x1,sparse_puma,MVM,0.0,7460.0,121,30,4 mapped MVMU block(s)
resnet50_s5_b1_projection_1x1,sparse_puma,MVM,0.0,7284.0,122,30,4 mapped MVMU block(s)
resnet50_s5_b1_projection_1x1,sparse_puma,MVM,0.0,7476.0,123,30,4 mapped MVMU block(s)
resnet50_s5_b1_projection_1x1,sparse_puma,MVM,0.0,7428.0,124,31,4 mapped MVMU block(s)
resnet50_s5_b1_projection_1x1,sparse_puma,MVM,0.0,7348.0,125,31,4 mapped MVMU block(s)
resnet50_s5_b1_projection_1x1,sparse_puma,MVM,0.0,7540.0,126,31,4 mapped MVMU block(s)
resnet50_s5_b1_projection_1x1,sparse_puma,MVM,0.0,7284.0,127,31,4 mapped MVMU block(s)
resnet50_s5_b1_projection_1x1,sparse_puma,CHAIN_REDUCE,7636.0,14604.0,,,"128 core(s), 32 tile(s)"
resnet50_s5_b2_conv1_1x1,sparse_puma,MVM,0.0,7476.0,0,0,4 mapped MVMU block(s)
resnet50_s5_b2_conv1_1x1,sparse_puma,MVM,0.0,7524.0,1,0,4 mapped MVMU block(s)
resnet50_s5_b2_conv1_1x1,sparse_puma,MVM,0.0,7268.0,2,0,4 mapped MVMU block(s)
resnet50_s5_b2_conv1_1x1,sparse_puma,MVM,0.0,7556.0,3,0,4 mapped MVMU block(s)
resnet50_s5_b2_conv1_1x1,sparse_puma,MVM,0.0,7476.0,4,1,4 mapped MVMU block(s)
resnet50_s5_b2_conv1_1x1,sparse_puma,MVM,0.0,7268.0,5,1,4 mapped MVMU block(s)
resnet50_s5_b2_conv1_1x1,sparse_puma,MVM,0.0,7540.0,6,1,4 mapped MVMU block(s)
resnet50_s5_b2_conv1_1x1,sparse_puma,MVM,0.0,7284.0,7,1,4 mapped MVMU block(s)
resnet50_s5_b2_conv1_1x1,sparse_puma,MVM,0.0,7236.0,8,2,4 mapped MVMU block(s)
resnet50_s5_b2_conv1_1x1,sparse_puma,MVM,0.0,7540.0,9,2,4 mapped MVMU block(s)
resnet50_s5_b2_conv1_1x1,sparse_puma,MVM,0.0,7236.0,10,2,4 mapped MVMU block(s)
resnet50_s5_b2_conv1_1x1,sparse_puma,MVM,0.0,7444.0,11,2,4 mapped MVMU block(s)
resnet50_s5_b2_conv1_1x1,sparse_puma,MVM,0.0,7396.0,12,3,4 mapped MVMU block(s)
resnet50_s5_b2_conv1_1x1,sparse_puma,MVM,0.0,7332.0,13,3,4 mapped MVMU block(s)
resnet50_s5_b2_conv1_1x1,sparse_puma,MVM,0.0,7444.0,14,3,4 mapped MVMU block(s)
resnet50_s5_b2_conv1_1x1,sparse_puma,MVM,0.0,7412.0,15,3,4 mapped MVMU block(s)
resnet50_s5_b2_conv1_1x1,sparse_puma,MVM,0.0,7284.0,16,4,4 mapped MVMU block(s)
resnet50_s5_b2_conv1_1x1,sparse_puma,MVM,0.0,7540.0,17,4,4 mapped MVMU block(s)
resnet50_s5_b2_conv1_1x1,sparse_puma,MVM,0.0,7476.0,18,4,4 mapped MVMU block(s)
resnet50_s5_b2_conv1_1x1,sparse_puma,MVM,0.0,7268.0,19,4,4 mapped MVMU block(s)
resnet50_s5_b2_conv1_1x1,sparse_puma,MVM,0.0,7380.0,20,5,4 mapped MVMU block(s)
resnet50_s5_b2_conv1_1x1,sparse_puma,MVM,0.0,7220.0,21,5,4 mapped MVMU block(s)
resnet50_s5_b2_conv1_1x1,sparse_puma,MVM,0.0,7316.0,22,5,4 mapped MVMU block(s)
resnet50_s5_b2_conv1_1x1,sparse_puma,MVM,0.0,7492.0,23,5,4 mapped MVMU block(s)
resnet50_s5_b2_conv1_1x1,sparse_puma,MVM,0.0,7300.0,24,6,4 mapped MVMU block(s)
resnet50_s5_b2_conv1_1x1,sparse_puma,MVM,0.0,7524.0,25,6,4 mapped MVMU block(s)
resnet50_s5_b2_conv1_1x1,sparse_puma,MVM,0.0,7460.0,26,6,4 mapped MVMU block(s)
resnet50_s5_b2_conv1_1x1,sparse_puma,MVM,0.0,7268.0,27,6,4 mapped MVMU block(s)
resnet50_s5_b2_conv1_1x1,sparse_puma,MVM,0.0,7396.0,28,7,4 mapped MVMU block(s)
resnet50_s5_b2_conv1_1x1,sparse_puma,MVM,0.0,7476.0,29,7,4 mapped MVMU block(s)
resnet50_s5_b2_conv1_1x1,sparse_puma,MVM,0.0,7284.0,30,7,4 mapped MVMU block(s)
resnet50_s5_b2_conv1_1x1,sparse_puma,MVM,0.0,7428.0,31,7,4 mapped MVMU block(s)
resnet50_s5_b2_conv1_1x1,sparse_puma,MVM,0.0,7396.0,32,8,4 mapped MVMU block(s)
resnet50_s5_b2_conv1_1x1,sparse_puma,MVM,0.0,7332.0,33,8,4 mapped MVMU block(s)
resnet50_s5_b2_conv1_1x1,sparse_puma,MVM,0.0,7492.0,34,8,4 mapped MVMU block(s)
resnet50_s5_b2_conv1_1x1,sparse_puma,MVM,0.0,7300.0,35,8,4 mapped MVMU block(s)
resnet50_s5_b2_conv1_1x1,sparse_puma,MVM,0.0,7300.0,36,9,4 mapped MVMU block(s)
resnet50_s5_b2_conv1_1x1,sparse_puma,MVM,0.0,7492.0,37,9,4 mapped MVMU block(s)
resnet50_s5_b2_conv1_1x1,sparse_puma,MVM,0.0,7332.0,38,9,4 mapped MVMU block(s)
resnet50_s5_b2_conv1_1x1,sparse_puma,MVM,0.0,7492.0,39,9,4 mapped MVMU block(s)
resnet50_s5_b2_conv1_1x1,sparse_puma,MVM,0.0,7412.0,40,10,4 mapped MVMU block(s)
resnet50_s5_b2_conv1_1x1,sparse_puma,MVM,0.0,7300.0,41,10,4 mapped MVMU block(s)
resnet50_s5_b2_conv1_1x1,sparse_puma,MVM,0.0,7460.0,42,10,4 mapped MVMU block(s)
resnet50_s5_b2_conv1_1x1,sparse_puma,MVM,0.0,7476.0,43,10,4 mapped MVMU block(s)
resnet50_s5_b2_conv1_1x1,sparse_puma,MVM,0.0,7316.0,44,11,4 mapped MVMU block(s)
resnet50_s5_b2_conv1_1x1,sparse_puma,MVM,0.0,7604.0,45,11,4 mapped MVMU block(s)
resnet50_s5_b2_conv1_1x1,sparse_puma,MVM,0.0,7444.0,46,11,4 mapped MVMU block(s)
resnet50_s5_b2_conv1_1x1,sparse_puma,MVM,0.0,7348.0,47,11,4 mapped MVMU block(s)
resnet50_s5_b2_conv1_1x1,sparse_puma,MVM,0.0,7364.0,48,12,4 mapped MVMU block(s)
resnet50_s5_b2_conv1_1x1,sparse_puma,MVM,0.0,7268.0,49,12,4 mapped MVMU block(s)
resnet50_s5_b2_conv1_1x1,sparse_puma,MVM,0.0,7300.0,50,12,4 mapped MVMU block(s)
resnet50_s5_b2_conv1_1x1,sparse_puma,MVM,0.0,7428.0,51,12,4 mapped MVMU block(s)
resnet50_s5_b2_conv1_1x1,sparse_puma,MVM,0.0,7396.0,52,13,4 mapped MVMU block(s)
resnet50_s5_b2_conv1_1x1,sparse_puma,MVM,0.0,7572.0,53,13,4 mapped MVMU block(s)
resnet50_s5_b2_conv1_1x1,sparse_puma,MVM,0.0,7540.0,54,13,4 mapped MVMU block(s)
resnet50_s5_b2_conv1_1x1,sparse_puma,MVM,0.0,7332.0,55,13,4 mapped MVMU block(s)
resnet50_s5_b2_conv1_1x1,sparse_puma,MVM,0.0,7476.0,56,14,4 mapped MVMU block(s)
resnet50_s5_b2_conv1_1x1,sparse_puma,MVM,0.0,7508.0,57,14,4 mapped MVMU block(s)
resnet50_s5_b2_conv1_1x1,sparse_puma,MVM,0.0,7284.0,58,14,4 mapped MVMU block(s)
resnet50_s5_b2_conv1_1x1,sparse_puma,MVM,0.0,7412.0,59,14,4 mapped MVMU block(s)
resnet50_s5_b2_conv1_1x1,sparse_puma,MVM,0.0,7460.0,60,15,4 mapped MVMU block(s)
resnet50_s5_b2_conv1_1x1,sparse_puma,MVM,0.0,7252.0,61,15,4 mapped MVMU block(s)
resnet50_s5_b2_conv1_1x1,sparse_puma,MVM,0.0,7444.0,62,15,4 mapped MVMU block(s)
resnet50_s5_b2_conv1_1x1,sparse_puma,MVM,0.0,7348.0,63,15,4 mapped MVMU block(s)
resnet50_s5_b2_conv1_1x1,sparse_puma,CHAIN_REDUCE,7604.0,10968.0,,,"64 core(s), 16 tile(s)"
resnet50_s5_b2_conv2_3x3,sparse_puma,MVM,0.0,7540.0,0,0,4 mapped MVMU block(s)
resnet50_s5_b2_conv2_3x3,sparse_puma,MVM,0.0,7476.0,1,0,4 mapped MVMU block(s)
resnet50_s5_b2_conv2_3x3,sparse_puma,MVM,0.0,7332.0,2,0,4 mapped MVMU block(s)
resnet50_s5_b2_conv2_3x3,sparse_puma,MVM,0.0,7508.0,3,0,4 mapped MVMU block(s)
resnet50_s5_b2_conv2_3x3,sparse_puma,MVM,0.0,7476.0,4,1,4 mapped MVMU block(s)
resnet50_s5_b2_conv2_3x3,sparse_puma,MVM,0.0,7268.0,5,1,4 mapped MVMU block(s)
resnet50_s5_b2_conv2_3x3,sparse_puma,MVM,0.0,7444.0,6,1,4 mapped MVMU block(s)
resnet50_s5_b2_conv2_3x3,sparse_puma,MVM,0.0,7316.0,7,1,4 mapped MVMU block(s)
resnet50_s5_b2_conv2_3x3,sparse_puma,MVM,0.0,7252.0,8,2,4 mapped MVMU block(s)
resnet50_s5_b2_conv2_3x3,sparse_puma,MVM,0.0,7444.0,9,2,4 mapped MVMU block(s)
resnet50_s5_b2_conv2_3x3,sparse_puma,MVM,0.0,7284.0,10,2,4 mapped MVMU block(s)
resnet50_s5_b2_conv2_3x3,sparse_puma,MVM,0.0,7508.0,11,2,4 mapped MVMU block(s)
resnet50_s5_b2_conv2_3x3,sparse_puma,MVM,0.0,7444.0,12,3,4 mapped MVMU block(s)
resnet50_s5_b2_conv2_3x3,sparse_puma,MVM,0.0,7332.0,13,3,4 mapped MVMU block(s)
resnet50_s5_b2_conv2_3x3,sparse_puma,MVM,0.0,7428.0,14,3,4 mapped MVMU block(s)
resnet50_s5_b2_conv2_3x3,sparse_puma,MVM,0.0,7380.0,15,3,4 mapped MVMU block(s)
resnet50_s5_b2_conv2_3x3,sparse_puma,MVM,0.0,7140.0,16,4,4 mapped MVMU block(s)
resnet50_s5_b2_conv2_3x3,sparse_puma,MVM,0.0,7204.0,17,4,4 mapped MVMU block(s)
resnet50_s5_b2_conv2_3x3,sparse_puma,MVM,0.0,7236.0,18,4,4 mapped MVMU block(s)
resnet50_s5_b2_conv2_3x3,sparse_puma,MVM,0.0,7124.0,19,4,4 mapped MVMU block(s)
resnet50_s5_b2_conv2_3x3,sparse_puma,MVM,0.0,7300.0,20,5,4 mapped MVMU block(s)
resnet50_s5_b2_conv2_3x3,sparse_puma,MVM,0.0,7268.0,21,5,4 mapped MVMU block(s)
resnet50_s5_b2_conv2_3x3,sparse_puma,MVM,0.0,7108.0,22,5,4 mapped MVMU block(s)
resnet50_s5_b2_conv2_3x3,sparse_puma,MVM,0.0,7220.0,23,5,4 mapped MVMU block(s)
resnet50_s5_b2_conv2_3x3,sparse_puma,MVM,0.0,7268.0,24,6,4 mapped MVMU block(s)
resnet50_s5_b2_conv2_3x3,sparse_puma,MVM,0.0,7108.0,25,6,4 mapped MVMU block(s)
resnet50_s5_b2_conv2_3x3,sparse_puma,MVM,0.0,7172.0,26,6,4 mapped MVMU block(s)
resnet50_s5_b2_conv2_3x3,sparse_puma,MVM,0.0,7060.0,27,6,4 mapped MVMU block(s)
resnet50_s5_b2_conv2_3x3,sparse_puma,MVM,0.0,7156.0,28,7,4 mapped MVMU block(s)
resnet50_s5_b2_conv2_3x3,sparse_puma,MVM,0.0,7220.0,29,7,4 mapped MVMU block(s)
resnet50_s5_b2_conv2_3x3,sparse_puma,MVM,0.0,7156.0,30,7,4 mapped MVMU block(s)
resnet50_s5_b2_conv2_3x3,sparse_puma,MVM,0.0,7236.0,31,7,4 mapped MVMU block(s)
resnet50_s5_b2_conv2_3x3,sparse_puma,MVM,0.0,7156.0,32,8,4 mapped MVMU block(s)
resnet50_s5_b2_conv2_3x3,sparse_puma,MVM,0.0,6948.0,33,8,4 mapped MVMU block(s)
resnet50_s5_b2_conv2_3x3,sparse_puma,MVM,0.0,6964.0,34,8,4 mapped MVMU block(s)
resnet50_s5_b2_conv2_3x3,sparse_puma,MVM,0.0,7060.0,35,8,4 mapped MVMU block(s)
resnet50_s5_b2_conv2_3x3,sparse_puma,MVM,0.0,6852.0,36,9,4 mapped MVMU block(s)
resnet50_s5_b2_conv2_3x3,sparse_puma,MVM,0.0,7156.0,37,9,4 mapped MVMU block(s)
resnet50_s5_b2_conv2_3x3,sparse_puma,MVM,0.0,7092.0,38,9,4 mapped MVMU block(s)
resnet50_s5_b2_conv2_3x3,sparse_puma,MVM,0.0,6884.0,39,9,4 mapped MVMU block(s)
resnet50_s5_b2_conv2_3x3,sparse_puma,MVM,0.0,7092.0,40,10,4 mapped MVMU block(s)
resnet50_s5_b2_conv2_3x3,sparse_puma,MVM,0.0,7076.0,41,10,4 mapped MVMU block(s)
resnet50_s5_b2_conv2_3x3,sparse_puma,MVM,0.0,6884.0,42,10,4 mapped MVMU block(s)
resnet50_s5_b2_conv2_3x3,sparse_puma,MVM,0.0,7044.0,43,10,4 mapped MVMU block(s)
resnet50_s5_b2_conv2_3x3,sparse_puma,MVM,0.0,7060.0,44,11,4 mapped MVMU block(s)
resnet50_s5_b2_conv2_3x3,sparse_puma,MVM,0.0,6932.0,45,11,4 mapped MVMU block(s)
resnet50_s5_b2_conv2_3x3,sparse_puma,MVM,0.0,7076.0,46,11,4 mapped MVMU block(s)
resnet50_s5_b2_conv2_3x3,sparse_puma,MVM,0.0,6852.0,47,11,4 mapped MVMU block(s)
resnet50_s5_b2_conv2_3x3,sparse_puma,MVM,0.0,6468.0,48,12,4 mapped MVMU block(s)
resnet50_s5_b2_conv2_3x3,sparse_puma,MVM,0.0,6772.0,49,12,4 mapped MVMU block(s)
resnet50_s5_b2_conv2_3x3,sparse_puma,MVM,0.0,6868.0,50,12,4 mapped MVMU block(s)
resnet50_s5_b2_conv2_3x3,sparse_puma,MVM,0.0,6436.0,51,12,4 mapped MVMU block(s)
resnet50_s5_b2_conv2_3x3,sparse_puma,MVM,0.0,6724.0,52,13,4 mapped MVMU block(s)
resnet50_s5_b2_conv2_3x3,sparse_puma,MVM,0.0,6436.0,53,13,4 mapped MVMU block(s)
resnet50_s5_b2_conv2_3x3,sparse_puma,MVM,0.0,6372.0,54,13,4 mapped MVMU block(s)
resnet50_s5_b2_conv2_3x3,sparse_puma,MVM,0.0,6740.0,55,13,4 mapped MVMU block(s)
resnet50_s5_b2_conv2_3x3,sparse_puma,MVM,0.0,6388.0,56,14,4 mapped MVMU block(s)
resnet50_s5_b2_conv2_3x3,sparse_puma,MVM,0.0,6788.0,57,14,4 mapped MVMU block(s)
resnet50_s5_b2_conv2_3x3,sparse_puma,MVM,0.0,6900.0,58,14,4 mapped MVMU block(s)
resnet50_s5_b2_conv2_3x3,sparse_puma,MVM,0.0,6276.0,59,14,4 mapped MVMU block(s)
resnet50_s5_b2_conv2_3x3,sparse_puma,MVM,0.0,6724.0,60,15,4 mapped MVMU block(s)
resnet50_s5_b2_conv2_3x3,sparse_puma,MVM,0.0,6692.0,61,15,4 mapped MVMU block(s)
resnet50_s5_b2_conv2_3x3,sparse_puma,MVM,0.0,6340.0,62,15,4 mapped MVMU block(s)
resnet50_s5_b2_conv2_3x3,sparse_puma,MVM,0.0,6804.0,63,15,4 mapped MVMU block(s)
resnet50_s5_b2_conv2_3x3,sparse_puma,MVM,0.0,6244.0,64,16,4 mapped MVMU block(s)
resnet50_s5_b2_conv2_3x3,sparse_puma,MVM,0.0,5812.0,65,16,4 mapped MVMU block(s)
resnet50_s5_b2_conv2_3x3,sparse_puma,MVM,0.0,6308.0,66,16,4 mapped MVMU block(s)
resnet50_s5_b2_conv2_3x3,sparse_puma,MVM,0.0,6196.0,67,16,4 mapped MVMU block(s)
resnet50_s5_b2_conv2_3x3,sparse_puma,MVM,0.0,5860.0,68,17,4 mapped MVMU block(s)
resnet50_s5_b2_conv2_3x3,sparse_puma,MVM,0.0,6228.0,69,17,4 mapped MVMU block(s)
resnet50_s5_b2_conv2_3x3,sparse_puma,MVM,0.0,6308.0,70,17,4 mapped MVMU block(s)
resnet50_s5_b2_conv2_3x3,sparse_puma,MVM,0.0,5972.0,71,17,4 mapped MVMU block(s)
resnet50_s5_b2_conv2_3x3,sparse_puma,MVM,0.0,6228.0,72,18,4 mapped MVMU block(s)
resnet50_s5_b2_conv2_3x3,sparse_puma,MVM,0.0,5892.0,73,18,4 mapped MVMU block(s)
resnet50_s5_b2_conv2_3x3,sparse_puma,MVM,0.0,5908.0,74,18,4 mapped MVMU block(s)
resnet50_s5_b2_conv2_3x3,sparse_puma,MVM,0.0,6292.0,75,18,4 mapped MVMU block(s)
resnet50_s5_b2_conv2_3x3,sparse_puma,MVM,0.0,5780.0,76,19,4 mapped MVMU block(s)
resnet50_s5_b2_conv2_3x3,sparse_puma,MVM,0.0,6244.0,77,19,4 mapped MVMU block(s)
resnet50_s5_b2_conv2_3x3,sparse_puma,MVM,0.0,6276.0,78,19,4 mapped MVMU block(s)
resnet50_s5_b2_conv2_3x3,sparse_puma,MVM,0.0,5828.0,79,19,4 mapped MVMU block(s)
resnet50_s5_b2_conv2_3x3,sparse_puma,MVM,0.0,7236.0,80,20,4 mapped MVMU block(s)
resnet50_s5_b2_conv2_3x3,sparse_puma,MVM,0.0,7444.0,81,20,4 mapped MVMU block(s)
resnet50_s5_b2_conv2_3x3,sparse_puma,MVM,0.0,7268.0,82,20,4 mapped MVMU block(s)
resnet50_s5_b2_conv2_3x3,sparse_puma,MVM,0.0,7476.0,83,20,4 mapped MVMU block(s)
resnet50_s5_b2_conv2_3x3,sparse_puma,MVM,0.0,7476.0,84,21,4 mapped MVMU block(s)
resnet50_s5_b2_conv2_3x3,sparse_puma,MVM,0.0,7316.0,85,21,4 mapped MVMU block(s)
resnet50_s5_b2_conv2_3x3,sparse_puma,MVM,0.0,7540.0,86,21,4 mapped MVMU block(s)
resnet50_s5_b2_conv2_3x3,sparse_puma,MVM,0.0,7460.0,87,21,4 mapped MVMU block(s)
resnet50_s5_b2_conv2_3x3,sparse_puma,MVM,0.0,7220.0,88,22,4 mapped MVMU block(s)
resnet50_s5_b2_conv2_3x3,sparse_puma,MVM,0.0,7460.0,89,22,4 mapped MVMU block(s)
resnet50_s5_b2_conv2_3x3,sparse_puma,MVM,0.0,7508.0,90,22,4 mapped MVMU block(s)
resnet50_s5_b2_conv2_3x3,sparse_puma,MVM,0.0,7300.0,91,22,4 mapped MVMU block(s)
resnet50_s5_b2_conv2_3x3,sparse_puma,MVM,0.0,7588.0,92,23,4 mapped MVMU block(s)
resnet50_s5_b2_conv2_3x3,sparse_puma,MVM,0.0,7284.0,93,23,4 mapped MVMU block(s)
resnet50_s5_b2_conv2_3x3,sparse_puma,MVM,0.0,7284.0,94,23,4 mapped MVMU block(s)
resnet50_s5_b2_conv2_3x3,sparse_puma,MVM,0.0,7444.0,95,23,4 mapped MVMU block(s)
resnet50_s5_b2_conv2_3x3,sparse_puma,MVM,0.0,7204.0,96,24,4 mapped MVMU block(s)
resnet50_s5_b2_conv2_3x3,sparse_puma,MVM,0.0,7172.0,97,24,4 mapped MVMU block(s)
resnet50_s5_b2_conv2_3x3,sparse_puma,MVM,0.0,7252.0,98,24,4 mapped MVMU block(s)
resnet50_s5_b2_conv2_3x3,sparse_puma,MVM,0.0,7140.0,99,24,4 mapped MVMU block(s)
resnet50_s5_b2_conv2_3x3,sparse_puma,MVM,0.0,7124.0,100,25,4 mapped MVMU block(s)
resnet50_s5_b2_conv2_3x3,sparse_puma,MVM,0.0,7220.0,101,25,4 mapped MVMU block(s)
resnet50_s5_b2_conv2_3x3,sparse_puma,MVM,0.0,7124.0,102,25,4 mapped MVMU block(s)
resnet50_s5_b2_conv2_3x3,sparse_puma,MVM,0.0,7204.0,103,25,4 mapped MVMU block(s)
resnet50_s5_b2_conv2_3x3,sparse_puma,MVM,0.0,7236.0,104,26,4 mapped MVMU block(s)
resnet50_s5_b2_conv2_3x3,sparse_puma,MVM,0.0,7140.0,105,26,4 mapped MVMU block(s)
resnet50_s5_b2_conv2_3x3,sparse_puma,MVM,0.0,7204.0,106,26,4 mapped MVMU block(s)
resnet50_s5_b2_conv2_3x3,sparse_puma,MVM,0.0,7252.0,107,26,4 mapped MVMU block(s)
resnet50_s5_b2_conv2_3x3,sparse_puma,MVM,0.0,7140.0,108,27,4 mapped MVMU block(s)
resnet50_s5_b2_conv2_3x3,sparse_puma,MVM,0.0,7316.0,109,27,4 mapped MVMU block(s)
resnet50_s5_b2_conv2_3x3,sparse_puma,MVM,0.0,7284.0,110,27,4 mapped MVMU block(s)
resnet50_s5_b2_conv2_3x3,sparse_puma,MVM,0.0,7156.0,111,27,4 mapped MVMU block(s)
resnet50_s5_b2_conv2_3x3,sparse_puma,MVM,0.0,7060.0,112,28,4 mapped MVMU block(s)
resnet50_s5_b2_conv2_3x3,sparse_puma,MVM,0.0,7076.0,113,28,4 mapped MVMU block(s)
resnet50_s5_b2_conv2_3x3,sparse_puma,MVM,0.0,6868.0,114,28,4 mapped MVMU block(s)
resnet50_s5_b2_conv2_3x3,sparse_puma,MVM,0.0,7108.0,115,28,4 mapped MVMU block(s)
resnet50_s5_b2_conv2_3x3,sparse_puma,MVM,0.0,7092.0,116,29,4 mapped MVMU block(s)
resnet50_s5_b2_conv2_3x3,sparse_puma,MVM,0.0,6916.0,117,29,4 mapped MVMU block(s)
resnet50_s5_b2_conv2_3x3,sparse_puma,MVM,0.0,7028.0,118,29,4 mapped MVMU block(s)
resnet50_s5_b2_conv2_3x3,sparse_puma,MVM,0.0,6852.0,119,29,4 mapped MVMU block(s)
resnet50_s5_b2_conv2_3x3,sparse_puma,MVM,0.0,6932.0,120,30,4 mapped MVMU block(s)
resnet50_s5_b2_conv2_3x3,sparse_puma,MVM,0.0,7092.0,121,30,4 mapped MVMU block(s)
resnet50_s5_b2_conv2_3x3,sparse_puma,MVM,0.0,6964.0,122,30,4 mapped MVMU block(s)
resnet50_s5_b2_conv2_3x3,sparse_puma,MVM,0.0,7108.0,123,30,4 mapped MVMU block(s)
resnet50_s5_b2_conv2_3x3,sparse_puma,MVM,0.0,7092.0,124,31,4 mapped MVMU block(s)
resnet50_s5_b2_conv2_3x3,sparse_puma,MVM,0.0,6804.0,125,31,4 mapped MVMU block(s)
resnet50_s5_b2_conv2_3x3,sparse_puma,MVM,0.0,7156.0,126,31,4 mapped MVMU block(s)
resnet50_s5_b2_conv2_3x3,sparse_puma,MVM,0.0,7028.0,127,31,4 mapped MVMU block(s)
resnet50_s5_b2_conv2_3x3,sparse_puma,MVM,0.0,6388.0,128,32,4 mapped MVMU block(s)
resnet50_s5_b2_conv2_3x3,sparse_puma,MVM,0.0,6740.0,129,32,4 mapped MVMU block(s)
resnet50_s5_b2_conv2_3x3,sparse_puma,MVM,0.0,6852.0,130,32,4 mapped MVMU block(s)
resnet50_s5_b2_conv2_3x3,sparse_puma,MVM,0.0,6500.0,131,32,4 mapped MVMU block(s)
resnet50_s5_b2_conv2_3x3,sparse_puma,MVM,0.0,6788.0,132,33,4 mapped MVMU block(s)
resnet50_s5_b2_conv2_3x3,sparse_puma,MVM,0.0,6628.0,133,33,4 mapped MVMU block(s)
resnet50_s5_b2_conv2_3x3,sparse_puma,MVM,0.0,6452.0,134,33,4 mapped MVMU block(s)
resnet50_s5_b2_conv2_3x3,sparse_puma,MVM,0.0,6868.0,135,33,4 mapped MVMU block(s)
resnet50_s5_b2_conv2_3x3,sparse_puma,MVM,0.0,6708.0,136,34,4 mapped MVMU block(s)
resnet50_s5_b2_conv2_3x3,sparse_puma,MVM,0.0,6452.0,137,34,4 mapped MVMU block(s)
resnet50_s5_b2_conv2_3x3,sparse_puma,MVM,0.0,6708.0,138,34,4 mapped MVMU block(s)
resnet50_s5_b2_conv2_3x3,sparse_puma,MVM,0.0,6468.0,139,34,4 mapped MVMU block(s)
resnet50_s5_b2_conv2_3x3,sparse_puma,MVM,0.0,6500.0,140,35,4 mapped MVMU block(s)
resnet50_s5_b2_conv2_3x3,sparse_puma,MVM,0.0,6756.0,141,35,4 mapped MVMU block(s)
resnet50_s5_b2_conv2_3x3,sparse_puma,MVM,0.0,6436.0,142,35,4 mapped MVMU block(s)
resnet50_s5_b2_conv2_3x3,sparse_puma,MVM,0.0,6900.0,143,35,4 mapped MVMU block(s)
resnet50_s5_b2_conv2_3x3,sparse_puma,CHAIN_REDUCE,7588.0,15500.0,,,"144 core(s), 36 tile(s)"
resnet50_s5_b2_conv3_1x1,sparse_puma,MVM,0.0,7492.0,0,0,4 mapped MVMU block(s)
resnet50_s5_b2_conv3_1x1,sparse_puma,MVM,0.0,7428.0,1,0,4 mapped MVMU block(s)
resnet50_s5_b2_conv3_1x1,sparse_puma,MVM,0.0,7268.0,2,0,4 mapped MVMU block(s)
resnet50_s5_b2_conv3_1x1,sparse_puma,MVM,0.0,7364.0,3,0,4 mapped MVMU block(s)
resnet50_s5_b2_conv3_1x1,sparse_puma,MVM,0.0,7300.0,4,1,4 mapped MVMU block(s)
resnet50_s5_b2_conv3_1x1,sparse_puma,MVM,0.0,7412.0,5,1,4 mapped MVMU block(s)
resnet50_s5_b2_conv3_1x1,sparse_puma,MVM,0.0,7268.0,6,1,4 mapped MVMU block(s)
resnet50_s5_b2_conv3_1x1,sparse_puma,MVM,0.0,7444.0,7,1,4 mapped MVMU block(s)
resnet50_s5_b2_conv3_1x1,sparse_puma,MVM,0.0,7284.0,8,2,4 mapped MVMU block(s)
resnet50_s5_b2_conv3_1x1,sparse_puma,MVM,0.0,7380.0,9,2,4 mapped MVMU block(s)
resnet50_s5_b2_conv3_1x1,sparse_puma,MVM,0.0,7316.0,10,2,4 mapped MVMU block(s)
resnet50_s5_b2_conv3_1x1,sparse_puma,MVM,0.0,7492.0,11,2,4 mapped MVMU block(s)
resnet50_s5_b2_conv3_1x1,sparse_puma,MVM,0.0,7412.0,12,3,4 mapped MVMU block(s)
resnet50_s5_b2_conv3_1x1,sparse_puma,MVM,0.0,7268.0,13,3,4 mapped MVMU block(s)
resnet50_s5_b2_conv3_1x1,sparse_puma,MVM,0.0,7444.0,14,3,4 mapped MVMU block(s)
resnet50_s5_b2_conv3_1x1,sparse_puma,MVM,0.0,7284.0,15,3,4 mapped MVMU block(s)
resnet50_s5_b2_conv3_1x1,sparse_puma,MVM,0.0,7396.0,16,4,4 mapped MVMU block(s)
resnet50_s5_b2_conv3_1x1,sparse_puma,MVM,0.0,7300.0,17,4,4 mapped MVMU block(s)
resnet50_s5_b2_conv3_1x1,sparse_puma,MVM,0.0,7476.0,18,4,4 mapped MVMU block(s)
resnet50_s5_b2_conv3_1x1,sparse_puma,MVM,0.0,7268.0,19,4,4 mapped MVMU block(s)
resnet50_s5_b2_conv3_1x1,sparse_puma,MVM,0.0,7508.0,20,5,4 mapped MVMU block(s)
resnet50_s5_b2_conv3_1x1,sparse_puma,MVM,0.0,7332.0,21,5,4 mapped MVMU block(s)
resnet50_s5_b2_conv3_1x1,sparse_puma,MVM,0.0,7412.0,22,5,4 mapped MVMU block(s)
resnet50_s5_b2_conv3_1x1,sparse_puma,MVM,0.0,7476.0,23,5,4 mapped MVMU block(s)
resnet50_s5_b2_conv3_1x1,sparse_puma,MVM,0.0,7492.0,24,6,4 mapped MVMU block(s)
resnet50_s5_b2_conv3_1x1,sparse_puma,MVM,0.0,7252.0,25,6,4 mapped MVMU block(s)
resnet50_s5_b2_conv3_1x1,sparse_puma,MVM,0.0,7444.0,26,6,4 mapped MVMU block(s)
resnet50_s5_b2_conv3_1x1,sparse_puma,MVM,0.0,7492.0,27,6,4 mapped MVMU block(s)
resnet50_s5_b2_conv3_1x1,sparse_puma,MVM,0.0,7284.0,28,7,4 mapped MVMU block(s)
resnet50_s5_b2_conv3_1x1,sparse_puma,MVM,0.0,7396.0,29,7,4 mapped MVMU block(s)
resnet50_s5_b2_conv3_1x1,sparse_puma,MVM,0.0,7284.0,30,7,4 mapped MVMU block(s)
resnet50_s5_b2_conv3_1x1,sparse_puma,MVM,0.0,7476.0,31,7,4 mapped MVMU block(s)
resnet50_s5_b2_conv3_1x1,sparse_puma,MVM,0.0,7284.0,32,8,4 mapped MVMU block(s)
resnet50_s5_b2_conv3_1x1,sparse_puma,MVM,0.0,7492.0,33,8,4 mapped MVMU block(s)
resnet50_s5_b2_conv3_1x1,sparse_puma,MVM,0.0,7316.0,34,8,4 mapped MVMU block(s)
resnet50_s5_b2_conv3_1x1,sparse_puma,MVM,0.0,7492.0,35,8,4 mapped MVMU block(s)
resnet50_s5_b2_conv3_1x1,sparse_puma,MVM,0.0,7300.0,36,9,4 mapped MVMU block(s)
resnet50_s5_b2_conv3_1x1,sparse_puma,MVM,0.0,7412.0,37,9,4 mapped MVMU block(s)
resnet50_s5_b2_conv3_1x1,sparse_puma,MVM,0.0,7524.0,38,9,4 mapped MVMU block(s)
resnet50_s5_b2_conv3_1x1,sparse_puma,MVM,0.0,7284.0,39,9,4 mapped MVMU block(s)
resnet50_s5_b2_conv3_1x1,sparse_puma,MVM,0.0,7380.0,40,10,4 mapped MVMU block(s)
resnet50_s5_b2_conv3_1x1,sparse_puma,MVM,0.0,7412.0,41,10,4 mapped MVMU block(s)
resnet50_s5_b2_conv3_1x1,sparse_puma,MVM,0.0,7524.0,42,10,4 mapped MVMU block(s)
resnet50_s5_b2_conv3_1x1,sparse_puma,MVM,0.0,7268.0,43,10,4 mapped MVMU block(s)
resnet50_s5_b2_conv3_1x1,sparse_puma,MVM,0.0,7412.0,44,11,4 mapped MVMU block(s)
resnet50_s5_b2_conv3_1x1,sparse_puma,MVM,0.0,7284.0,45,11,4 mapped MVMU block(s)
resnet50_s5_b2_conv3_1x1,sparse_puma,MVM,0.0,7476.0,46,11,4 mapped MVMU block(s)
resnet50_s5_b2_conv3_1x1,sparse_puma,MVM,0.0,7284.0,47,11,4 mapped MVMU block(s)
resnet50_s5_b2_conv3_1x1,sparse_puma,MVM,0.0,7524.0,48,12,4 mapped MVMU block(s)
resnet50_s5_b2_conv3_1x1,sparse_puma,MVM,0.0,7252.0,49,12,4 mapped MVMU block(s)
resnet50_s5_b2_conv3_1x1,sparse_puma,MVM,0.0,7396.0,50,12,4 mapped MVMU block(s)
resnet50_s5_b2_conv3_1x1,sparse_puma,MVM,0.0,7268.0,51,12,4 mapped MVMU block(s)
resnet50_s5_b2_conv3_1x1,sparse_puma,MVM,0.0,7524.0,52,13,4 mapped MVMU block(s)
resnet50_s5_b2_conv3_1x1,sparse_puma,MVM,0.0,7524.0,53,13,4 mapped MVMU block(s)
resnet50_s5_b2_conv3_1x1,sparse_puma,MVM,0.0,7252.0,54,13,4 mapped MVMU block(s)
resnet50_s5_b2_conv3_1x1,sparse_puma,MVM,0.0,7476.0,55,13,4 mapped MVMU block(s)
resnet50_s5_b2_conv3_1x1,sparse_puma,MVM,0.0,7348.0,56,14,4 mapped MVMU block(s)
resnet50_s5_b2_conv3_1x1,sparse_puma,MVM,0.0,7588.0,57,14,4 mapped MVMU block(s)
resnet50_s5_b2_conv3_1x1,sparse_puma,MVM,0.0,7332.0,58,14,4 mapped MVMU block(s)
resnet50_s5_b2_conv3_1x1,sparse_puma,MVM,0.0,7364.0,59,14,4 mapped MVMU block(s)
resnet50_s5_b2_conv3_1x1,sparse_puma,MVM,0.0,7284.0,60,15,4 mapped MVMU block(s)
resnet50_s5_b2_conv3_1x1,sparse_puma,MVM,0.0,7460.0,61,15,4 mapped MVMU block(s)
resnet50_s5_b2_conv3_1x1,sparse_puma,MVM,0.0,7236.0,62,15,4 mapped MVMU block(s)
resnet50_s5_b2_conv3_1x1,sparse_puma,MVM,0.0,7540.0,63,15,4 mapped MVMU block(s)
resnet50_s5_b2_conv3_1x1,sparse_puma,CHAIN_REDUCE,7588.0,10972.0,,,"64 core(s), 16 tile(s)"
resnet50_s5_b3_conv1_1x1,sparse_puma,MVM,0.0,7428.0,0,0,4 mapped MVMU block(s)
resnet50_s5_b3_conv1_1x1,sparse_puma,MVM,0.0,7620.0,1,0,4 mapped MVMU block(s)
resnet50_s5_b3_conv1_1x1,sparse_puma,MVM,0.0,7332.0,2,0,4 mapped MVMU block(s)
resnet50_s5_b3_conv1_1x1,sparse_puma,MVM,0.0,7428.0,3,0,4 mapped MVMU block(s)
resnet50_s5_b3_conv1_1x1,sparse_puma,MVM,0.0,7508.0,4,1,4 mapped MVMU block(s)
resnet50_s5_b3_conv1_1x1,sparse_puma,MVM,0.0,7268.0,5,1,4 mapped MVMU block(s)
resnet50_s5_b3_conv1_1x1,sparse_puma,MVM,0.0,7364.0,6,1,4 mapped MVMU block(s)
resnet50_s5_b3_conv1_1x1,sparse_puma,MVM,0.0,7236.0,7,1,4 mapped MVMU block(s)
resnet50_s5_b3_conv1_1x1,sparse_puma,MVM,0.0,7300.0,8,2,4 mapped MVMU block(s)
resnet50_s5_b3_conv1_1x1,sparse_puma,MVM,0.0,7556.0,9,2,4 mapped MVMU block(s)
resnet50_s5_b3_conv1_1x1,sparse_puma,MVM,0.0,7332.0,10,2,4 mapped MVMU block(s)
resnet50_s5_b3_conv1_1x1,sparse_puma,MVM,0.0,7476.0,11,2,4 mapped MVMU block(s)
resnet50_s5_b3_conv1_1x1,sparse_puma,MVM,0.0,7444.0,12,3,4 mapped MVMU block(s)
resnet50_s5_b3_conv1_1x1,sparse_puma,MVM,0.0,7332.0,13,3,4 mapped MVMU block(s)
resnet50_s5_b3_conv1_1x1,sparse_puma,MVM,0.0,7556.0,14,3,4 mapped MVMU block(s)
resnet50_s5_b3_conv1_1x1,sparse_puma,MVM,0.0,7492.0,15,3,4 mapped MVMU block(s)
resnet50_s5_b3_conv1_1x1,sparse_puma,MVM,0.0,7332.0,16,4,4 mapped MVMU block(s)
resnet50_s5_b3_conv1_1x1,sparse_puma,MVM,0.0,7492.0,17,4,4 mapped MVMU block(s)
resnet50_s5_b3_conv1_1x1,sparse_puma,MVM,0.0,7540.0,18,4,4 mapped MVMU block(s)
resnet50_s5_b3_conv1_1x1,sparse_puma,MVM,0.0,7332.0,19,4,4 mapped MVMU block(s)
resnet50_s5_b3_conv1_1x1,sparse_puma,MVM,0.0,7396.0,20,5,4 mapped MVMU block(s)
resnet50_s5_b3_conv1_1x1,sparse_puma,MVM,0.0,7316.0,21,5,4 mapped MVMU block(s)
resnet50_s5_b3_conv1_1x1,sparse_puma,MVM,0.0,7252.0,22,5,4 mapped MVMU block(s)
resnet50_s5_b3_conv1_1x1,sparse_puma,MVM,0.0,7508.0,23,5,4 mapped MVMU block(s)
resnet50_s5_b3_conv1_1x1,sparse_puma,MVM,0.0,7252.0,24,6,4 mapped MVMU block(s)
resnet50_s5_b3_conv1_1x1,sparse_puma,MVM,0.0,7444.0,25,6,4 mapped MVMU block(s)
resnet50_s5_b3_conv1_1x1,sparse_puma,MVM,0.0,7572.0,26,6,4 mapped MVMU block(s)
resnet50_s5_b3_conv1_1x1,sparse_puma,MVM,0.0,7252.0,27,6,4 mapped MVMU block(s)
resnet50_s5_b3_conv1_1x1,sparse_puma,MVM,0.0,7428.0,28,7,4 mapped MVMU block(s)
resnet50_s5_b3_conv1_1x1,sparse_puma,MVM,0.0,7572.0,29,7,4 mapped MVMU block(s)
resnet50_s5_b3_conv1_1x1,sparse_puma,MVM,0.0,7332.0,30,7,4 mapped MVMU block(s)
resnet50_s5_b3_conv1_1x1,sparse_puma,MVM,0.0,7412.0,31,7,4 mapped MVMU block(s)
resnet50_s5_b3_conv1_1x1,sparse_puma,MVM,0.0,7428.0,32,8,4 mapped MVMU block(s)
resnet50_s5_b3_conv1_1x1,sparse_puma,MVM,0.0,7252.0,33,8,4 mapped MVMU block(s)
resnet50_s5_b3_conv1_1x1,sparse_puma,MVM,0.0,7428.0,34,8,4 mapped MVMU block(s)
resnet50_s5_b3_conv1_1x1,sparse_puma,MVM,0.0,7268.0,35,8,4 mapped MVMU block(s)
resnet50_s5_b3_conv1_1x1,sparse_puma,MVM,0.0,7300.0,36,9,4 mapped MVMU block(s)
resnet50_s5_b3_conv1_1x1,sparse_puma,MVM,0.0,7444.0,37,9,4 mapped MVMU block(s)
resnet50_s5_b3_conv1_1x1,sparse_puma,MVM,0.0,7284.0,38,9,4 mapped MVMU block(s)
resnet50_s5_b3_conv1_1x1,sparse_puma,MVM,0.0,7476.0,39,9,4 mapped MVMU block(s)
resnet50_s5_b3_conv1_1x1,sparse_puma,MVM,0.0,7524.0,40,10,4 mapped MVMU block(s)
resnet50_s5_b3_conv1_1x1,sparse_puma,MVM,0.0,7268.0,41,10,4 mapped MVMU block(s)
resnet50_s5_b3_conv1_1x1,sparse_puma,MVM,0.0,7540.0,42,10,4 mapped MVMU block(s)
resnet50_s5_b3_conv1_1x1,sparse_puma,MVM,0.0,7476.0,43,10,4 mapped MVMU block(s)
resnet50_s5_b3_conv1_1x1,sparse_puma,MVM,0.0,7284.0,44,11,4 mapped MVMU block(s)
resnet50_s5_b3_conv1_1x1,sparse_puma,MVM,0.0,7476.0,45,11,4 mapped MVMU block(s)
resnet50_s5_b3_conv1_1x1,sparse_puma,MVM,0.0,7396.0,46,11,4 mapped MVMU block(s)
resnet50_s5_b3_conv1_1x1,sparse_puma,MVM,0.0,7268.0,47,11,4 mapped MVMU block(s)
resnet50_s5_b3_conv1_1x1,sparse_puma,MVM,0.0,7476.0,48,12,4 mapped MVMU block(s)
resnet50_s5_b3_conv1_1x1,sparse_puma,MVM,0.0,7300.0,49,12,4 mapped MVMU block(s)
resnet50_s5_b3_conv1_1x1,sparse_puma,MVM,0.0,7284.0,50,12,4 mapped MVMU block(s)
resnet50_s5_b3_conv1_1x1,sparse_puma,MVM,0.0,7524.0,51,12,4 mapped MVMU block(s)
resnet50_s5_b3_conv1_1x1,sparse_puma,MVM,0.0,7428.0,52,13,4 mapped MVMU block(s)
resnet50_s5_b3_conv1_1x1,sparse_puma,MVM,0.0,7524.0,53,13,4 mapped MVMU block(s)
resnet50_s5_b3_conv1_1x1,sparse_puma,MVM,0.0,7460.0,54,13,4 mapped MVMU block(s)
resnet50_s5_b3_conv1_1x1,sparse_puma,MVM,0.0,7284.0,55,13,4 mapped MVMU block(s)
resnet50_s5_b3_conv1_1x1,sparse_puma,MVM,0.0,7460.0,56,14,4 mapped MVMU block(s)
resnet50_s5_b3_conv1_1x1,sparse_puma,MVM,0.0,7508.0,57,14,4 mapped MVMU block(s)
resnet50_s5_b3_conv1_1x1,sparse_puma,MVM,0.0,7316.0,58,14,4 mapped MVMU block(s)
resnet50_s5_b3_conv1_1x1,sparse_puma,MVM,0.0,7412.0,59,14,4 mapped MVMU block(s)
resnet50_s5_b3_conv1_1x1,sparse_puma,MVM,0.0,7476.0,60,15,4 mapped MVMU block(s)
resnet50_s5_b3_conv1_1x1,sparse_puma,MVM,0.0,7348.0,61,15,4 mapped MVMU block(s)
resnet50_s5_b3_conv1_1x1,sparse_puma,MVM,0.0,7508.0,62,15,4 mapped MVMU block(s)
resnet50_s5_b3_conv1_1x1,sparse_puma,MVM,0.0,7300.0,63,15,4 mapped MVMU block(s)
resnet50_s5_b3_conv1_1x1,sparse_puma,CHAIN_REDUCE,7620.0,11064.0,,,"64 core(s), 16 tile(s)"
resnet50_s5_b3_conv2_3x3,sparse_puma,MVM,0.0,7476.0,0,0,4 mapped MVMU block(s)
resnet50_s5_b3_conv2_3x3,sparse_puma,MVM,0.0,7492.0,1,0,4 mapped MVMU block(s)
resnet50_s5_b3_conv2_3x3,sparse_puma,MVM,0.0,7220.0,2,0,4 mapped MVMU block(s)
resnet50_s5_b3_conv2_3x3,sparse_puma,MVM,0.0,7412.0,3,0,4 mapped MVMU block(s)
resnet50_s5_b3_conv2_3x3,sparse_puma,MVM,0.0,7444.0,4,1,4 mapped MVMU block(s)
resnet50_s5_b3_conv2_3x3,sparse_puma,MVM,0.0,7268.0,5,1,4 mapped MVMU block(s)
resnet50_s5_b3_conv2_3x3,sparse_puma,MVM,0.0,7396.0,6,1,4 mapped MVMU block(s)
resnet50_s5_b3_conv2_3x3,sparse_puma,MVM,0.0,7316.0,7,1,4 mapped MVMU block(s)
resnet50_s5_b3_conv2_3x3,sparse_puma,MVM,0.0,7268.0,8,2,4 mapped MVMU block(s)
resnet50_s5_b3_conv2_3x3,sparse_puma,MVM,0.0,7444.0,9,2,4 mapped MVMU block(s)
resnet50_s5_b3_conv2_3x3,sparse_puma,MVM,0.0,7348.0,10,2,4 mapped MVMU block(s)
resnet50_s5_b3_conv2_3x3,sparse_puma,MVM,0.0,7428.0,11,2,4 mapped MVMU block(s)
resnet50_s5_b3_conv2_3x3,sparse_puma,MVM,0.0,7540.0,12,3,4 mapped MVMU block(s)
resnet50_s5_b3_conv2_3x3,sparse_puma,MVM,0.0,7300.0,13,3,4 mapped MVMU block(s)
resnet50_s5_b3_conv2_3x3,sparse_puma,MVM,0.0,7476.0,14,3,4 mapped MVMU block(s)
resnet50_s5_b3_conv2_3x3,sparse_puma,MVM,0.0,7412.0,15,3,4 mapped MVMU block(s)
resnet50_s5_b3_conv2_3x3,sparse_puma,MVM,0.0,7108.0,16,4,4 mapped MVMU block(s)
resnet50_s5_b3_conv2_3x3,sparse_puma,MVM,0.0,7236.0,17,4,4 mapped MVMU block(s)
resnet50_s5_b3_conv2_3x3,sparse_puma,MVM,0.0,7204.0,18,4,4 mapped MVMU block(s)
resnet50_s5_b3_conv2_3x3,sparse_puma,MVM,0.0,7108.0,19,4,4 mapped MVMU block(s)
resnet50_s5_b3_conv2_3x3,sparse_puma,MVM,0.0,7236.0,20,5,4 mapped MVMU block(s)
resnet50_s5_b3_conv2_3x3,sparse_puma,MVM,0.0,7252.0,21,5,4 mapped MVMU block(s)
resnet50_s5_b3_conv2_3x3,sparse_puma,MVM,0.0,7156.0,22,5,4 mapped MVMU block(s)
resnet50_s5_b3_conv2_3x3,sparse_puma,MVM,0.0,7220.0,23,5,4 mapped MVMU block(s)
resnet50_s5_b3_conv2_3x3,sparse_puma,MVM,0.0,7236.0,24,6,4 mapped MVMU block(s)
resnet50_s5_b3_conv2_3x3,sparse_puma,MVM,0.0,7108.0,25,6,4 mapped MVMU block(s)
resnet50_s5_b3_conv2_3x3,sparse_puma,MVM,0.0,7220.0,26,6,4 mapped MVMU block(s)
resnet50_s5_b3_conv2_3x3,sparse_puma,MVM,0.0,7188.0,27,6,4 mapped MVMU block(s)
resnet50_s5_b3_conv2_3x3,sparse_puma,MVM,0.0,7092.0,28,7,4 mapped MVMU block(s)
resnet50_s5_b3_conv2_3x3,sparse_puma,MVM,0.0,7252.0,29,7,4 mapped MVMU block(s)
resnet50_s5_b3_conv2_3x3,sparse_puma,MVM,0.0,7140.0,30,7,4 mapped MVMU block(s)
resnet50_s5_b3_conv2_3x3,sparse_puma,MVM,0.0,7236.0,31,7,4 mapped MVMU block(s)
resnet50_s5_b3_conv2_3x3,sparse_puma,MVM,0.0,7092.0,32,8,4 mapped MVMU block(s)
resnet50_s5_b3_conv2_3x3,sparse_puma,MVM,0.0,6916.0,33,8,4 mapped MVMU block(s)
resnet50_s5_b3_conv2_3x3,sparse_puma,MVM,0.0,6900.0,34,8,4 mapped MVMU block(s)
resnet50_s5_b3_conv2_3x3,sparse_puma,MVM,0.0,7076.0,35,8,4 mapped MVMU block(s)
resnet50_s5_b3_conv2_3x3,sparse_puma,MVM,0.0,6836.0,36,9,4 mapped MVMU block(s)
resnet50_s5_b3_conv2_3x3,sparse_puma,MVM,0.0,7076.0,37,9,4 mapped MVMU block(s)
resnet50_s5_b3_conv2_3x3,sparse_puma,MVM,0.0,7124.0,38,9,4 mapped MVMU block(s)
resnet50_s5_b3_conv2_3x3,sparse_puma,MVM,0.0,6804.0,39,9,4 mapped MVMU block(s)
resnet50_s5_b3_conv2_3x3,sparse_puma,MVM,0.0,7060.0,40,10,4 mapped MVMU block(s)
resnet50_s5_b3_conv2_3x3,sparse_puma,MVM,0.0,7092.0,41,10,4 mapped MVMU block(s)
resnet50_s5_b3_conv2_3x3,sparse_puma,MVM,0.0,6788.0,42,10,4 mapped MVMU block(s)
resnet50_s5_b3_conv2_3x3,sparse_puma,MVM,0.0,7140.0,43,10,4 mapped MVMU block(s)
resnet50_s5_b3_conv2_3x3,sparse_puma,MVM,0.0,7044.0,44,11,4 mapped MVMU block(s)
resnet50_s5_b3_conv2_3x3,sparse_puma,MVM,0.0,6900.0,45,11,4 mapped MVMU block(s)
resnet50_s5_b3_conv2_3x3,sparse_puma,MVM,0.0,7092.0,46,11,4 mapped MVMU block(s)
resnet50_s5_b3_conv2_3x3,sparse_puma,MVM,0.0,6852.0,47,11,4 mapped MVMU block(s)
resnet50_s5_b3_conv2_3x3,sparse_puma,MVM,0.0,6404.0,48,12,4 mapped MVMU block(s)
resnet50_s5_b3_conv2_3x3,sparse_puma,MVM,0.0,6708.0,49,12,4 mapped MVMU block(s)
resnet50_s5_b3_conv2_3x3,sparse_puma,MVM,0.0,6756.0,50,12,4 mapped MVMU block(s)
resnet50_s5_b3_conv2_3x3,sparse_puma,MVM,0.0,6372.0,51,12,4 mapped MVMU block(s)
resnet50_s5_b3_conv2_3x3,sparse_puma,MVM,0.0,6836.0,52,13,4 mapped MVMU block(s)
resnet50_s5_b3_conv2_3x3,sparse_puma,MVM,0.0,6420.0,53,13,4 mapped MVMU block(s)
resnet50_s5_b3_conv2_3x3,sparse_puma,MVM,0.0,6404.0,54,13,4 mapped MVMU block(s)
resnet50_s5_b3_conv2_3x3,sparse_puma,MVM,0.0,6788.0,55,13,4 mapped MVMU block(s)
resnet50_s5_b3_conv2_3x3,sparse_puma,MVM,0.0,6500.0,56,14,4 mapped MVMU block(s)
resnet50_s5_b3_conv2_3x3,sparse_puma,MVM,0.0,6852.0,57,14,4 mapped MVMU block(s)
resnet50_s5_b3_conv2_3x3,sparse_puma,MVM,0.0,6788.0,58,14,4 mapped MVMU block(s)
resnet50_s5_b3_conv2_3x3,sparse_puma,MVM,0.0,6324.0,59,14,4 mapped MVMU block(s)
resnet50_s5_b3_conv2_3x3,sparse_puma,MVM,0.0,6788.0,60,15,4 mapped MVMU block(s)
resnet50_s5_b3_conv2_3x3,sparse_puma,MVM,0.0,6868.0,61,15,4 mapped MVMU block(s)
resnet50_s5_b3_conv2_3x3,sparse_puma,MVM,0.0,6596.0,62,15,4 mapped MVMU block(s)
resnet50_s5_b3_conv2_3x3,sparse_puma,MVM,0.0,6788.0,63,15,4 mapped MVMU block(s)
resnet50_s5_b3_conv2_3x3,sparse_puma,MVM,0.0,6228.0,64,16,4 mapped MVMU block(s)
resnet50_s5_b3_conv2_3x3,sparse_puma,MVM,0.0,5764.0,65,16,4 mapped MVMU block(s)
resnet50_s5_b3_conv2_3x3,sparse_puma,MVM,0.0,6340.0,66,16,4 mapped MVMU block(s)
resnet50_s5_b3_conv2_3x3,sparse_puma,MVM,0.0,6212.0,67,16,4 mapped MVMU block(s)
resnet50_s5_b3_conv2_3x3,sparse_puma,MVM,0.0,5940.0,68,17,4 mapped MVMU block(s)
resnet50_s5_b3_conv2_3x3,sparse_puma,MVM,0.0,6260.0,69,17,4 mapped MVMU block(s)
resnet50_s5_b3_conv2_3x3,sparse_puma,MVM,0.0,6292.0,70,17,4 mapped MVMU block(s)
resnet50_s5_b3_conv2_3x3,sparse_puma,MVM,0.0,6020.0,71,17,4 mapped MVMU block(s)
resnet50_s5_b3_conv2_3x3,sparse_puma,MVM,0.0,6212.0,72,18,4 mapped MVMU block(s)
resnet50_s5_b3_conv2_3x3,sparse_puma,MVM,0.0,5844.0,73,18,4 mapped MVMU block(s)
resnet50_s5_b3_conv2_3x3,sparse_puma,MVM,0.0,5796.0,74,18,4 mapped MVMU block(s)
resnet50_s5_b3_conv2_3x3,sparse_puma,MVM,0.0,6260.0,75,18,4 mapped MVMU block(s)
resnet50_s5_b3_conv2_3x3,sparse_puma,MVM,0.0,5940.0,76,19,4 mapped MVMU block(s)
resnet50_s5_b3_conv2_3x3,sparse_puma,MVM,0.0,6180.0,77,19,4 mapped MVMU block(s)
resnet50_s5_b3_conv2_3x3,sparse_puma,MVM,0.0,6212.0,78,19,4 mapped MVMU block(s)
resnet50_s5_b3_conv2_3x3,sparse_puma,MVM,0.0,5876.0,79,19,4 mapped MVMU block(s)
resnet50_s5_b3_conv2_3x3,sparse_puma,MVM,0.0,7316.0,80,20,4 mapped MVMU block(s)
resnet50_s5_b3_conv2_3x3,sparse_puma,MVM,0.0,7460.0,81,20,4 mapped MVMU block(s)
resnet50_s5_b3_conv2_3x3,sparse_puma,MVM,0.0,7220.0,82,20,4 mapped MVMU block(s)
resnet50_s5_b3_conv2_3x3,sparse_puma,MVM,0.0,7460.0,83,20,4 mapped MVMU block(s)
resnet50_s5_b3_conv2_3x3,sparse_puma,MVM,0.0,7412.0,84,21,4 mapped MVMU block(s)
resnet50_s5_b3_conv2_3x3,sparse_puma,MVM,0.0,7268.0,85,21,4 mapped MVMU block(s)
resnet50_s5_b3_conv2_3x3,sparse_puma,MVM,0.0,7476.0,86,21,4 mapped MVMU block(s)
resnet50_s5_b3_conv2_3x3,sparse_puma,MVM,0.0,7492.0,87,21,4 mapped MVMU block(s)
resnet50_s5_b3_conv2_3x3,sparse_puma,MVM,0.0,7220.0,88,22,4 mapped MVMU block(s)
resnet50_s5_b3_conv2_3x3,sparse_puma,MVM,0.0,7476.0,89,22,4 mapped MVMU block(s)
resnet50_s5_b3_conv2_3x3,sparse_puma,MVM,0.0,7476.0,90,22,4 mapped MVMU block(s)
resnet50_s5_b3_conv2_3x3,sparse_puma,MVM,0.0,7348.0,91,22,4 mapped MVMU block(s)
resnet50_s5_b3_conv2_3x3,sparse_puma,MVM,0.0,7540.0,92,23,4 mapped MVMU block(s)
resnet50_s5_b3_conv2_3x3,sparse_puma,MVM,0.0,7252.0,93,23,4 mapped MVMU block(s)
resnet50_s5_b3_conv2_3x3,sparse_puma,MVM,0.0,7220.0,94,23,4 mapped MVMU block(s)
resnet50_s5_b3_conv2_3x3,sparse_puma,MVM,0.0,7524.0,95,23,4 mapped MVMU block(s)
resnet50_s5_b3_conv2_3x3,sparse_puma,MVM,0.0,7220.0,96,24,4 mapped MVMU block(s)
resnet50_s5_b3_conv2_3x3,sparse_puma,MVM,0.0,7124.0,97,24,4 mapped MVMU block(s)
resnet50_s5_b3_conv2_3x3,sparse_puma,MVM,0.0,7172.0,98,24,4 mapped MVMU block(s)
resnet50_s5_b3_conv2_3x3,sparse_puma,MVM,0.0,7188.0,99,24,4 mapped MVMU block(s)
resnet50_s5_b3_conv2_3x3,sparse_puma,MVM,0.0,7172.0,100,25,4 mapped MVMU block(s)
resnet50_s5_b3_conv2_3x3,sparse_puma,MVM,0.0,7268.0,101,25,4 mapped MVMU block(s)
resnet50_s5_b3_conv2_3x3,sparse_puma,MVM,0.0,7156.0,102,25,4 mapped MVMU block(s)
resnet50_s5_b3_conv2_3x3,sparse_puma,MVM,0.0,7220.0,103,25,4 mapped MVMU block(s)
resnet50_s5_b3_conv2_3x3,sparse_puma,MVM,0.0,7204.0,104,26,4 mapped MVMU block(s)
resnet50_s5_b3_conv2_3x3,sparse_puma,MVM,0.0,7124.0,105,26,4 mapped MVMU block(s)
resnet50_s5_b3_conv2_3x3,sparse_puma,MVM,0.0,7220.0,106,26,4 mapped MVMU block(s)
resnet50_s5_b3_conv2_3x3,sparse_puma,MVM,0.0,7236.0,107,26,4 mapped MVMU block(s)
resnet50_s5_b3_conv2_3x3,sparse_puma,MVM,0.0,7092.0,108,27,4 mapped MVMU block(s)
resnet50_s5_b3_conv2_3x3,sparse_puma,MVM,0.0,7220.0,109,27,4 mapped MVMU block(s)
resnet50_s5_b3_conv2_3x3,sparse_puma,MVM,0.0,7252.0,110,27,4 mapped MVMU block(s)
resnet50_s5_b3_conv2_3x3,sparse_puma,MVM,0.0,7108.0,111,27,4 mapped MVMU block(s)
resnet50_s5_b3_conv2_3x3,sparse_puma,MVM,0.0,7044.0,112,28,4 mapped MVMU block(s)
resnet50_s5_b3_conv2_3x3,sparse_puma,MVM,0.0,7092.0,113,28,4 mapped MVMU block(s)
resnet50_s5_b3_conv2_3x3,sparse_puma,MVM,0.0,6836.0,114,28,4 mapped MVMU block(s)
resnet50_s5_b3_conv2_3x3,sparse_puma,MVM,0.0,7092.0,115,28,4 mapped MVMU block(s)
resnet50_s5_b3_conv2_3x3,sparse_puma,MVM,0.0,7060.0,116,29,4 mapped MVMU block(s)
resnet50_s5_b3_conv2_3x3,sparse_puma,MVM,0.0,6852.0,117,29,4 mapped MVMU block(s)
resnet50_s5_b3_conv2_3x3,sparse_puma,MVM,0.0,7108.0,118,29,4 mapped MVMU block(s)
resnet50_s5_b3_conv2_3x3,sparse_puma,MVM,0.0,6964.0,119,29,4 mapped MVMU block(s)
resnet50_s5_b3_conv2_3x3,sparse_puma,MVM,0.0,6900.0,120,30,4 mapped MVMU block(s)
resnet50_s5_b3_conv2_3x3,sparse_puma,MVM,0.0,7076.0,121,30,4 mapped MVMU block(s)
resnet50_s5_b3_conv2_3x3,sparse_puma,MVM,0.0,6916.0,122,30,4 mapped MVMU block(s)
resnet50_s5_b3_conv2_3x3,sparse_puma,MVM,0.0,7108.0,123,30,4 mapped MVMU block(s)
resnet50_s5_b3_conv2_3x3,sparse_puma,MVM,0.0,7028.0,124,31,4 mapped MVMU block(s)
resnet50_s5_b3_conv2_3x3,sparse_puma,MVM,0.0,6916.0,125,31,4 mapped MVMU block(s)
resnet50_s5_b3_conv2_3x3,sparse_puma,MVM,0.0,7092.0,126,31,4 mapped MVMU block(s)
resnet50_s5_b3_conv2_3x3,sparse_puma,MVM,0.0,7108.0,127,31,4 mapped MVMU block(s)
resnet50_s5_b3_conv2_3x3,sparse_puma,MVM,0.0,6372.0,128,32,4 mapped MVMU block(s)
resnet50_s5_b3_conv2_3x3,sparse_puma,MVM,0.0,6708.0,129,32,4 mapped MVMU block(s)
resnet50_s5_b3_conv2_3x3,sparse_puma,MVM,0.0,6676.0,130,32,4 mapped MVMU block(s)
resnet50_s5_b3_conv2_3x3,sparse_puma,MVM,0.0,6372.0,131,32,4 mapped MVMU block(s)
resnet50_s5_b3_conv2_3x3,sparse_puma,MVM,0.0,6836.0,132,33,4 mapped MVMU block(s)
resnet50_s5_b3_conv2_3x3,sparse_puma,MVM,0.0,6804.0,133,33,4 mapped MVMU block(s)
resnet50_s5_b3_conv2_3x3,sparse_puma,MVM,0.0,6372.0,134,33,4 mapped MVMU block(s)
resnet50_s5_b3_conv2_3x3,sparse_puma,MVM,0.0,6724.0,135,33,4 mapped MVMU block(s)
resnet50_s5_b3_conv2_3x3,sparse_puma,MVM,0.0,6756.0,136,34,4 mapped MVMU block(s)
resnet50_s5_b3_conv2_3x3,sparse_puma,MVM,0.0,6500.0,137,34,4 mapped MVMU block(s)
resnet50_s5_b3_conv2_3x3,sparse_puma,MVM,0.0,6804.0,138,34,4 mapped MVMU block(s)
resnet50_s5_b3_conv2_3x3,sparse_puma,MVM,0.0,6372.0,139,34,4 mapped MVMU block(s)
resnet50_s5_b3_conv2_3x3,sparse_puma,MVM,0.0,6436.0,140,35,4 mapped MVMU block(s)
resnet50_s5_b3_conv2_3x3,sparse_puma,MVM,0.0,6740.0,141,35,4 mapped MVMU block(s)
resnet50_s5_b3_conv2_3x3,sparse_puma,MVM,0.0,6452.0,142,35,4 mapped MVMU block(s)
resnet50_s5_b3_conv2_3x3,sparse_puma,MVM,0.0,6772.0,143,35,4 mapped MVMU block(s)
resnet50_s5_b3_conv2_3x3,sparse_puma,CHAIN_REDUCE,7540.0,15436.0,,,"144 core(s), 36 tile(s)"
resnet50_s5_b3_conv3_1x1,sparse_puma,MVM,0.0,7508.0,0,0,4 mapped MVMU block(s)
resnet50_s5_b3_conv3_1x1,sparse_puma,MVM,0.0,7508.0,1,0,4 mapped MVMU block(s)
resnet50_s5_b3_conv3_1x1,sparse_puma,MVM,0.0,7268.0,2,0,4 mapped MVMU block(s)
resnet50_s5_b3_conv3_1x1,sparse_puma,MVM,0.0,7428.0,3,0,4 mapped MVMU block(s)
resnet50_s5_b3_conv3_1x1,sparse_puma,MVM,0.0,7252.0,4,1,4 mapped MVMU block(s)
resnet50_s5_b3_conv3_1x1,sparse_puma,MVM,0.0,7492.0,5,1,4 mapped MVMU block(s)
resnet50_s5_b3_conv3_1x1,sparse_puma,MVM,0.0,7300.0,6,1,4 mapped MVMU block(s)
resnet50_s5_b3_conv3_1x1,sparse_puma,MVM,0.0,7444.0,7,1,4 mapped MVMU block(s)
resnet50_s5_b3_conv3_1x1,sparse_puma,MVM,0.0,7332.0,8,2,4 mapped MVMU block(s)
resnet50_s5_b3_conv3_1x1,sparse_puma,MVM,0.0,7428.0,9,2,4 mapped MVMU block(s)
resnet50_s5_b3_conv3_1x1,sparse_puma,MVM,0.0,7252.0,10,2,4 mapped MVMU block(s)
resnet50_s5_b3_conv3_1x1,sparse_puma,MVM,0.0,7428.0,11,2,4 mapped MVMU block(s)
resnet50_s5_b3_conv3_1x1,sparse_puma,MVM,0.0,7492.0,12,3,4 mapped MVMU block(s)
resnet50_s5_b3_conv3_1x1,sparse_puma,MVM,0.0,7348.0,13,3,4 mapped MVMU block(s)
resnet50_s5_b3_conv3_1x1,sparse_puma,MVM,0.0,7476.0,14,3,4 mapped MVMU block(s)
resnet50_s5_b3_conv3_1x1,sparse_puma,MVM,0.0,7300.0,15,3,4 mapped MVMU block(s)
resnet50_s5_b3_conv3_1x1,sparse_puma,MVM,0.0,7444.0,16,4,4 mapped MVMU block(s)
resnet50_s5_b3_conv3_1x1,sparse_puma,MVM,0.0,7300.0,17,4,4 mapped MVMU block(s)
resnet50_s5_b3_conv3_1x1,sparse_puma,MVM,0.0,7460.0,18,4,4 mapped MVMU block(s)
resnet50_s5_b3_conv3_1x1,sparse_puma,MVM,0.0,7316.0,19,4,4 mapped MVMU block(s)
resnet50_s5_b3_conv3_1x1,sparse_puma,MVM,0.0,7556.0,20,5,4 mapped MVMU block(s)
resnet50_s5_b3_conv3_1x1,sparse_puma,MVM,0.0,7284.0,21,5,4 mapped MVMU block(s)
resnet50_s5_b3_conv3_1x1,sparse_puma,MVM,0.0,7460.0,22,5,4 mapped MVMU block(s)
resnet50_s5_b3_conv3_1x1,sparse_puma,MVM,0.0,7428.0,23,5,4 mapped MVMU block(s)
resnet50_s5_b3_conv3_1x1,sparse_puma,MVM,0.0,7476.0,24,6,4 mapped MVMU block(s)
resnet50_s5_b3_conv3_1x1,sparse_puma,MVM,0.0,7332.0,25,6,4 mapped MVMU block(s)
resnet50_s5_b3_conv3_1x1,sparse_puma,MVM,0.0,7412.0,26,6,4 mapped MVMU block(s)
resnet50_s5_b3_conv3_1x1,sparse_puma,MVM,0.0,7508.0,27,6,4 mapped MVMU block(s)
resnet50_s5_b3_conv3_1x1,sparse_puma,MVM,0.0,7316.0,28,7,4 mapped MVMU block(s)
resnet50_s5_b3_conv3_1x1,sparse_puma,MVM,0.0,7524.0,29,7,4 mapped MVMU block(s)
resnet50_s5_b3_conv3_1x1,sparse_puma,MVM,0.0,7300.0,30,7,4 mapped MVMU block(s)
resnet50_s5_b3_conv3_1x1,sparse_puma,MVM,0.0,7508.0,31,7,4 mapped MVMU block(s)
resnet50_s5_b3_conv3_1x1,sparse_puma,MVM,0.0,7204.0,32,8,4 mapped MVMU block(s)
resnet50_s5_b3_conv3_1x1,sparse_puma,MVM,0.0,7476.0,33,8,4 mapped MVMU block(s)
resnet50_s5_b3_conv3_1x1,sparse_puma,MVM,0.0,7332.0,34,8,4 mapped MVMU block(s)
resnet50_s5_b3_conv3_1x1,sparse_puma,MVM,0.0,7556.0,35,8,4 mapped MVMU block(s)
resnet50_s5_b3_conv3_1x1,sparse_puma,MVM,0.0,7316.0,36,9,4 mapped MVMU block(s)
resnet50_s5_b3_conv3_1x1,sparse_puma,MVM,0.0,7428.0,37,9,4 mapped MVMU block(s)
resnet50_s5_b3_conv3_1x1,sparse_puma,MVM,0.0,7444.0,38,9,4 mapped MVMU block(s)
resnet50_s5_b3_conv3_1x1,sparse_puma,MVM,0.0,7300.0,39,9,4 mapped MVMU block(s)
resnet50_s5_b3_conv3_1x1,sparse_puma,MVM,0.0,7332.0,40,10,4 mapped MVMU block(s)
resnet50_s5_b3_conv3_1x1,sparse_puma,MVM,0.0,7348.0,41,10,4 mapped MVMU block(s)
resnet50_s5_b3_conv3_1x1,sparse_puma,MVM,0.0,7444.0,42,10,4 mapped MVMU block(s)
resnet50_s5_b3_conv3_1x1,sparse_puma,MVM,0.0,7284.0,43,10,4 mapped MVMU block(s)
resnet50_s5_b3_conv3_1x1,sparse_puma,MVM,0.0,7556.0,44,11,4 mapped MVMU block(s)
resnet50_s5_b3_conv3_1x1,sparse_puma,MVM,0.0,7252.0,45,11,4 mapped MVMU block(s)
resnet50_s5_b3_conv3_1x1,sparse_puma,MVM,0.0,7444.0,46,11,4 mapped MVMU block(s)
resnet50_s5_b3_conv3_1x1,sparse_puma,MVM,0.0,7284.0,47,11,4 mapped MVMU block(s)
resnet50_s5_b3_conv3_1x1,sparse_puma,MVM,0.0,7492.0,48,12,4 mapped MVMU block(s)
resnet50_s5_b3_conv3_1x1,sparse_puma,MVM,0.0,7284.0,49,12,4 mapped MVMU block(s)
resnet50_s5_b3_conv3_1x1,sparse_puma,MVM,0.0,7380.0,50,12,4 mapped MVMU block(s)
resnet50_s5_b3_conv3_1x1,sparse_puma,MVM,0.0,7300.0,51,12,4 mapped MVMU block(s)
resnet50_s5_b3_conv3_1x1,sparse_puma,MVM,0.0,7556.0,52,13,4 mapped MVMU block(s)
resnet50_s5_b3_conv3_1x1,sparse_puma,MVM,0.0,7476.0,53,13,4 mapped MVMU block(s)
resnet50_s5_b3_conv3_1x1,sparse_puma,MVM,0.0,7268.0,54,13,4 mapped MVMU block(s)
resnet50_s5_b3_conv3_1x1,sparse_puma,MVM,0.0,7444.0,55,13,4 mapped MVMU block(s)
resnet50_s5_b3_conv3_1x1,sparse_puma,MVM,0.0,7508.0,56,14,4 mapped MVMU block(s)
resnet50_s5_b3_conv3_1x1,sparse_puma,MVM,0.0,7524.0,57,14,4 mapped MVMU block(s)
resnet50_s5_b3_conv3_1x1,sparse_puma,MVM,0.0,7236.0,58,14,4 mapped MVMU block(s)
resnet50_s5_b3_conv3_1x1,sparse_puma,MVM,0.0,7476.0,59,14,4 mapped MVMU block(s)
resnet50_s5_b3_conv3_1x1,sparse_puma,MVM,0.0,7236.0,60,15,4 mapped MVMU block(s)
resnet50_s5_b3_conv3_1x1,sparse_puma,MVM,0.0,7460.0,61,15,4 mapped MVMU block(s)
resnet50_s5_b3_conv3_1x1,sparse_puma,MVM,0.0,7268.0,62,15,4 mapped MVMU block(s)
resnet50_s5_b3_conv3_1x1,sparse_puma,MVM,0.0,7412.0,63,15,4 mapped MVMU block(s)
resnet50_s5_b3_conv3_1x1,sparse_puma,CHAIN_REDUCE,7556.0,10988.0,,,"64 core(s), 16 tile(s)"
